timestamp,acc_x,acc_y,acc_z,bvp,eda,hr,temp,relative_time,phase
2013-06-30 09:59:54.000,0.875,-5.125,64.125,11.815,1.106873,78.0,34.03,0.0,baseline
2013-06-30 09:59:54.250,1.0,-5.0,64.0,-11.903125,1.120961,77.68,34.03,0.25,baseline
2013-06-30 09:59:54.500,1.0,-5.0,64.125,13.142,1.131206,77.41,34.03,0.5,baseline
2013-06-30 09:59:54.750,0.875,-5.0,64.25,10.531875,1.141452,77.18,34.03,0.75,baseline
2013-06-30 09:59:55.000,1.0,-5.0,64.125,-4.96,1.150417,77.0,34.03,1.0,baseline
2013-06-30 09:59:55.250,0.875,-5.0,64.0,-3.065333,1.164505,76.86,34.03,1.25,baseline
2013-06-30 09:59:55.500,1.0,-5.0,64.111,-9.955625,1.196523,76.76,34.03,1.5,baseline
2013-06-30 09:59:55.750,1.0,-5.0,64.125,17.046667,1.242629,76.7,34.03,1.75,baseline
2013-06-30 09:59:56.000,1.0,-5.0,64.0,-3.2375,1.287454,76.67,34.0,2.0,baseline
2013-06-30 09:59:56.250,0.875,-5.0,64.0,6.25,1.31691,76.68,34.0,2.25,baseline
2013-06-30 09:59:56.500,0.875,-5.0,64.125,-20.478667,1.333559,76.73,34.0,2.5,baseline
2013-06-30 09:59:56.750,1.0,-5.0,64.0,-2.410625,1.345086,76.83,34.0,2.75,baseline
2013-06-30 09:59:57.000,0.75,-5.0,64.25,12.98125,1.347647,77.0,34.03,3.0,baseline
2013-06-30 09:59:57.250,1.0,-5.0,64.125,-12.526,1.346366,77.24,34.03,3.25,baseline
2013-06-30 09:59:57.500,1.0,-5.125,64.375,19.76625,1.337401,77.55,34.03,3.5,baseline
2013-06-30 09:59:57.750,1.0,-5.0,64.375,3.041333,1.322033,77.94,34.03,3.75,baseline
2013-06-30 09:59:58.000,1.0,-5.125,64.125,-18.32625,1.309226,78.4,34.0,4.0,baseline
2013-06-30 09:59:58.250,0.5,-5.125,64.125,7.72,1.296419,78.92,34.0,4.25,baseline
2013-06-30 09:59:58.500,0.875,-5.5,64.125,-20.472,1.282331,79.47,34.0,4.5,baseline
2013-06-30 09:59:58.750,1.125,-5.125,64.0,8.314375,1.279769,80.01,34.0,4.75,baseline
2013-06-30 09:59:59.000,1.0,-5.0,64.125,3.45125,1.265681,80.5,34.0,5.0,baseline
2013-06-30 09:59:59.250,1.0,-5.0,64.25,-1.968667,1.268243,80.9,34.0,5.25,baseline
2013-06-30 09:59:59.500,1.0,-5.0,64.111,4.14125,1.269524,81.24,34.0,5.5,baseline
2013-06-30 09:59:59.750,0.75,-5.125,64.375,8.31,1.277208,81.55,34.0,5.75,baseline
2013-06-30 10:00:00.000,0.75,-5.0,64.0,-2.531875,1.283611,81.86,34.03,6.0,baseline
2013-06-30 10:00:00.250,1.0,-5.0,64.0,-39.774375,1.288734,82.19,34.03,6.25,baseline
2013-06-30 10:00:00.500,0.875,-5.125,64.0,26.957333,1.291296,82.54,34.03,6.5,baseline
2013-06-30 10:00:00.750,1.0,-5.0,64.0,18.661875,1.287454,82.9,34.03,6.75,baseline
2013-06-30 10:00:01.000,1.0,-5.0,64.375,-18.3975,1.283611,83.25,34.03,7.0,baseline
2013-06-30 10:00:01.250,0.875,-5.0,64.0,1.233333,1.274646,83.58,34.03,7.25,baseline
2013-06-30 10:00:01.500,1.25,-5.125,64.0,-11.85375,1.270804,83.89,34.03,7.5,baseline
2013-06-30 10:00:01.750,1.0,-5.0,64.5,16.098,1.257997,84.18,34.03,7.75,baseline
2013-06-30 10:00:02.000,1.125,-5.0,64.25,12.586875,1.249032,84.44,34.0,8.0,baseline
2013-06-30 10:00:02.250,1.0,-5.0,64.0,-2.34,1.240067,84.67,34.0,8.25,baseline
2013-06-30 10:00:02.500,1.0,-5.0,64.25,9.373333,1.229821,84.9,34.0,8.5,baseline
2013-06-30 10:00:02.750,0.75,-5.0,64.0,-14.028125,1.222137,85.14,34.0,8.75,baseline
2013-06-30 10:00:03.000,0.625,-5.25,64.25,22.064375,1.218295,85.4,34.05,9.0,baseline
2013-06-30 10:00:03.250,0.778,-5.0,64.0,20.262,1.210611,85.71,34.05,9.25,baseline
2013-06-30 10:00:03.500,0.875,-5.0,64.375,0.115625,1.204207,86.04,34.05,9.5,baseline
2013-06-30 10:00:03.750,1.0,-5.125,64.125,6.104667,1.200365,86.39,34.05,9.75,baseline
2013-06-30 10:00:04.000,0.875,-5.125,64.125,-36.678125,1.195242,86.73,34.03,10.0,baseline
2013-06-30 10:00:04.250,0.625,-5.0,64.125,-1.836875,1.196523,87.04,34.03,10.25,baseline
2013-06-30 10:00:04.500,1.0,-5.0,64.125,4.42,1.193961,87.33,34.03,10.5,baseline
2013-06-30 10:00:04.750,1.25,-5.0,64.25,-32.74125,1.186277,87.59,34.03,10.75,baseline
2013-06-30 10:00:05.000,1.375,-5.0,64.0,-41.133125,1.183716,87.83,34.0,11.0,baseline
2013-06-30 10:00:05.250,1.625,-5.0,64.5,-28.003333,1.179874,88.05,34.0,11.25,baseline
2013-06-30 10:00:05.500,1.875,-5.0,64.125,54.216875,1.179874,88.26,34.0,11.5,baseline
2013-06-30 10:00:05.750,1.5,-5.0,64.0,30.894,1.179874,88.47,34.0,11.75,baseline
2013-06-30 10:00:06.000,1.875,-5.0,64.125,-1.713125,1.183716,88.69,34.0,12.0,baseline
2013-06-30 10:00:06.250,2.0,-5.0,64.0,-9.361875,1.192681,88.92,34.0,12.25,baseline
2013-06-30 10:00:06.500,2.0,-5.0,64.125,23.865333,1.210611,89.16,34.0,12.5,baseline
2013-06-30 10:00:06.750,2.0,-5.0,64.0,2.48,1.228541,89.4,34.0,12.75,baseline
2013-06-30 10:00:07.000,2.0,-5.0,64.0,10.176875,1.242629,89.64,34.03,13.0,baseline
2013-06-30 10:00:07.250,2.0,-5.0,64.0,37.665333,1.251594,89.86,34.03,13.25,baseline
2013-06-30 10:00:07.500,2.0,-5.0,64.25,-41.795,1.257997,90.08,34.03,13.5,baseline
2013-06-30 10:00:07.750,2.0,-5.0,64.0,-7.214667,1.260559,90.28,34.03,13.75,baseline
2013-06-30 10:00:08.000,2.0,-5.0,64.125,2.239375,1.264401,90.47,34.03,14.0,baseline
2013-06-30 10:00:08.250,2.0,-5.0,64.0,10.993125,1.261839,90.66,34.03,14.25,baseline
2013-06-30 10:00:08.500,2.0,-5.0,64.0,2.134,1.257997,90.84,34.03,14.5,baseline
2013-06-30 10:00:08.750,2.25,-5.0,64.0,-17.680625,1.257997,91.01,34.03,14.75,baseline
2013-06-30 10:00:09.000,2.0,-5.0,64.125,13.458125,1.250313,91.19,34.03,15.0,baseline
2013-06-30 10:00:09.250,2.0,-5.0,64.0,-11.839333,1.249032,91.36,34.03,15.25,baseline
2013-06-30 10:00:09.500,2.25,-5.0,64.0,3.09,1.24519,91.54,34.03,15.5,baseline
2013-06-30 10:00:09.750,5.25,-5.25,64.0,5.578,1.241348,91.71,34.03,15.75,baseline
2013-06-30 10:00:10.000,3.875,-4.875,64.0,-14.9525,1.236225,91.88,34.05,16.0,baseline
2013-06-30 10:00:10.250,3.875,-5.0,64.125,17.154375,1.218295,92.05,34.05,16.25,baseline
2013-06-30 10:00:10.500,4.125,-5.0,64.0,-3.704667,1.210611,92.21,34.05,16.5,baseline
2013-06-30 10:00:10.750,3.875,-5.0,64.0,-9.068125,1.213172,92.36,34.05,16.75,baseline
2013-06-30 10:00:11.000,3.778,-5.0,64.222,2.62125,1.217014,92.5,34.05,17.0,baseline
2013-06-30 10:00:11.250,0.25,-4.625,64.625,-5.911333,1.238786,92.62,34.05,17.25,baseline
2013-06-30 10:00:11.500,0.625,-4.125,64.375,72.17875,1.268243,92.73,34.05,17.5,baseline
2013-06-30 10:00:11.750,1.25,-4.25,64.25,64.016,1.291296,92.8,34.05,17.75,baseline
2013-06-30 10:00:12.000,-0.75,-4.375,65.0,-293.709375,1.328436,92.84,34.0,18.0,baseline
2013-06-30 10:00:12.250,-8.75,-4.25,63.875,99.06875,1.3707,92.85,34.0,18.25,baseline
2013-06-30 10:00:12.500,-19.875,-2.125,62.0,8.673333,1.392472,92.83,34.0,18.5,baseline
2013-06-30 10:00:12.750,-29.875,-3.25,56.25,0.866875,1.33484,92.81,34.0,18.75,baseline
2013-06-30 10:00:13.000,-30.625,-3.0,56.25,88.6275,1.386069,92.8,34.03,19.0,baseline
2013-06-30 10:00:13.250,-28.375,-2.0,58.875,-44.16,1.416806,92.82,34.03,19.25,baseline
2013-06-30 10:00:13.500,-30.625,-1.375,57.5,-208.500625,1.447543,92.85,34.03,19.5,baseline
2013-06-30 10:00:13.750,-31.25,-15.375,61.125,283.898667,1.46035,92.88,34.03,19.75,baseline
2013-06-30 10:00:14.000,-26.25,-39.125,55.5,301.67375,1.502614,92.9,34.0,20.0,baseline
2013-06-30 10:00:14.250,-23.625,-30.375,41.875,34.72125,1.42587,92.89,34.0,20.25,baseline
2013-06-30 10:00:14.500,-24.875,-12.875,47.375,-499.566,1.519362,92.87,34.0,20.5,baseline
2013-06-30 10:00:14.750,-27.5,-33.875,55.75,-355.245,1.591082,92.84,34.0,20.75,baseline
2013-06-30 10:00:15.000,-14.667,-45.111,41.444,595.91125,1.614135,92.82,34.03,21.0,baseline
2013-06-30 10:00:15.250,-20.875,-56.625,30.375,60.802667,1.6231,92.81,34.03,21.25,baseline
2013-06-30 10:00:15.500,-22.75,-51.875,30.625,-241.3175,1.617977,92.82,34.03,21.5,baseline
2013-06-30 10:00:15.750,-32.75,-62.25,30.5,-194.16,1.620538,92.83,34.03,21.75,baseline
2013-06-30 10:00:16.000,-36.125,-54.625,12.125,-105.6725,1.600047,92.83,34.05,22.0,baseline
2013-06-30 10:00:16.250,-25.25,-53.875,35.375,351.565625,1.593643,92.82,34.05,22.25,baseline
2013-06-30 10:00:16.500,-20.75,-34.25,43.375,-20.389333,1.578275,92.81,34.05,22.5,baseline
2013-06-30 10:00:16.750,-33.25,-16.875,53.75,45.870625,1.566748,92.8,34.05,22.75,baseline
2013-06-30 10:00:17.000,-42.625,-26.375,49.375,50.475,1.547538,92.79,34.05,23.0,baseline
2013-06-30 10:00:17.250,-29.625,-25.5,55.5,-24.734,1.539853,92.79,34.05,23.25,baseline
2013-06-30 10:00:17.500,-20.25,-26.0,49.25,-130.27125,1.537292,92.8,34.05,23.5,baseline
2013-06-30 10:00:17.750,-29.25,-13.25,64.125,-11.851333,1.550099,92.8,34.05,23.75,baseline
2013-06-30 10:00:18.000,-26.875,-30.5,53.75,43.4625,1.565468,92.8,34.09,24.0,baseline
2013-06-30 10:00:18.250,-7.25,-29.875,50.125,-121.414375,1.579555,92.78,34.09,24.25,baseline
2013-06-30 10:00:18.500,-17.25,-37.25,55.875,-62.444,1.600047,92.76,34.09,24.5,baseline
2013-06-30 10:00:18.750,-24.444,-19.0,55.667,116.536875,1.607731,92.74,34.09,24.75,baseline
2013-06-30 10:00:19.000,-24.125,-38.375,58.25,169.553125,1.625661,92.73,34.13,25.0,baseline
2013-06-30 10:00:19.250,-22.875,-22.375,45.625,44.917333,1.635907,92.74,34.13,25.25,baseline
2013-06-30 10:00:19.500,-34.375,-29.5,55.125,-71.84625,1.646152,92.75,34.13,25.5,baseline
2013-06-30 10:00:19.750,-31.0,-26.75,46.625,-18.832,1.64231,92.77,34.13,25.75,baseline
2013-06-30 10:00:20.000,-35.625,-25.25,48.0,50.146875,1.64103,92.78,34.16,26.0,baseline
2013-06-30 10:00:20.250,-33.875,-10.625,52.25,-55.271875,1.64103,92.78,34.16,26.25,baseline
2013-06-30 10:00:20.500,-11.125,-26.75,62.75,-70.09,1.67817,92.76,34.16,26.5,baseline
2013-06-30 10:00:20.750,-24.875,-30.625,53.625,-23.73,1.742206,92.75,34.16,26.75,baseline
2013-06-30 10:00:21.000,-22.5,-22.25,52.5,25.36125,1.810084,92.75,34.21,27.0,baseline
2013-06-30 10:00:21.250,-18.5,-31.125,54.0,-7.067333,1.825453,92.77,34.21,27.25,baseline
2013-06-30 10:00:21.500,-22.0,-22.0,59.875,-9.460625,1.849786,92.79,34.21,27.5,baseline
2013-06-30 10:00:21.750,-21.75,-35.0,56.875,11.374667,1.851067,92.83,34.21,27.75,baseline
2013-06-30 10:00:22.000,-12.5,-29.625,51.5,-17.743125,1.849786,92.86,34.25,28.0,baseline
2013-06-30 10:00:22.250,-13.375,-32.0,56.375,-13.18,1.835698,92.88,34.25,28.25,baseline
2013-06-30 10:00:22.500,-16.375,-15.5,52.125,24.912,1.822891,92.9,34.25,28.5,baseline
2013-06-30 10:00:22.750,-29.222,-26.778,61.0,123.7325,1.824172,92.92,34.25,28.75,baseline
2013-06-30 10:00:23.000,-15.5,-29.0,53.75,-89.05625,1.835698,92.93,34.25,29.0,baseline
2013-06-30 10:00:23.250,-16.625,-28.75,51.875,-39.309333,1.848505,92.95,34.25,29.25,baseline
2013-06-30 10:00:23.500,-19.75,-11.0,58.5,-41.266875,1.843382,92.96,34.25,29.5,baseline
2013-06-30 10:00:23.750,-20.375,-46.125,60.625,11.967333,1.843382,92.98,34.25,29.75,baseline
2013-06-30 10:00:24.000,-23.25,-19.875,44.125,3.866875,1.83954,93.0,34.25,30.0,baseline
2013-06-30 10:00:24.250,-22.625,-32.875,57.875,15.73,1.824172,93.02,34.25,30.25,baseline
2013-06-30 10:00:24.500,-11.25,-36.5,53.5,-1.504,1.801119,93.04,34.25,30.5,baseline
2013-06-30 10:00:24.750,-2.625,-37.625,53.25,56.459375,1.771662,93.05,34.25,30.75,baseline
2013-06-30 10:00:25.000,-11.5,-28.875,54.0,32.825625,1.737083,93.06,34.23,31.0,baseline
2013-06-30 10:00:25.250,-18.5,-23.625,57.0,-4.324,1.698662,93.07,34.23,31.25,baseline
2013-06-30 10:00:25.500,-17.125,-22.75,60.125,-16.97625,1.664083,93.07,34.23,31.5,baseline
2013-06-30 10:00:25.750,-19.125,-9.625,57.5,41.86,1.644872,93.07,34.23,31.75,baseline
2013-06-30 10:00:26.000,-14.75,-7.75,65.0,22.273125,1.628223,93.06,34.25,32.0,baseline
2013-06-30 10:00:26.250,-23.375,-24.375,61.625,-65.66875,1.619258,93.05,34.25,32.25,baseline
2013-06-30 10:00:26.500,-23.778,-10.111,54.111,-35.555333,1.625661,93.05,34.25,32.5,baseline
2013-06-30 10:00:26.750,-61.5,-11.625,33.0,-8.77,1.643591,93.05,34.25,32.75,baseline
2013-06-30 10:00:27.000,-49.75,-14.75,29.375,-19.595625,1.662802,93.06,34.25,33.0,baseline
2013-06-30 10:00:27.250,-61.375,-24.75,23.25,-30.597333,1.684574,93.08,34.25,33.25,baseline
2013-06-30 10:00:27.500,-54.0,-5.75,21.125,-15.04125,1.674328,93.11,34.25,33.5,baseline
2013-06-30 10:00:27.750,-68.75,-15.875,18.0,31.359333,1.639749,93.15,34.25,33.75,baseline
2013-06-30 10:00:28.000,-55.25,-13.125,22.25,0.715625,1.58852,93.17,34.27,34.0,baseline
2013-06-30 10:00:28.250,-55.625,-19.125,28.25,8.590625,1.565468,93.18,34.27,34.25,baseline
2013-06-30 10:00:28.500,-54.75,-16.0,31.25,59.141333,1.541134,93.19,34.27,34.5,baseline
2013-06-30 10:00:28.750,-55.25,-19.5,26.5,-3.674375,1.519362,93.19,34.27,34.75,baseline
2013-06-30 10:00:29.000,-58.125,-13.75,24.375,119.504375,1.495028,93.19,34.29,35.0,baseline
2013-06-30 10:00:29.250,-59.625,-14.375,24.5,145.847333,1.475818,93.19,34.29,35.25,baseline
2013-06-30 10:00:29.500,-55.875,-11.5,21.5,-125.189375,1.466853,93.2,34.29,35.5,baseline
2013-06-30 10:00:29.750,-59.25,-18.25,30.5,-89.809333,1.457888,93.21,34.29,35.75,baseline
2013-06-30 10:00:30.000,-57.875,-13.5,19.875,-55.635625,1.452765,93.22,34.31,36.0,baseline
2013-06-30 10:00:30.250,-58.375,-9.25,19.75,-109.641875,1.459168,93.23,34.31,36.25,baseline
2013-06-30 10:00:30.500,-63.444,-10.556,24.111,40.461333,1.460449,93.24,34.31,36.5,baseline
2013-06-30 10:00:30.750,-57.5,-15.125,24.625,-50.928125,1.466853,93.25,34.31,36.75,baseline
2013-06-30 10:00:31.000,-54.75,-9.875,25.125,-18.004375,1.465572,93.26,34.33,37.0,baseline
2013-06-30 10:00:31.250,-57.375,-11.625,28.75,-97.947333,1.457888,93.27,34.33,37.25,baseline
2013-06-30 10:00:31.500,-56.625,-16.125,25.125,107.905,1.454045,93.27,34.33,37.5,baseline
2013-06-30 10:00:31.750,-57.625,-15.375,26.5,155.921333,1.452765,93.28,34.33,37.75,baseline
2013-06-30 10:00:32.000,-56.375,-16.5,27.125,4.0075,1.456607,93.28,34.37,38.0,baseline
2013-06-30 10:00:32.250,-55.0,-13.375,27.125,-57.339375,1.478379,93.28,34.37,38.25,baseline
2013-06-30 10:00:32.500,-55.875,-7.375,28.375,60.638667,1.503993,93.27,34.37,38.5,baseline
2013-06-30 10:00:32.750,-60.0,-6.25,31.125,-52.5,1.529608,93.26,34.37,38.75,baseline
2013-06-30 10:00:33.000,-63.375,-17.5,25.0,-34.6725,1.544976,93.25,34.37,39.0,baseline
2013-06-30 10:00:33.250,-51.875,-14.625,21.375,13.344667,1.550099,93.24,34.37,39.25,baseline
2013-06-30 10:00:33.500,-66.375,-11.0,22.0,34.349375,1.55266,93.22,34.37,39.5,baseline
2013-06-30 10:00:33.750,-54.875,-10.625,15.125,-1.265333,1.541134,93.21,34.37,39.75,baseline
2013-06-30 10:00:34.000,-67.375,-13.0,22.75,27.34375,1.57059,93.2,34.37,40.0,baseline
2013-06-30 10:00:34.250,-47.778,-10.889,23.444,-0.02125,1.543695,93.19,34.37,40.25,baseline
2013-06-30 10:00:34.500,-73.125,-7.0,17.125,4.841333,1.530888,93.19,34.37,40.5,baseline
2013-06-30 10:00:34.750,-54.375,-8.25,11.875,8.54,1.523204,93.18,34.37,40.75,baseline
2013-06-30 10:00:35.000,-64.5,-15.25,26.0,12.54375,1.538573,93.17,34.39,41.0,baseline
2013-06-30 10:00:35.250,-57.375,-23.375,29.0,-5.002,1.557783,93.16,34.39,41.25,baseline
2013-06-30 10:00:35.500,-36.25,-12.875,45.75,5.4875,1.568029,93.14,34.39,41.5,baseline
2013-06-30 10:00:35.750,-38.75,-13.125,48.375,13.824,1.575713,93.13,34.39,41.75,baseline
2013-06-30 10:00:36.000,-21.125,-14.5,58.75,0.974375,1.579555,93.12,34.39,42.0,baseline
2013-06-30 10:00:36.250,-25.125,-31.5,58.125,-7.43,1.612854,93.12,34.39,42.25,baseline
2013-06-30 10:00:36.500,-18.5,-16.625,51.25,6.421333,1.596205,93.12,34.39,42.5,baseline
2013-06-30 10:00:36.750,-23.5,-31.625,51.75,-15.555625,1.583398,93.12,34.39,42.75,baseline
2013-06-30 10:00:37.000,-32.0,-28.125,50.5,19.0175,1.574433,93.11,34.39,43.0,baseline
2013-06-30 10:00:37.250,-22.75,-50.5,41.0,21.346,1.575713,93.1,34.39,43.25,baseline
2013-06-30 10:00:37.500,-17.5,-49.75,40.625,-37.665,1.585959,93.08,34.39,43.5,baseline
2013-06-30 10:00:37.750,-19.875,-46.0,36.0,-165.267333,1.578275,93.06,34.39,43.75,baseline
2013-06-30 10:00:38.000,-26.25,-36.5,42.75,-172.97,1.582117,93.04,34.39,44.0,baseline
2013-06-30 10:00:38.250,-35.333,-35.111,44.778,93.341875,1.585959,93.02,34.39,44.25,baseline
2013-06-30 10:00:38.500,-35.625,-28.375,44.875,354.707333,1.633345,93.0,34.39,44.5,baseline
2013-06-30 10:00:38.750,-39.625,-13.25,47.625,274.818125,1.721715,92.98,34.39,44.75,baseline
2013-06-30 10:00:39.000,-43.875,2.25,54.625,-138.551875,1.787031,92.96,34.37,45.0,baseline
2013-06-30 10:00:39.250,-26.5,11.25,53.875,-112.609333,1.78575,92.93,34.37,45.25,baseline
2013-06-30 10:00:39.500,-18.625,3.0,57.75,-26.39,1.799838,92.9,34.37,45.5,baseline
2013-06-30 10:00:39.750,-25.875,-14.0,61.25,28.468,1.826733,92.88,34.37,45.75,baseline
2013-06-30 10:00:40.000,-22.5,-13.0,59.75,51.223125,1.870278,92.85,34.34,46.0,baseline
2013-06-30 10:00:40.250,-22.375,-12.625,58.375,-4.011875,1.868997,92.83,34.34,46.25,baseline
2013-06-30 10:00:40.500,-24.375,0.0,60.0,-23.678,1.83954,92.81,34.34,46.5,baseline
2013-06-30 10:00:40.750,-22.125,0.5,60.25,43.796875,1.801119,92.8,34.34,46.75,baseline
2013-06-30 10:00:41.000,-28.125,-1.75,58.25,-201.6625,1.755013,92.79,34.33,47.0,baseline
2013-06-30 10:00:41.250,-31.125,2.0,56.875,-69.952667,1.737083,92.79,34.33,47.25,baseline
2013-06-30 10:00:41.500,-30.625,5.25,57.125,75.38625,1.737083,92.79,34.33,47.5,baseline
2013-06-30 10:00:41.750,-31.625,6.125,56.375,55.340667,1.751171,92.8,34.33,47.75,baseline
2013-06-30 10:00:42.000,-30.556,6.444,56.889,-48.190625,1.733241,92.82,34.34,48.0,baseline
2013-06-30 10:00:42.250,-29.25,6.125,57.125,66.568125,1.708907,92.85,34.34,48.25,baseline
2013-06-30 10:00:42.500,-29.625,6.5,57.25,-31.082,1.708907,92.89,34.34,48.5,baseline
2013-06-30 10:00:42.750,-29.75,7.0,57.0,-251.970625,1.710188,92.93,34.34,48.75,baseline
2013-06-30 10:00:43.000,-29.125,6.875,57.5,-138.1475,1.71403,92.98,34.33,49.0,baseline
2013-06-30 10:00:43.250,-30.125,6.5,56.5,71.992667,1.71275,93.02,34.33,49.25,baseline
2013-06-30 10:00:43.500,-32.0,5.75,56.5,62.231875,1.715311,93.07,34.33,49.5,baseline
2013-06-30 10:00:43.750,-32.25,6.75,55.875,157.839333,1.715311,93.1,34.33,49.75,baseline
2013-06-30 10:00:44.000,-32.5,7.125,55.375,-13.32625,1.707627,93.14,34.31,50.0,baseline
2013-06-30 10:00:44.250,-28.5,7.875,57.875,0.3025,1.675609,93.17,34.31,50.25,baseline
2013-06-30 10:00:44.500,-27.75,6.5,58.0,-27.254,1.685855,93.2,34.31,50.5,baseline
2013-06-30 10:00:44.750,-27.625,6.0,58.125,-40.0175,1.702504,93.24,34.31,50.75,baseline
2013-06-30 10:00:45.000,-27.625,5.875,58.125,-17.335,1.706346,93.27,34.29,51.0,baseline
2013-06-30 10:00:45.250,-27.875,6.25,58.0,6.848,1.710188,93.31,34.29,51.25,baseline
2013-06-30 10:00:45.500,-27.875,6.75,58.0,10.884375,1.711469,93.35,34.29,51.5,baseline
2013-06-30 10:00:45.750,-28.0,6.875,58.0,43.447333,1.71403,93.39,34.29,51.75,baseline
2013-06-30 10:00:46.000,-28.0,7.0,58.0,31.7325,1.720434,93.43,34.25,52.0,baseline
2013-06-30 10:00:46.250,-28.0,6.875,58.0,66.499375,1.725557,93.47,34.25,52.25,baseline
2013-06-30 10:00:46.500,-28.0,6.875,58.0,67.774667,1.733241,93.52,34.25,52.5,baseline
2013-06-30 10:00:46.750,-27.875,6.75,58.0,-58.664375,1.738364,93.56,34.25,52.75,baseline
2013-06-30 10:00:47.000,-28.0,6.625,58.0,-30.70375,1.744768,93.61,34.25,53.0,baseline
2013-06-30 10:00:47.250,-27.75,6.625,58.0,44.048667,1.752452,93.66,34.25,53.25,baseline
2013-06-30 10:00:47.500,-27.75,6.375,58.125,-16.49,1.778066,93.7,34.25,53.5,baseline
2013-06-30 10:00:47.750,-27.75,4.75,58.25,10.706667,1.797277,93.75,34.25,53.75,baseline
2013-06-30 10:00:48.000,-24.875,2.0,59.5,-25.215625,1.812645,93.8,34.25,54.0,baseline
2013-06-30 10:00:48.250,-20.75,-2.0,61.0,-6.16625,1.825453,93.85,34.25,54.25,baseline
2013-06-30 10:00:48.500,-18.375,-4.375,61.75,-22.349333,1.870278,93.89,34.25,54.5,baseline
2013-06-30 10:00:48.750,-19.375,-6.25,61.0,11.54875,1.895892,93.95,34.25,54.75,baseline
2013-06-30 10:00:49.000,-17.5,-5.0,62.0,-5.214375,1.897173,94.0,34.29,55.0,baseline
2013-06-30 10:00:49.250,-20.125,-5.125,61.0,5.64,1.885646,94.06,34.29,55.25,baseline
2013-06-30 10:00:49.500,-19.625,-1.0,61.75,-9.81375,1.907418,94.12,34.29,55.5,baseline
2013-06-30 10:00:49.750,-17.667,2.222,61.889,0.22,1.898453,94.19,34.29,55.75,baseline
2013-06-30 10:00:50.000,-17.875,4.375,61.875,5.93,1.881804,94.25,34.25,56.0,baseline
2013-06-30 10:00:50.250,-12.75,7.125,66.375,-4.08875,1.885646,94.31,34.25,56.25,baseline
2013-06-30 10:00:50.500,0.25,15.25,58.375,8.052,1.868997,94.36,34.25,56.5,baseline
2013-06-30 10:00:50.750,-4.75,18.625,59.875,-8.86625,1.853628,94.41,34.25,56.75,baseline
2013-06-30 10:00:51.000,-5.25,8.875,64.5,22.606875,1.83826,94.47,34.27,57.0,baseline
2013-06-30 10:00:51.250,-4.125,-5.375,64.875,12.04,1.835698,94.53,34.27,57.25,baseline
2013-06-30 10:00:51.500,-9.625,-13.0,62.25,43.90875,1.835698,94.59,34.27,57.5,baseline
2013-06-30 10:00:51.750,-4.625,-5.125,64.875,-12.28,1.83826,94.64,34.27,57.75,baseline
2013-06-30 10:00:52.000,-7.625,-3.875,63.875,-117.730625,1.83954,94.68,34.27,58.0,baseline
2013-06-30 10:00:52.250,-11.625,-3.75,63.375,-47.431875,1.829295,94.71,34.27,58.25,baseline
2013-06-30 10:00:52.500,-13.375,-3.875,63.0,0.474,1.794715,94.74,34.27,58.5,baseline
2013-06-30 10:00:52.750,-13.125,-3.875,63.125,124.265,1.742206,94.78,34.27,58.75,baseline
2013-06-30 10:00:53.000,-13.625,-4.125,63.0,172.85125,1.742206,94.85,34.27,59.0,baseline
2013-06-30 10:00:53.250,-14.625,-3.625,62.875,94.669333,1.760136,94.95,34.27,59.25,baseline
2013-06-30 10:00:53.500,-16.25,-3.25,62.625,-132.151875,1.788312,95.08,34.27,59.5,baseline
2013-06-30 10:00:53.750,-17.333,-3.667,62.111,-56.309333,1.822891,95.22,34.27,59.75,baseline
2013-06-30 10:00:54.000,-15.625,-4.5,62.625,-32.575625,1.834417,95.37,34.21,60.0,baseline
2013-06-30 10:00:54.250,-16.5,-4.25,62.25,-56.689375,1.822891,95.51,34.21,60.25,baseline
2013-06-30 10:00:54.500,-16.375,-5.0,62.0,-98.653333,1.852347,95.65,34.21,60.5,baseline
2013-06-30 10:00:54.750,-17.0,-5.0,62.0,-36.499375,1.886927,95.78,34.21,60.75,baseline
2013-06-30 10:00:55.000,-16.75,-5.0,62.0,56.768125,1.913822,95.92,34.18,61.0,baseline
2013-06-30 10:00:55.250,-17.0,-5.0,62.0,-171.312667,1.917664,96.07,34.18,61.25,baseline
2013-06-30 10:00:55.500,-16.875,-5.0,62.0,-75.280625,1.912541,96.22,34.18,61.5,baseline
2013-06-30 10:00:55.750,-17.0,-5.0,62.0,194.334,1.90998,96.37,34.18,61.75,baseline
2013-06-30 10:00:56.000,-17.0,-5.0,62.0,125.1475,1.904857,96.52,34.15,62.0,baseline
2013-06-30 10:00:56.250,-17.25,-5.0,62.0,60.5375,1.898453,96.67,34.15,62.25,baseline
2013-06-30 10:00:56.500,-17.0,-5.0,62.0,173.001333,1.890769,96.81,34.15,62.5,baseline
2013-06-30 10:00:56.750,-17.0,-5.0,62.0,-181.179375,1.886927,96.94,34.15,62.75,baseline
2013-06-30 10:00:57.000,-17.0,-5.0,62.0,-51.305,1.881804,97.08,34.11,63.0,baseline
2013-06-30 10:00:57.250,-17.0,-5.0,62.0,1.802,1.877962,97.21,34.11,63.25,baseline
2013-06-30 10:00:57.500,-17.111,-5.0,62.0,129.351875,1.883085,97.34,34.11,63.5,baseline
2013-06-30 10:00:57.750,-17.625,-3.875,62.25,10.957333,1.877962,97.46,34.11,63.75,baseline
2013-06-30 10:00:58.000,-19.25,-4.0,61.375,-85.300625,1.87412,97.57,34.09,64.0,baseline
2013-06-30 10:00:58.250,-19.375,-4.0,61.375,-59.729375,1.89333,97.67,34.09,64.25,baseline
2013-06-30 10:00:58.500,-19.875,-4.0,61.375,-17.779333,1.89205,97.76,34.09,64.5,baseline
2013-06-30 10:00:58.750,-20.375,-4.0,61.125,12.34375,1.871558,97.84,34.09,64.75,baseline
2013-06-30 10:00:59.000,-20.5,-4.25,61.125,-21.359375,1.883085,97.93,34.07,65.0,baseline
2013-06-30 10:00:59.250,-21.625,-5.0,60.75,5.109333,1.886927,98.03,34.07,65.25,baseline
2013-06-30 10:00:59.500,-21.625,-5.0,61.0,-21.541875,1.89205,98.12,34.07,65.5,baseline
2013-06-30 10:00:59.750,-20.0,-4.875,61.125,38.927333,1.902295,98.22,34.07,65.75,baseline
2013-06-30 10:01:00.000,-19.375,-5.0,61.375,-3.296875,1.902295,98.32,34.05,66.0,baseline
2013-06-30 10:01:00.250,-19.0,-5.0,61.75,22.32375,1.901015,98.41,34.05,66.25,baseline
2013-06-30 10:01:00.500,-18.75,-5.0,61.875,-13.685333,1.899734,98.49,34.05,66.5,baseline
2013-06-30 10:01:00.750,-18.375,-4.875,62.0,5.841875,1.899734,98.57,34.05,66.75,baseline
2013-06-30 10:01:01.000,-18.75,-4.75,61.625,6.769375,1.908699,98.65,34.03,67.0,baseline
2013-06-30 10:01:01.250,-18.5,-4.875,61.875,-49.878667,1.906137,98.73,34.03,67.25,baseline
2013-06-30 10:01:01.500,-19.0,-4.778,61.778,21.579375,1.906137,98.81,34.03,67.5,baseline
2013-06-30 10:01:01.750,-18.875,-4.75,61.75,57.400667,1.904857,98.89,34.03,67.75,baseline
2013-06-30 10:01:02.000,-19.0,-5.0,61.75,97.228125,1.907418,98.97,34.0,68.0,baseline
2013-06-30 10:01:02.250,-18.5,-4.875,61.625,14.024375,1.904857,99.05,34.0,68.25,baseline
2013-06-30 10:01:02.500,-19.25,-5.0,61.25,18.989333,1.915102,99.13,34.0,68.5,baseline
2013-06-30 10:01:02.750,-19.0,-5.0,61.25,9.35,1.936875,99.21,34.0,68.75,baseline
2013-06-30 10:01:03.000,-19.125,-5.0,61.25,-53.979375,1.957366,99.27,34.0,69.0,baseline
2013-06-30 10:01:03.250,-19.0,-5.0,61.375,-49.561333,1.979337,99.32,34.0,69.25,baseline
2013-06-30 10:01:03.500,-19.0,-5.0,61.125,-30.621875,1.992145,99.36,34.0,69.5,baseline
2013-06-30 10:01:03.750,-19.0,-5.0,61.625,-4.155333,2.003671,99.39,34.0,69.75,baseline
2013-06-30 10:01:04.000,-19.0,-5.0,61.625,-57.9575,2.008794,99.43,33.97,70.0,baseline
2013-06-30 10:01:04.250,-19.0,-5.0,61.875,-25.359375,2.02032,99.47,33.97,70.25,baseline
2013-06-30 10:01:04.500,-19.0,-5.0,62.0,-47.772,2.030566,99.52,33.97,70.5,baseline
2013-06-30 10:01:04.750,-19.0,-5.0,62.0,7.938125,2.017759,99.57,33.97,70.75,baseline
2013-06-30 10:01:05.000,-19.0,-5.0,61.75,-16.915625,2.015198,99.62,33.97,71.0,baseline
2013-06-30 10:01:05.250,-19.0,-5.0,61.556,28.874667,2.015198,99.67,33.97,71.25,baseline
2013-06-30 10:01:05.500,-19.0,-5.0,61.75,38.551875,2.022882,99.73,33.97,71.5,baseline
2013-06-30 10:01:05.750,-19.0,-5.0,61.5,57.016,2.042092,99.78,33.97,71.75,baseline
2013-06-30 10:01:06.000,-19.0,-5.0,61.625,9.50375,2.086917,99.82,33.93,72.0,baseline
2013-06-30 10:01:06.250,-19.0,-5.0,61.875,30.988125,2.140707,99.86,33.93,72.25,baseline
2013-06-30 10:01:06.500,-19.0,-5.0,61.875,24.096,2.214989,99.89,33.93,72.5,baseline
2013-06-30 10:01:06.750,-18.875,-5.0,61.875,-23.505,2.240603,99.92,33.93,72.75,baseline
2013-06-30 10:01:07.000,-19.0,-5.0,61.75,-1.513125,2.247007,99.95,33.95,73.0,baseline
2013-06-30 10:01:07.250,-19.0,-5.0,61.875,-39.814,2.247007,99.98,33.95,73.25,baseline
2013-06-30 10:01:07.500,-19.0,-5.0,61.75,2.01375,2.230357,100.01,33.95,73.5,baseline
2013-06-30 10:01:07.750,-19.0,-5.0,61.75,-35.238,2.212427,100.05,33.95,73.75,baseline
2013-06-30 10:01:08.000,-19.0,-5.0,61.75,6.00625,2.189374,100.08,33.91,74.0,baseline
2013-06-30 10:01:08.250,-19.125,-5.0,61.75,-9.396875,2.176567,100.12,33.91,74.25,baseline
2013-06-30 10:01:08.500,-18.625,-5.0,61.75,-5.802,2.159918,100.15,33.91,74.5,baseline
2013-06-30 10:01:08.750,-19.0,-5.0,61.75,6.42625,2.152234,100.19,33.91,74.75,baseline
2013-06-30 10:01:09.000,-19.0,-5.0,61.625,-17.66,2.14455,100.22,33.89,75.0,baseline
2013-06-30 10:01:09.250,-19.0,-5.0,61.889,17.55,2.140707,100.25,33.89,75.25,baseline
2013-06-30 10:01:09.500,-19.0,-5.0,61.875,-20.8125,2.140707,100.28,33.89,75.5,baseline
2013-06-30 10:01:09.750,-19.0,-5.0,61.875,19.048,2.134304,100.3,33.89,75.75,baseline
2013-06-30 10:01:10.000,-19.0,-5.0,61.75,-4.335,2.1279,100.32,33.87,76.0,baseline
2013-06-30 10:01:10.250,-19.0,-5.0,61.75,-0.89375,2.129181,100.34,33.87,76.25,baseline
2013-06-30 10:01:10.500,-18.875,-5.0,61.75,-3.158667,2.12662,100.35,33.87,76.5,baseline
2013-06-30 10:01:10.750,-19.0,-5.0,62.0,-27.525625,2.131742,100.36,33.87,76.75,baseline
2013-06-30 10:01:11.000,-19.0,-5.0,61.75,18.780625,2.129181,100.38,33.84,77.0,baseline
2013-06-30 10:01:11.250,-19.0,-5.0,61.625,-25.710667,2.1279,100.4,33.84,77.25,baseline
2013-06-30 10:01:11.500,-19.0,-5.0,61.75,16.36,2.129181,100.42,33.84,77.5,baseline
2013-06-30 10:01:11.750,-19.0,-5.0,61.875,-9.374667,2.1279,100.46,33.84,77.75,baseline
2013-06-30 10:01:12.000,-19.0,-5.0,62.0,-19.2475,2.124058,100.5,33.83,78.0,baseline
2013-06-30 10:01:12.250,-19.0,-5.0,62.0,12.673125,2.118935,100.55,33.83,78.25,baseline
2013-06-30 10:01:12.500,-19.0,-5.0,62.0,-34.144,2.116374,100.61,33.83,78.5,baseline
2013-06-30 10:01:12.750,-19.0,-5.0,61.75,28.1425,2.113812,100.67,33.83,78.75,baseline
2013-06-30 10:01:13.000,-19.0,-5.0,61.889,-7.6475,2.10997,100.72,33.83,79.0,baseline
2013-06-30 10:01:13.250,-19.0,-5.0,62.0,10.066667,2.104847,100.76,33.83,79.25,baseline
2013-06-30 10:01:13.500,-19.0,-5.0,61.75,7.14625,2.103567,100.8,33.83,79.5,baseline
2013-06-30 10:01:13.750,-19.0,-5.0,61.5,-37.502,2.101005,100.83,33.83,79.75,baseline
2013-06-30 10:01:14.000,-18.625,-5.0,61.5,31.7775,2.134304,100.87,33.81,80.0,baseline
2013-06-30 10:01:14.250,-19.0,-5.0,61.625,-28.51125,2.138146,100.92,33.81,80.25,baseline
2013-06-30 10:01:14.500,-19.0,-5.0,61.75,32.012,2.125339,100.97,33.81,80.5,baseline
2013-06-30 10:01:14.750,-19.0,-5.0,61.75,8.393125,2.118935,101.03,33.81,80.75,baseline
2013-06-30 10:01:15.000,-18.875,-5.0,62.0,-13.533125,2.112532,101.08,33.81,81.0,baseline
2013-06-30 10:01:15.250,-18.5,-5.0,61.75,28.194,2.10869,101.13,33.81,81.25,baseline
2013-06-30 10:01:15.500,-18.625,-5.0,62.0,-22.255,2.10869,101.17,33.81,81.5,baseline
2013-06-30 10:01:15.750,-18.875,-5.0,61.75,44.664,2.107409,101.21,33.81,81.75,baseline
2013-06-30 10:01:16.000,-19.0,-5.0,61.875,-16.02625,2.099725,101.25,33.79,82.0,baseline
2013-06-30 10:01:16.250,-19.0,-5.0,61.25,18.14125,2.097163,101.29,33.79,82.25,baseline
2013-06-30 10:01:16.500,-19.0,-5.0,61.75,0.658667,2.094602,101.34,33.79,82.5,baseline
2013-06-30 10:01:16.750,-18.75,-5.0,61.875,-12.9075,2.095882,101.39,33.79,82.75,baseline
2013-06-30 10:01:17.000,-18.778,-5.0,61.556,30.686875,2.094602,101.43,33.81,83.0,baseline
2013-06-30 10:01:17.250,-19.125,-5.0,61.375,-27.856,2.097163,101.47,33.81,83.25,baseline
2013-06-30 10:01:17.500,-18.875,-5.0,61.75,36.7875,2.093321,101.51,33.81,83.5,baseline
2013-06-30 10:01:17.750,-18.75,-5.0,61.625,1.866667,2.09204,101.54,33.81,83.75,baseline
2013-06-30 10:01:18.000,-19.0,-5.0,61.875,1.853125,2.098444,101.58,33.79,84.0,baseline
2013-06-30 10:01:18.250,-19.0,-5.0,61.625,26.884375,2.101005,101.62,33.79,84.25,baseline
2013-06-30 10:01:18.500,-19.0,-5.0,61.5,-44.463333,2.099725,101.67,33.79,84.5,baseline
2013-06-30 10:01:18.750,-19.0,-5.0,61.5,33.611875,2.098444,101.71,33.79,84.75,baseline
2013-06-30 10:01:19.000,-19.0,-5.0,61.375,-6.455,2.097163,101.75,33.77,85.0,baseline
2013-06-30 10:01:19.250,-19.0,-5.0,61.5,-5.988667,2.095882,101.78,33.77,85.25,baseline
2013-06-30 10:01:19.500,-19.0,-5.0,61.625,-11.969375,2.094602,101.81,33.77,85.5,baseline
2013-06-30 10:01:19.750,-19.0,-5.0,61.875,-18.733333,2.093321,101.84,33.77,85.75,baseline
2013-06-30 10:01:20.000,-19.0,-5.0,61.625,43.7975,2.099725,101.87,33.75,86.0,baseline
2013-06-30 10:01:20.250,-19.0,-5.0,61.625,14.01,2.104847,101.9,33.75,86.25,baseline
2013-06-30 10:01:20.500,-19.0,-5.0,61.5,-24.606667,2.10997,101.94,33.75,86.5,baseline
2013-06-30 10:01:20.750,-19.0,-5.0,61.778,28.603125,2.116374,101.97,33.75,86.75,baseline
2013-06-30 10:01:21.000,-19.0,-5.0,61.75,-23.235625,2.1279,102.0,33.75,87.0,baseline
2013-06-30 10:01:21.250,-19.0,-5.0,61.625,12.186,2.121497,102.02,33.75,87.25,baseline
2013-06-30 10:01:21.500,-19.25,-4.875,62.0,-3.9725,2.121497,102.03,33.75,87.5,baseline
2013-06-30 10:01:21.750,-19.0,-4.75,61.625,-35.969333,2.118935,102.04,33.75,87.75,baseline
2013-06-30 10:01:22.000,-13.75,-2.75,62.625,27.598125,2.113812,102.05,33.75,88.0,baseline
2013-06-30 10:01:22.250,-1.0,-5.375,63.875,-2.1875,2.106128,102.06,33.75,88.25,baseline
2013-06-30 10:01:22.500,3.25,-4.75,64.625,7.698,2.103567,102.07,33.75,88.5,baseline
2013-06-30 10:01:22.750,2.0,-2.25,65.0,-16.21375,2.10997,102.08,33.75,88.75,baseline
2013-06-30 10:01:23.000,-0.625,-2.0,64.375,-28.530625,2.111251,102.1,33.75,89.0,baseline
2013-06-30 10:01:23.250,-1.25,-2.0,64.625,15.987333,2.10869,102.12,33.75,89.25,baseline
2013-06-30 10:01:23.500,-1.125,-2.0,64.625,-19.099375,2.093321,102.14,33.75,89.5,baseline
2013-06-30 10:01:23.750,-1.75,-2.0,64.375,22.454667,2.084356,102.15,33.75,89.75,baseline
2013-06-30 10:01:24.000,-1.0,-2.0,64.875,-5.999375,2.09204,102.17,33.73,90.0,baseline
2013-06-30 10:01:24.250,-1.625,-2.125,64.375,-21.435625,2.089479,102.18,33.73,90.25,baseline
2013-06-30 10:01:24.500,-2.0,-2.0,64.625,7.208,2.097163,102.2,33.73,90.5,baseline
2013-06-30 10:01:24.750,-1.667,-2.111,64.889,-35.436875,2.099725,102.21,33.73,90.75,baseline
2013-06-30 10:01:25.000,-2.5,-2.125,64.375,21.198125,2.10869,102.23,33.71,91.0,baseline
2013-06-30 10:01:25.250,-2.625,-2.0,64.75,-12.109333,2.120216,102.25,33.71,91.25,baseline
2013-06-30 10:01:25.500,-3.25,-1.875,64.375,-3.48625,2.115093,102.27,33.71,91.5,baseline
2013-06-30 10:01:25.750,-3.875,-2.0,64.375,16.433333,2.112532,102.3,33.71,91.75,baseline
2013-06-30 10:01:26.000,-4.0,-2.0,64.25,40.356875,2.102286,102.33,33.71,92.0,baseline
2013-06-30 10:01:26.250,-4.125,-2.0,64.375,125.0425,2.095882,102.36,33.71,92.25,baseline
2013-06-30 10:01:26.500,-4.0,-2.0,64.5,46.846,2.088198,102.39,33.71,92.5,baseline
2013-06-30 10:01:26.750,-4.0,-2.0,64.5,-85.265,2.081795,102.42,33.71,92.75,baseline
2013-06-30 10:01:27.000,-4.0,-2.0,64.375,-154.690625,2.076672,102.45,33.66,93.0,baseline
2013-06-30 10:01:27.250,-4.0,-2.0,64.125,-91.996667,2.07411,102.47,33.66,93.25,baseline
2013-06-30 10:01:27.500,-4.125,-2.0,64.625,13.916875,2.065145,102.48,33.66,93.5,baseline
2013-06-30 10:01:27.750,-4.375,-2.0,64.25,-14.15,2.062584,102.5,33.66,93.75,baseline
2013-06-30 10:01:28.000,-4.25,-2.0,64.625,59.481875,2.057461,102.52,33.65,94.0,baseline
2013-06-30 10:01:28.250,-4.375,-2.0,64.125,10.06375,2.05618,102.55,33.65,94.25,baseline
2013-06-30 10:01:28.500,-4.667,-2.0,64.0,20.594,2.061303,102.58,33.65,94.5,baseline
2013-06-30 10:01:28.750,-5.375,-2.0,64.375,33.788125,2.057461,102.61,33.65,94.75,baseline
2013-06-30 10:01:29.000,-6.125,-2.125,64.0,-27.365625,2.066426,102.65,33.65,95.0,baseline
2013-06-30 10:01:29.250,-6.375,-2.25,64.25,13.732,2.066426,102.68,33.65,95.25,baseline
2013-06-30 10:01:29.500,-6.5,-2.625,64.125,-7.903125,2.070268,102.72,33.65,95.5,baseline
2013-06-30 10:01:29.750,-5.25,-2.125,64.375,30.644,2.065145,102.75,33.65,95.75,baseline
2013-06-30 10:01:30.000,-4.375,-2.0,64.375,15.904375,2.063864,102.78,33.63,96.0,baseline
2013-06-30 10:01:30.250,-4.375,-2.0,64.25,20.57,2.063864,102.81,33.63,96.25,baseline
2013-06-30 10:01:30.500,-4.0,-2.125,64.25,36.757333,2.072829,102.85,33.63,96.5,baseline
2013-06-30 10:01:30.750,-4.125,-2.0,64.375,-29.99625,2.067707,102.88,33.63,96.75,baseline
2013-06-30 10:01:31.000,-4.0,-2.0,64.625,-3.27625,2.068987,102.92,33.63,97.0,baseline
2013-06-30 10:01:31.250,-4.125,-2.0,64.125,-14.602,2.068987,102.96,33.63,97.25,baseline
2013-06-30 10:01:31.500,-4.25,-2.0,64.25,12.215,2.066426,102.99,33.63,97.5,baseline
2013-06-30 10:01:31.750,-4.375,-2.0,64.375,13.014667,2.071549,103.03,33.63,97.75,baseline
2013-06-30 10:01:32.000,-4.0,-2.125,64.5,-12.333125,2.071549,103.07,33.57,98.0,baseline
2013-06-30 10:01:32.250,-4.375,-2.0,64.375,17.8925,2.075391,103.11,33.57,98.25,baseline
2013-06-30 10:01:32.500,-4.444,-2.0,64.333,-30.418667,2.077952,103.15,33.57,98.5,baseline
2013-06-30 10:01:32.750,-5.0,-2.0,64.125,13.636875,2.083075,103.19,33.57,98.75,baseline
2013-06-30 10:01:33.000,-5.0,-2.0,64.125,6.735,2.084356,103.23,33.57,99.0,baseline
2013-06-30 10:01:33.250,-4.75,-2.0,64.125,13.684667,2.089479,103.28,33.57,99.25,baseline
2013-06-30 10:01:33.500,-4.875,-2.0,64.375,72.88625,2.089479,103.33,33.57,99.5,baseline
2013-06-30 10:01:33.750,-5.0,-2.0,64.25,-4.749333,2.089479,103.38,33.57,99.75,baseline
2013-06-30 10:01:34.000,-4.75,-2.25,64.25,12.409375,2.084356,103.43,33.59,100.0,baseline
2013-06-30 10:01:34.250,-4.0,-2.25,64.375,-103.27625,2.084356,103.48,33.59,100.25,baseline
2013-06-30 10:01:34.500,-5.75,-2.125,64.25,-92.090667,2.081795,103.52,33.59,100.5,baseline
2013-06-30 10:01:34.750,-4.875,-2.0,64.5,-31.024375,2.081795,103.57,33.59,100.75,baseline
2013-06-30 10:01:35.000,-5.0,-2.125,64.25,-4.541875,2.076672,103.62,33.57,101.0,baseline
2013-06-30 10:01:35.250,-5.375,-2.0,64.0,25.313333,2.075391,103.67,33.57,101.25,baseline
2013-06-30 10:01:35.500,-4.5,-2.0,64.625,-1.980625,2.076672,103.72,33.57,101.5,baseline
2013-06-30 10:01:35.750,-4.5,-2.125,64.375,22.120667,2.076672,103.77,33.57,101.75,baseline
2013-06-30 10:01:36.000,-4.375,-2.25,64.5,8.911875,2.07411,103.82,33.57,102.0,baseline
2013-06-30 10:01:36.250,-4.333,-2.222,64.556,8.43375,2.075391,103.86,33.57,102.25,baseline
2013-06-30 10:01:36.500,-4.25,-2.0,64.125,4.150667,2.076672,103.9,33.57,102.5,baseline
2013-06-30 10:01:36.750,-4.375,-2.125,64.375,-11.4425,2.076672,103.94,33.57,102.75,baseline
2013-06-30 10:01:37.000,-4.75,-2.125,64.625,41.345,2.070268,103.98,33.53,103.0,baseline
2013-06-30 10:01:37.250,-5.25,-2.25,64.125,2.846667,2.065145,104.03,33.53,103.25,baseline
2013-06-30 10:01:37.500,-4.625,-2.0,64.375,34.135,2.060022,104.08,33.53,103.5,baseline
2013-06-30 10:01:37.750,-4.5,-2.375,64.25,1.413333,2.054899,104.14,33.53,103.75,baseline
2013-06-30 10:01:38.000,-6.375,-2.375,64.0,-17.4125,2.053619,104.2,33.53,104.0,baseline
2013-06-30 10:01:38.250,-7.375,-2.625,64.125,11.038125,2.054899,104.26,33.53,104.25,baseline
2013-06-30 10:01:38.500,-9.625,-2.25,64.0,-18.342,2.053619,104.31,33.53,104.5,baseline
2013-06-30 10:01:38.750,-9.125,-2.75,64.0,11.101875,2.045935,104.37,33.53,104.75,baseline
2013-06-30 10:01:39.000,-9.0,-2.375,64.0,-2.670625,2.043373,104.42,33.55,105.0,baseline
2013-06-30 10:01:39.250,-8.25,-2.75,64.0,13.840667,2.043373,104.47,33.55,105.25,baseline
2013-06-30 10:01:39.500,-8.875,-2.75,64.0,-12.47625,2.031847,104.53,33.55,105.5,baseline
2013-06-30 10:01:39.750,-8.875,-2.75,64.0,-20.59,2.024163,104.58,33.55,105.75,baseline
2013-06-30 10:01:40.000,-9.0,-2.875,64.0,-1.921875,2.024163,104.62,33.55,106.0,baseline
2013-06-30 10:01:40.250,-8.444,-2.444,64.0,-5.288125,2.031847,104.66,33.55,106.25,baseline
2013-06-30 10:01:40.500,-8.625,-2.625,64.0,-31.43,2.043373,104.69,33.55,106.5,baseline
2013-06-30 10:01:40.750,-8.625,-2.625,64.0,-7.096875,2.048496,104.71,33.55,106.75,baseline
2013-06-30 10:01:41.000,-8.875,-2.75,64.0,4.518125,2.049777,104.73,33.53,107.0,baseline
2013-06-30 10:01:41.250,-8.5,-2.875,64.0,-14.346,2.049777,104.74,33.53,107.25,baseline
2013-06-30 10:01:41.500,-8.375,-2.625,64.0,20.153125,2.053619,104.74,33.53,107.5,baseline
2013-06-30 10:01:41.750,-8.5,-2.625,64.0,9.320667,2.068987,104.74,33.53,107.75,baseline
2013-06-30 10:01:42.000,-8.625,-2.5,64.0,51.148125,2.085637,104.72,33.53,108.0,baseline
2013-06-30 10:01:42.250,-8.375,-2.625,64.0,-41.200625,2.111251,104.69,33.53,108.25,baseline
2013-06-30 10:01:42.500,-8.125,-2.75,64.0,-72.546,2.138146,104.66,33.53,108.5,baseline
2013-06-30 10:01:42.750,-8.5,-2.75,64.0,-4.220625,2.157357,104.62,33.53,108.75,baseline
2013-06-30 10:01:43.000,-8.375,-2.75,64.0,30.885625,2.172725,104.58,33.53,109.0,baseline
2013-06-30 10:01:43.250,-8.125,-2.75,64.0,4.187333,2.179129,104.55,33.53,109.25,baseline
2013-06-30 10:01:43.500,-8.0,-2.25,64.0,51.176875,2.18169,104.52,33.53,109.5,baseline
2013-06-30 10:01:43.750,-8.0,-2.625,64.0,50.658,2.18169,104.49,33.53,109.75,baseline
2013-06-30 10:01:44.000,-8.0,-2.333,64.0,-13.766875,2.172725,104.47,33.57,110.0,baseline
2013-06-30 10:01:44.250,-7.75,-2.5,64.0,-14.733125,2.166322,104.45,33.57,110.25,baseline
2013-06-30 10:01:44.500,-7.875,-2.75,64.0,-49.022,2.161199,104.42,33.57,110.5,baseline
2013-06-30 10:01:44.750,-7.625,-2.75,64.0,14.515,2.153515,104.4,33.57,110.75,baseline
2013-06-30 10:01:45.000,-7.125,-2.75,64.0,-4.25375,2.141988,104.37,33.55,111.0,baseline
2013-06-30 10:01:45.250,-7.25,-2.375,64.0,11.068,2.136865,104.34,33.55,111.25,baseline
2013-06-30 10:01:45.500,-7.375,-2.5,64.0,6.0625,2.129181,104.3,33.55,111.5,baseline
2013-06-30 10:01:45.750,-7.0,-2.25,64.125,-0.008667,2.1279,104.26,33.55,111.75,baseline
2013-06-30 10:01:46.000,-7.125,-2.25,64.0,29.541875,2.124058,104.23,33.57,112.0,baseline
2013-06-30 10:01:46.250,-7.625,-2.375,64.0,-5.178125,2.125339,104.2,33.57,112.25,baseline
2013-06-30 10:01:46.500,-7.375,-2.75,64.0,23.656667,2.12662,104.17,33.57,112.5,baseline
2013-06-30 10:01:46.750,-7.625,-2.75,64.0,6.566875,2.124058,104.15,33.57,112.75,baseline
2013-06-30 10:01:47.000,-7.375,-2.5,64.0,-6.193125,2.125339,104.12,33.55,113.0,baseline
2013-06-30 10:01:47.250,-7.75,-2.625,64.0,11.593333,2.134304,104.09,33.55,113.25,baseline
2013-06-30 10:01:47.500,-7.875,-2.625,64.0,-21.396875,2.14455,104.06,33.55,113.5,baseline
2013-06-30 10:01:47.750,-7.875,-2.625,64.0,-1.845333,2.156076,104.03,33.55,113.75,baseline
2013-06-30 10:01:48.000,-8.0,-2.444,64.0,-0.288125,2.16376,104.0,33.59,114.0,baseline
2013-06-30 10:01:48.250,-7.75,-2.375,64.0,-10.556875,2.170164,103.97,33.59,114.25,baseline
2013-06-30 10:01:48.500,-7.5,-2.25,64.0,11.543333,2.172725,103.94,33.59,114.5,baseline
2013-06-30 10:01:48.750,-7.375,-2.625,64.0,-9.139375,2.168883,103.91,33.59,114.75,baseline
2013-06-30 10:01:49.000,-7.25,-2.625,64.0,8.5275,2.166322,103.88,33.57,115.0,baseline
2013-06-30 10:01:49.250,-7.25,-2.625,64.0,-0.344,2.166322,103.84,33.57,115.25,baseline
2013-06-30 10:01:49.500,-7.25,-2.625,64.0,-6.214375,2.175287,103.8,33.57,115.5,baseline
2013-06-30 10:01:49.750,-7.25,-2.25,64.0,15.938667,2.18041,103.77,33.57,115.75,baseline
2013-06-30 10:01:50.000,-7.5,-2.125,64.0,-1.495,2.185532,103.73,33.59,116.0,baseline
2013-06-30 10:01:50.250,-7.75,-2.625,64.0,9.25875,2.190655,103.7,33.59,116.25,baseline
2013-06-30 10:01:50.500,-7.625,-2.5,64.0,-10.910667,2.193217,103.67,33.59,116.5,baseline
2013-06-30 10:01:50.750,-7.875,-2.75,64.0,-19.920625,2.194497,103.65,33.59,116.75,baseline
2013-06-30 10:01:51.000,-7.75,-2.5,64.0,4.526875,2.197059,103.62,33.59,117.0,baseline
2013-06-30 10:01:51.250,-7.75,-2.625,64.0,-18.504667,2.194497,103.59,33.59,117.25,baseline
2013-06-30 10:01:51.500,-7.375,-2.625,64.0,2.5025,2.188094,103.56,33.59,117.5,baseline
2013-06-30 10:01:51.750,-7.222,-2.333,64.0,-4.981333,2.182971,103.53,33.59,117.75,baseline
2013-06-30 10:01:52.000,-7.0,-2.625,64.0,-12.021875,2.174006,103.5,33.59,118.0,baseline
2013-06-30 10:01:52.250,-7.375,-2.5,64.0,6.535,2.168883,103.48,33.59,118.25,baseline
2013-06-30 10:01:52.500,-7.0,-2.75,64.0,-8.199333,2.159918,103.46,33.59,118.5,baseline
2013-06-30 10:01:52.750,-7.25,-2.375,64.0,10.1075,2.156076,103.45,33.59,118.75,baseline
2013-06-30 10:01:53.000,-7.25,-2.625,64.0,-7.13,2.154795,103.43,33.61,119.0,baseline
2013-06-30 10:01:53.250,-7.25,-2.25,64.0,14.898,2.152234,103.41,33.61,119.25,baseline
2013-06-30 10:01:53.500,-7.375,-2.5,64.0,-2.726875,2.14583,103.38,33.61,119.5,baseline
2013-06-30 10:01:53.750,-8.125,-2.625,64.125,-4.375333,2.143269,103.35,33.61,119.75,baseline
2013-06-30 10:01:54.000,-7.5,-2.625,64.0,9.810625,2.136865,103.33,33.59,120.0,baseline
2013-06-30 10:01:54.250,-9.0,-2.75,64.0,-0.328125,2.135585,103.31,33.59,120.25,baseline
2013-06-30 10:01:54.500,-8.375,-2.625,64.0,8.291333,2.130462,103.29,33.59,120.5,baseline
2013-06-30 10:01:54.750,-8.25,-2.5,64.0,-13.15,2.130462,103.27,33.59,120.75,baseline
2013-06-30 10:01:55.000,-8.75,-2.25,64.0,7.390625,2.121497,103.25,33.63,121.0,baseline
2013-06-30 10:01:55.250,-8.5,-2.75,64.0,-10.28,2.121497,103.22,33.63,121.25,baseline
2013-06-30 10:01:55.500,-8.125,-2.5,64.0,2.821875,2.117655,103.19,33.63,121.5,baseline
2013-06-30 10:01:55.750,-8.333,-2.667,64.0,3.690667,2.120216,103.16,33.63,121.75,baseline
2013-06-30 10:01:56.000,-8.5,-2.625,64.0,-17.34875,2.113812,103.12,33.61,122.0,baseline
2013-06-30 10:01:56.250,-9.0,-2.75,64.0,5.0625,2.113812,103.08,33.61,122.25,baseline
2013-06-30 10:01:56.500,-8.5,-2.625,64.0,-5.412,2.115093,103.05,33.61,122.5,baseline
2013-06-30 10:01:56.750,-8.625,-2.5,64.0,15.83375,2.113812,103.01,33.61,122.75,baseline
2013-06-30 10:01:57.000,-8.375,-2.5,64.0,-0.93125,2.111251,102.97,33.61,123.0,baseline
2013-06-30 10:01:57.250,-8.5,-2.625,64.0,-1.154,2.106128,102.93,33.61,123.25,baseline
2013-06-30 10:01:57.500,-8.25,-2.875,64.0,4.185625,2.107409,102.88,33.61,123.5,baseline
2013-06-30 10:01:57.750,-8.0,-2.875,64.0,-15.244667,2.104847,102.83,33.61,123.75,baseline
2013-06-30 10:01:58.000,-8.125,-2.5,64.0,7.80125,2.103567,102.78,33.63,124.0,baseline
2013-06-30 10:01:58.250,-8.0,-2.25,64.0,0.709375,2.103567,102.73,33.63,124.25,baseline
2013-06-30 10:01:58.500,-8.125,-2.625,64.0,-12.462,2.111251,102.67,33.63,124.5,baseline
2013-06-30 10:01:58.750,-8.125,-2.5,64.0,3.49625,2.111251,102.61,33.63,124.75,baseline
2013-06-30 10:01:59.000,-8.375,-2.25,64.0,-10.29,2.113812,102.55,33.61,125.0,baseline
2013-06-30 10:01:59.250,-8.125,-2.5,64.0,1.294,2.112532,102.49,33.61,125.25,baseline
2013-06-30 10:01:59.500,-8.444,-2.667,64.0,-17.750625,2.116374,102.43,33.61,125.5,baseline
2013-06-30 10:01:59.750,-8.75,-2.5,64.0,-4.679333,2.116374,102.36,33.61,125.75,baseline
2013-06-30 10:02:00.000,-7.875,-2.5,64.0,29.529375,2.118935,102.3,33.63,126.0,baseline
2013-06-30 10:02:00.250,-8.0,-2.625,64.0,-14.46,2.122777,102.23,33.63,126.25,baseline
2013-06-30 10:02:00.500,-8.0,-2.5,64.0,-10.420667,2.120216,102.17,33.63,126.5,baseline
2013-06-30 10:02:00.750,-8.0,-2.5,64.0,19.36375,2.115093,102.1,33.63,126.75,baseline
2013-06-30 10:02:01.000,-8.0,-2.5,64.0,-16.115,2.112532,102.03,33.65,127.0,baseline
2013-06-30 10:02:01.250,-8.0,-2.25,64.0,-3.909333,2.10997,101.96,33.65,127.25,baseline
2013-06-30 10:02:01.500,-8.25,-2.375,64.0,6.64,2.10869,101.9,33.65,127.5,baseline
2013-06-30 10:02:01.750,-8.125,-2.625,64.0,-12.838,2.118935,101.83,33.65,127.75,baseline
2013-06-30 10:02:02.000,-9.75,-2.875,64.0,14.493125,2.129181,101.77,33.61,128.0,baseline
2013-06-30 10:02:02.250,-9.75,-2.875,64.0,-27.156875,2.141988,101.7,33.61,128.25,baseline
2013-06-30 10:02:02.500,-9.25,-2.875,64.0,23.704,2.147111,101.64,33.61,128.5,baseline
2013-06-30 10:02:02.750,-9.625,-2.5,64.0,8.5925,2.156076,101.58,33.61,128.75,baseline
2013-06-30 10:02:03.000,-9.125,-2.75,64.0,5.669375,2.165041,101.52,33.65,129.0,baseline
2013-06-30 10:02:03.250,-9.375,-2.75,64.0,12.73,2.167602,101.47,33.65,129.25,baseline
2013-06-30 10:02:03.500,-9.556,-2.556,64.0,-12.06625,2.165041,101.42,33.65,129.5,baseline
2013-06-30 10:02:03.750,-9.5,-2.625,64.0,27.802667,2.16376,101.37,33.65,129.75,baseline
2013-06-30 10:02:04.000,-9.0,-2.375,64.0,-7.455625,2.157357,101.32,33.63,130.0,baseline
2013-06-30 10:02:04.250,-9.0,-2.25,64.0,-5.04625,2.158638,101.27,33.63,130.25,baseline
2013-06-30 10:02:04.500,-9.125,-2.875,64.0,5.656,2.156076,101.21,33.63,130.5,baseline
2013-06-30 10:02:04.750,-9.0,-2.625,64.0,-14.97875,2.14583,101.16,33.63,130.75,baseline
2013-06-30 10:02:05.000,-9.0,-2.625,64.0,17.451875,2.14583,101.1,33.63,131.0,baseline
2013-06-30 10:02:05.250,-9.125,-2.75,64.0,-3.418,2.140707,101.04,33.63,131.25,baseline
2013-06-30 10:02:05.500,-9.0,-2.5,64.0,5.025625,2.172725,100.99,33.63,131.5,baseline
2013-06-30 10:02:05.750,-9.0,-2.375,64.0,-4.416667,2.179129,100.93,33.63,131.75,baseline
2013-06-30 10:02:06.000,-9.0,-2.5,64.0,-7.518125,2.189374,100.88,33.65,132.0,baseline
2013-06-30 10:02:06.250,-9.0,-2.375,64.0,17.93625,2.198339,100.83,33.65,132.25,baseline
2013-06-30 10:02:06.500,-9.0,-2.5,64.0,-8.45,2.211147,100.79,33.65,132.5,baseline
2013-06-30 10:02:06.750,-9.0,-2.375,64.0,11.04125,2.227796,100.74,33.65,132.75,baseline
2013-06-30 10:02:07.000,-9.0,-2.375,64.0,8.5275,2.245726,100.7,33.63,133.0,baseline
2013-06-30 10:02:07.250,-9.0,-2.667,64.0,-6.077333,2.264937,100.66,33.63,133.25,baseline
2013-06-30 10:02:07.500,-9.0,-2.5,64.0,15.76625,2.27134,100.61,33.63,133.5,baseline
2013-06-30 10:02:07.750,-9.0,-2.375,64.0,1.328,2.280305,100.57,33.63,133.75,baseline
2013-06-30 10:02:08.000,-8.75,-2.625,64.0,9.014375,2.276463,100.52,33.61,134.0,baseline
2013-06-30 10:02:08.250,-9.0,-2.5,64.0,9.280625,2.27006,100.47,33.61,134.25,baseline
2013-06-30 10:02:08.500,-8.75,-2.5,64.0,8.341333,2.268779,100.42,33.61,134.5,baseline
2013-06-30 10:02:08.750,-8.75,-2.875,64.0,-2.999375,2.279025,100.38,33.61,134.75,baseline
2013-06-30 10:02:09.000,-8.875,-2.5,64.0,-19.970625,2.30592,100.33,33.63,135.0,baseline
2013-06-30 10:02:09.250,-8.625,-2.5,64.0,-19.798667,2.335376,100.29,33.63,135.25,baseline
2013-06-30 10:02:09.500,-8.875,-2.75,64.0,-2.6475,2.363552,100.25,33.63,135.5,baseline
2013-06-30 10:02:09.750,-9.0,-2.625,64.0,-18.448667,2.380201,100.21,33.63,135.75,baseline
2013-06-30 10:02:10.000,-9.0,-2.75,64.0,-4.674375,2.387885,100.17,33.63,136.0,baseline
2013-06-30 10:02:10.250,-9.0,-2.5,64.0,-9.041875,2.386605,100.13,33.63,136.25,baseline
2013-06-30 10:02:10.500,-8.875,-2.75,64.0,-9.116667,2.382762,100.1,33.63,136.5,baseline
2013-06-30 10:02:10.750,-8.875,-2.5,64.0,6.335625,2.369955,100.06,33.63,136.75,baseline
2013-06-30 10:02:11.000,-9.0,-2.625,64.0,-1.47,2.355867,100.03,33.65,137.0,baseline
2013-06-30 10:02:11.250,-8.778,-2.444,64.0,8.172667,2.34306,100.0,33.65,137.25,baseline
2013-06-30 10:02:11.500,-8.875,-2.75,64.0,-10.721875,2.328972,99.96,33.65,137.5,baseline
2013-06-30 10:02:11.750,-8.875,-2.375,64.0,1.516667,2.313604,99.93,33.65,137.75,baseline
2013-06-30 10:02:12.000,-8.625,-2.5,64.0,-3.82125,2.302077,99.9,33.65,138.0,baseline
2013-06-30 10:02:12.250,-8.625,-2.75,64.0,1.920625,2.294393,99.87,33.65,138.25,baseline
2013-06-30 10:02:12.500,-8.75,-2.625,64.0,4.69,2.285428,99.84,33.65,138.5,baseline
2013-06-30 10:02:12.750,-8.5,-2.875,64.0,-10.46875,2.277744,99.8,33.65,138.75,baseline
2013-06-30 10:02:13.000,-9.0,-2.75,64.0,13.910625,2.273902,99.77,33.66,139.0,baseline
2013-06-30 10:02:13.250,-8.5,-2.5,64.0,1.674667,2.267498,99.74,33.66,139.25,baseline
2013-06-30 10:02:13.500,-8.625,-2.375,64.0,0.94,2.259814,99.7,33.66,139.5,baseline
2013-06-30 10:02:13.750,-8.625,-2.375,64.0,9.806667,2.255972,99.67,33.66,139.75,baseline
2013-06-30 10:02:14.000,-8.625,-2.25,64.0,-4.881875,2.250849,99.63,33.63,140.0,baseline
2013-06-30 10:02:14.250,-8.5,-2.5,64.0,5.18,2.247007,99.59,33.63,140.25,baseline
2013-06-30 10:02:14.500,-8.5,-2.375,64.0,7.539333,2.241884,99.56,33.63,140.5,baseline
2013-06-30 10:02:14.750,-8.625,-2.625,64.0,-20.503125,2.239322,99.52,33.63,140.75,baseline
2013-06-30 10:02:15.000,-8.778,-2.111,64.0,10.26125,2.232919,99.47,33.63,141.0,baseline
2013-06-30 10:02:15.250,-8.375,-2.25,64.0,-3.814,2.229077,99.42,33.63,141.25,baseline
2013-06-30 10:02:15.500,-8.5,-2.375,64.0,-14.24375,2.226515,99.36,33.63,141.5,baseline
2013-06-30 10:02:15.750,-8.375,-2.25,64.0,7.075333,2.222673,99.31,33.63,141.75,baseline
2013-06-30 10:02:16.000,-8.625,-2.5,64.0,-4.07125,2.221392,99.25,33.65,142.0,baseline
2013-06-30 10:02:16.250,-8.5,-2.625,64.0,4.455,2.216269,99.19,33.65,142.25,baseline
2013-06-30 10:02:16.500,-8.375,-2.125,64.0,5.323333,2.21755,99.14,33.65,142.5,baseline
2013-06-30 10:02:16.750,-8.5,-2.75,64.0,-13.704375,2.213708,99.08,33.65,142.75,baseline
2013-06-30 10:02:17.000,-8.5,-2.5,64.0,12.76,2.214989,99.03,33.63,143.0,baseline
2013-06-30 10:02:17.250,-8.5,-2.375,64.0,2.453333,2.213708,98.98,33.63,143.25,baseline
2013-06-30 10:02:17.500,-8.375,-2.25,64.0,-11.350625,2.208585,98.93,33.63,143.5,baseline
2013-06-30 10:02:17.750,-8.25,-2.625,64.0,9.602,2.203462,98.88,33.63,143.75,baseline
2013-06-30 10:02:18.000,-8.25,-2.25,64.0,-4.57375,2.206024,98.83,33.61,144.0,baseline
2013-06-30 10:02:18.250,-8.25,-2.5,64.0,-2.575,2.203462,98.78,33.61,144.25,baseline
2013-06-30 10:02:18.500,-8.375,-2.625,64.0,11.040667,2.197059,98.74,33.61,144.5,baseline
2013-06-30 10:02:18.750,-8.0,-2.875,64.0,-14.164375,2.19962,98.69,33.61,144.75,baseline
2013-06-30 10:02:19.000,-8.444,-2.444,64.0,5.085,2.195778,98.65,33.63,145.0,baseline
2013-06-30 10:02:19.250,-8.25,-2.25,64.0,7.323333,2.195778,98.61,33.63,145.25,baseline
2013-06-30 10:02:19.500,-8.375,-2.5,64.0,-19.85,2.194497,98.56,33.63,145.5,baseline
2013-06-30 10:02:19.750,-8.625,-2.625,64.0,11.440667,2.190655,98.52,33.63,145.75,baseline
2013-06-30 10:02:20.000,-8.75,-2.625,64.0,4.251875,2.193217,98.47,33.63,146.0,baseline
2013-06-30 10:02:20.250,-8.625,-2.375,64.0,-16.538125,2.190655,98.43,33.63,146.25,baseline
2013-06-30 10:02:20.500,-8.5,-2.375,64.0,16.620667,2.186813,98.38,33.63,146.5,baseline
2013-06-30 10:02:20.750,-8.75,-2.5,64.0,-5.591875,2.184252,98.34,33.63,146.75,baseline
2013-06-30 10:02:21.000,-8.375,-2.375,64.0,-3.945,2.186813,98.3,33.65,147.0,baseline
2013-06-30 10:02:21.250,-8.125,-2.375,64.0,14.062,2.18041,98.26,33.65,147.25,baseline
2013-06-30 10:02:21.500,-8.25,-2.625,64.0,-19.45375,2.176567,98.23,33.65,147.5,baseline
2013-06-30 10:02:21.750,-8.5,-2.625,64.0,15.663333,2.171445,98.2,33.65,147.75,baseline
2013-06-30 10:02:22.000,-9.125,-2.625,63.875,8.008125,2.170164,98.17,33.63,148.0,baseline
2013-06-30 10:02:22.250,-7.0,-2.5,64.0,-17.748125,2.168883,98.14,33.63,148.25,baseline
2013-06-30 10:02:22.500,-8.75,-2.75,64.0,21.132667,2.166322,98.12,33.63,148.5,baseline
2013-06-30 10:02:22.750,-9.0,-2.667,64.111,-5.761875,2.16376,98.09,33.63,148.75,baseline
2013-06-30 10:02:23.000,-8.375,-2.5,64.0,-3.57125,2.16376,98.07,33.63,149.0,baseline
2013-06-30 10:02:23.250,-8.5,-2.625,64.0,14.452667,2.165041,98.05,33.63,149.25,baseline
2013-06-30 10:02:23.500,-8.875,-2.625,64.0,-18.02125,2.158638,98.02,33.63,149.5,baseline
2013-06-30 10:02:23.750,-8.625,-2.625,64.0,24.363333,2.165041,97.99,33.63,149.75,baseline
2013-06-30 10:02:24.000,-8.5,-2.875,64.25,2.4675,2.161199,97.97,33.63,150.0,baseline
2013-06-30 10:02:24.250,-8.0,-2.875,64.0,-1.189375,2.157357,97.95,33.63,150.25,baseline
2013-06-30 10:02:24.500,-8.125,-2.75,64.0,10.475333,2.159918,97.92,33.63,150.5,baseline
2013-06-30 10:02:24.750,-8.0,-2.875,64.0,-23.666875,2.150953,97.9,33.63,150.75,baseline
2013-06-30 10:02:25.000,-8.5,-2.875,64.0,20.11625,2.150953,97.87,33.61,151.0,baseline
2013-06-30 10:02:25.250,-9.25,-2.875,64.0,3.276667,2.150953,97.84,33.61,151.25,baseline
2013-06-30 10:02:25.500,-9.0,-2.75,64.0,-13.61125,2.150953,97.81,33.61,151.5,baseline
2013-06-30 10:02:25.750,-9.0,-2.75,64.0,17.924667,2.154795,97.78,33.61,151.75,baseline
2013-06-30 10:02:26.000,-9.0,-2.875,64.0,-12.275,2.150953,97.75,33.61,152.0,baseline
2013-06-30 10:02:26.250,-9.0,-3.0,64.0,-5.171875,2.154795,97.72,33.61,152.25,baseline
2013-06-30 10:02:26.500,-9.25,-2.625,64.0,10.808,2.153515,97.69,33.61,152.5,baseline
2013-06-30 10:02:26.750,-8.0,-2.444,64.0,-10.324375,2.150953,97.66,33.61,152.75,baseline
2013-06-30 10:02:27.000,-8.25,-2.875,64.0,24.92875,2.152234,97.63,33.59,153.0,baseline
2013-06-30 10:02:27.250,-8.25,-2.75,64.0,0.778667,2.157357,97.6,33.59,153.25,baseline
2013-06-30 10:02:27.500,-9.25,-3.0,64.0,-7.521875,2.16376,97.57,33.59,153.5,baseline
2013-06-30 10:02:27.750,-10.375,-2.75,64.75,10.749333,2.18169,97.53,33.59,153.75,baseline
2013-06-30 10:02:28.000,-4.875,-1.0,62.125,-14.15875,2.19962,97.5,33.59,154.0,baseline
2013-06-30 10:02:28.250,-4.625,-4.0,64.5,3.35875,2.225235,97.46,33.59,154.25,baseline
2013-06-30 10:02:28.500,-4.5,-2.125,66.25,26.784,2.25213,97.43,33.59,154.5,baseline
2013-06-30 10:02:28.750,-5.625,-3.375,64.375,-45.9425,2.284148,97.39,33.59,154.75,baseline
2013-06-30 10:02:29.000,-4.875,-3.625,64.25,9.2425,2.313604,97.35,33.59,155.0,baseline
2013-06-30 10:02:29.250,-4.875,-3.875,64.0,18.977333,2.363552,97.31,33.59,155.25,baseline
2013-06-30 10:02:29.500,-4.5,-3.375,64.125,-16.3325,2.400692,97.27,33.59,155.5,baseline
2013-06-30 10:02:29.750,-4.375,-3.375,64.375,10.702667,2.433991,97.22,33.59,155.75,baseline
2013-06-30 10:02:30.000,-4.25,-3.875,64.5,-7.416875,2.40156,97.18,33.61,156.0,baseline
2013-06-30 10:02:30.250,-4.125,-3.375,64.125,12.61125,2.354174,97.14,33.61,156.25,baseline
2013-06-30 10:02:30.500,-4.0,-3.444,64.444,-5.004667,2.377227,97.09,33.61,156.5,baseline
2013-06-30 10:02:30.750,-4.0,-3.25,64.375,-19.665625,2.368262,97.05,33.61,156.75,baseline
2013-06-30 10:02:31.000,-3.875,-3.125,64.125,4.696875,2.356735,97.0,33.61,157.0,baseline
2013-06-30 10:02:31.250,-4.0,-3.75,64.375,-20.196,2.334963,96.95,33.61,157.25,baseline
2013-06-30 10:02:31.500,-3.875,-3.375,64.25,-5.743125,2.318314,96.9,33.61,157.5,baseline
2013-06-30 10:02:31.750,-3.625,-3.625,64.5,24.604,2.308068,96.85,33.61,157.75,baseline
2013-06-30 10:02:32.000,-3.0,-3.25,64.25,-3.385,2.304226,96.8,33.59,158.0,baseline
2013-06-30 10:02:32.250,-3.25,-3.375,64.125,4.86,2.320875,96.75,33.59,158.25,baseline
2013-06-30 10:02:32.500,-3.125,-3.375,64.5,-4.09,2.351612,96.71,33.59,158.5,baseline
2013-06-30 10:02:32.750,-3.125,-3.5,64.125,12.996875,2.375946,96.67,33.59,158.75,baseline
2013-06-30 10:02:33.000,-3.0,-3.5,64.625,7.235,2.400279,96.62,33.61,159.0,baseline
2013-06-30 10:02:33.250,-3.0,-3.375,64.125,-3.386,2.41949,96.57,33.61,159.25,baseline
2013-06-30 10:02:33.500,-3.0,-3.5,64.5,-3.108125,2.424613,96.52,33.61,159.5,baseline
2013-06-30 10:02:33.750,-3.0,-3.5,64.625,-1.792667,2.41949,96.47,33.61,159.75,baseline
2013-06-30 10:02:34.000,-3.0,-3.375,64.25,-8.6375,2.407964,96.42,33.57,160.0,baseline
2013-06-30 10:02:34.250,-3.0,-3.5,64.25,129.323125,2.396437,96.37,33.57,160.25,baseline
2013-06-30 10:02:34.500,-3.0,-3.444,64.0,137.43,2.38363,96.31,33.57,160.5,baseline
2013-06-30 10:02:34.750,-3.0,-3.375,64.375,-35.2475,2.373384,96.26,33.57,160.75,baseline
2013-06-30 10:02:35.000,-3.0,-3.25,64.125,-83.845625,2.359297,96.2,33.59,161.0,baseline
2013-06-30 10:02:35.250,-2.875,-3.5,64.25,-20.777333,2.351612,96.14,33.59,161.25,baseline
2013-06-30 10:02:35.500,-2.75,-3.625,64.5,-223.806875,2.338805,96.09,33.59,161.5,baseline
2013-06-30 10:02:35.750,-2.875,-3.5,64.625,-33.300667,2.327279,96.03,33.59,161.75,baseline
2013-06-30 10:02:36.000,-3.0,-3.25,64.375,-23.6875,2.315752,95.98,33.59,162.0,baseline
2013-06-30 10:02:36.250,-2.5,-3.375,64.625,17.26625,2.306787,95.93,33.59,162.25,baseline
2013-06-30 10:02:36.500,-2.625,-3.375,64.25,-9.102,2.292699,95.88,33.59,162.5,baseline
2013-06-30 10:02:36.750,-2.75,-3.625,64.5,4.19,2.288857,95.83,33.59,162.75,baseline
2013-06-30 10:02:37.000,-2.75,-3.125,64.25,4.966875,2.278612,95.77,33.61,163.0,baseline
2013-06-30 10:02:37.250,-2.875,-3.5,64.5,14.097333,2.268366,95.71,33.61,163.25,baseline
2013-06-30 10:02:37.500,-2.875,-3.25,64.375,27.7225,2.263243,95.64,33.61,163.5,baseline
2013-06-30 10:02:37.750,-3.0,-3.375,64.75,3.39,2.25812,95.57,33.61,163.75,baseline
2013-06-30 10:02:38.000,-2.875,-3.5,64.25,23.09375,2.255559,95.5,33.61,164.0,baseline
2013-06-30 10:02:38.250,-2.778,-3.0,64.778,2.723125,2.250436,95.43,33.61,164.25,baseline
2013-06-30 10:02:38.500,-2.625,-3.25,64.5,21.544,2.247874,95.37,33.61,164.5,baseline
2013-06-30 10:02:38.750,-2.375,-3.375,64.375,8.081875,2.241471,95.31,33.61,164.75,baseline
2013-06-30 10:02:39.000,-2.75,-3.0,64.625,13.479375,2.238909,95.25,33.61,165.0,baseline
2013-06-30 10:02:39.250,-2.625,-3.0,64.375,25.942,2.232506,95.19,33.61,165.25,baseline
2013-06-30 10:02:39.500,-2.5,-3.25,64.25,-12.765,2.227383,95.14,33.61,165.5,baseline
2013-06-30 10:02:39.750,-2.5,-3.125,64.75,8.681333,2.226102,95.09,33.61,165.75,baseline
2013-06-30 10:02:40.000,-2.375,-3.25,64.5,7.83625,2.224822,95.05,33.61,166.0,baseline
2013-06-30 10:02:40.250,-2.375,-3.25,64.625,4.81625,2.217137,95.01,33.61,166.25,baseline
2013-06-30 10:02:40.500,-2.25,-3.25,64.5,0.98,2.219699,94.98,33.61,166.5,baseline
2013-06-30 10:02:40.750,-2.125,-3.25,64.5,-11.96375,2.220979,94.95,33.61,166.75,baseline
2013-06-30 10:02:41.000,-2.375,-3.375,64.5,-6.095625,2.214576,94.93,33.61,167.0,baseline
2013-06-30 10:02:41.250,-2.5,-3.375,64.25,-13.040667,2.220979,94.92,33.61,167.25,baseline
2013-06-30 10:02:41.500,-2.5,-3.375,64.5,15.4975,2.217137,94.92,33.61,167.5,baseline
2013-06-30 10:02:41.750,-2.75,-3.25,64.5,3.510667,2.213295,94.92,33.61,167.75,baseline
2013-06-30 10:02:42.000,-2.375,-3.125,64.375,0.53875,2.217137,94.92,33.61,168.0,baseline
2013-06-30 10:02:42.250,-2.556,-3.333,64.556,-2.510625,2.213295,94.91,33.61,168.25,baseline
2013-06-30 10:02:42.500,-2.25,-3.125,64.25,-11.131333,2.206892,94.9,33.61,168.5,baseline
2013-06-30 10:02:42.750,-2.375,-3.25,64.25,5.876875,2.196646,94.89,33.61,168.75,baseline
2013-06-30 10:02:43.000,-2.25,-3.0,64.5,3.455625,2.194084,94.87,33.61,169.0,baseline
2013-06-30 10:02:43.250,-2.25,-3.125,64.625,-1.662667,2.188962,94.85,33.61,169.25,baseline
2013-06-30 10:02:43.500,-2.125,-3.125,64.5,18.2325,2.183839,94.83,33.61,169.5,baseline
2013-06-30 10:02:43.750,-2.125,-3.0,64.25,-3.648667,2.179996,94.81,33.61,169.75,baseline
2013-06-30 10:02:44.000,-2.25,-3.25,64.75,-7.041875,2.177435,94.8,33.63,170.0,baseline
2013-06-30 10:02:44.250,-2.375,-3.125,64.375,2.069375,2.16847,94.8,33.63,170.25,baseline
2013-06-30 10:02:44.500,-2.25,-3.125,64.75,-15.478,2.173593,94.81,33.63,170.5,baseline
2013-06-30 10:02:44.750,-2.625,-3.0,64.5,8.684375,2.167189,94.82,33.63,170.75,baseline
2013-06-30 10:02:45.000,-3.25,-3.125,64.375,1.1775,2.167189,94.83,33.61,171.0,baseline
2013-06-30 10:02:45.250,-2.625,-3.0,64.625,-8.164,2.169751,94.84,33.61,171.25,baseline
2013-06-30 10:02:45.500,-1.625,-3.25,64.625,17.7125,2.169751,94.85,33.61,171.5,baseline
2013-06-30 10:02:45.750,-1.375,-3.25,64.625,-13.090667,2.172312,94.85,33.61,171.75,baseline
2013-06-30 10:02:46.000,-0.222,-3.778,64.333,-1.156875,2.169751,94.85,33.63,172.0,baseline
2013-06-30 10:02:46.250,-1.875,-3.625,64.875,5.72375,2.165909,94.85,33.63,172.25,baseline
2013-06-30 10:02:46.500,0.0,-3.5,64.375,-9.902,2.160786,94.84,33.63,172.5,baseline
2013-06-30 10:02:46.750,2.875,-3.0,64.5,14.465625,2.159505,94.83,33.63,172.75,baseline
2013-06-30 10:02:47.000,-0.25,-3.25,64.5,-7.836875,2.156944,94.82,33.61,173.0,baseline
2013-06-30 10:02:47.250,-1.75,-3.5,64.5,11.895333,2.155663,94.81,33.61,173.25,baseline
2013-06-30 10:02:47.500,-2.75,-4.0,64.375,11.61125,2.153101,94.8,33.61,173.5,baseline
2013-06-30 10:02:47.750,-2.25,-3.625,64.375,-12.074667,2.153101,94.79,33.61,173.75,baseline
2013-06-30 10:02:48.000,-2.375,-3.25,64.75,12.203125,2.154382,94.78,33.63,174.0,baseline
2013-06-30 10:02:48.250,-1.875,-3.5,64.5,-8.726875,2.177435,94.77,33.63,174.25,baseline
2013-06-30 10:02:48.500,-1.5,-3.375,64.5,-9.478,2.190242,94.75,33.63,174.5,baseline
2013-06-30 10:02:48.750,-0.875,-3.0,64.375,10.8325,2.185119,94.73,33.63,174.75,baseline
2013-06-30 10:02:49.000,-0.375,-3.0,64.625,-12.141875,2.176154,94.72,33.63,175.0,baseline
2013-06-30 10:02:49.250,-0.5,-3.0,64.75,11.792667,2.171031,94.71,33.63,175.25,baseline
2013-06-30 10:02:49.500,-0.5,-3.0,64.625,-0.645,2.179996,94.7,33.63,175.5,baseline
2013-06-30 10:02:49.750,-1.5,-3.75,64.375,-3.208,2.181277,94.69,33.63,175.75,baseline
2013-06-30 10:02:50.000,-1.556,-3.889,64.667,10.2625,2.177435,94.68,33.63,176.0,baseline
2013-06-30 10:02:50.250,-1.875,-4.0,64.625,-12.775,2.171031,94.67,33.63,176.25,baseline
2013-06-30 10:02:50.500,-2.0,-4.0,64.625,20.568667,2.167189,94.66,33.63,176.5,baseline
2013-06-30 10:02:50.750,-1.875,-4.0,64.5,10.754375,2.167189,94.64,33.63,176.75,baseline
2013-06-30 10:02:51.000,-1.75,-4.0,64.375,-15.105,2.165909,94.63,33.59,177.0,baseline
2013-06-30 10:02:51.250,-1.75,-4.0,64.25,10.262,2.164628,94.61,33.59,177.25,baseline
2013-06-30 10:02:51.500,-1.625,-4.0,64.375,-17.79,2.172312,94.6,33.59,177.5,baseline
2013-06-30 10:02:51.750,-1.625,-4.0,64.875,-12.145333,2.183839,94.59,33.59,177.75,baseline
2013-06-30 10:02:52.000,-2.0,-4.0,64.375,4.46875,2.171031,94.58,33.59,178.0,baseline
2013-06-30 10:02:52.250,-1.5,-4.0,64.625,-17.969375,2.16847,94.58,33.59,178.25,baseline
2013-06-30 10:02:52.500,-1.75,-4.0,64.25,68.471333,2.159505,94.58,33.59,178.5,baseline
2013-06-30 10:02:52.750,-1.625,-4.0,64.75,81.86625,2.160786,94.57,33.59,178.75,baseline
2013-06-30 10:02:53.000,-1.625,-3.875,64.25,-9.531875,2.158224,94.57,33.59,179.0,baseline
2013-06-30 10:02:53.250,-1.75,-4.0,64.75,-70.976,2.151821,94.56,33.59,179.25,baseline
2013-06-30 10:02:53.500,-1.5,-4.0,64.375,-151.549375,2.151821,94.54,33.59,179.5,baseline
2013-06-30 10:02:53.750,-2.0,-4.0,64.556,-45.803333,2.155663,94.52,33.59,179.75,baseline
2013-06-30 10:02:54.000,-2.0,-4.0,64.25,78.6025,2.155663,94.5,33.61,180.0,baseline
2013-06-30 10:02:54.250,-1.875,-4.0,64.625,173.26625,2.159505,94.47,33.61,180.25,baseline
2013-06-30 10:02:54.500,-2.0,-4.0,64.25,9.823333,2.167189,94.44,33.61,180.5,baseline
2013-06-30 10:02:54.750,-2.0,-4.0,64.375,-103.018125,2.171031,94.41,33.61,180.75,baseline
2013-06-30 10:02:55.000,-2.0,-4.0,64.375,-60.03125,2.172312,94.38,33.59,181.0,baseline
2013-06-30 10:02:55.250,-2.0,-4.0,64.375,34.894667,2.178716,94.35,33.59,181.25,baseline
2013-06-30 10:02:55.500,-1.875,-4.0,64.625,27.605625,2.177435,94.31,33.59,181.5,baseline
2013-06-30 10:02:55.750,-1.875,-3.875,64.625,22.253333,2.174874,94.29,33.59,181.75,baseline
2013-06-30 10:02:56.000,-2.0,-4.0,64.625,-12.955,2.174874,94.27,33.59,182.0,baseline
2013-06-30 10:02:56.250,-1.875,-4.0,64.125,-19.89625,2.169751,94.26,33.59,182.25,baseline
2013-06-30 10:02:56.500,-1.75,-4.0,64.5,-16.909333,2.163347,94.27,33.59,182.5,baseline
2013-06-30 10:02:56.750,-2.0,-4.0,64.125,-21.410625,2.159505,94.28,33.59,182.75,baseline
2013-06-30 10:02:57.000,-2.0,-4.0,64.625,-9.486875,2.154382,94.3,33.59,183.0,baseline
2013-06-30 10:02:57.250,-1.875,-4.0,64.625,72.306667,2.156944,94.32,33.59,183.25,baseline
2013-06-30 10:02:57.500,-1.75,-4.0,64.625,62.73375,2.147979,94.35,33.59,183.5,baseline
2013-06-30 10:02:57.750,-2.0,-4.0,64.444,-10.276667,2.15054,94.37,33.59,183.75,baseline
2013-06-30 10:02:58.000,-2.0,-4.0,64.75,-47.81125,2.146698,94.4,33.57,184.0,baseline
2013-06-30 10:02:58.250,-1.875,-4.0,64.5,-23.94125,2.144137,94.43,33.57,184.25,baseline
2013-06-30 10:02:58.500,-1.75,-4.0,64.75,-22.248,2.144137,94.46,33.57,184.5,baseline
2013-06-30 10:02:58.750,-1.625,-4.0,64.125,4.389375,2.136452,94.49,33.57,184.75,baseline
2013-06-30 10:02:59.000,-1.75,-4.0,64.125,1.5775,2.139014,94.52,33.55,185.0,baseline
2013-06-30 10:02:59.250,-1.5,-4.0,64.5,-10.687333,2.130049,94.55,33.55,185.25,baseline
2013-06-30 10:02:59.500,-2.0,-4.0,64.625,3.023125,2.13261,94.59,33.55,185.5,baseline
2013-06-30 10:02:59.750,-2.0,-4.0,64.375,-12.926667,2.127487,94.63,33.55,185.75,baseline
2013-06-30 10:03:00.000,-2.0,-4.0,64.375,-0.675625,2.127487,94.67,33.57,186.0,baseline
2013-06-30 10:03:00.250,-2.0,-4.0,64.625,-0.55375,2.128768,94.71,33.57,186.25,baseline
2013-06-30 10:03:00.500,-1.875,-4.0,64.25,-20.587333,2.130049,94.75,33.57,186.5,baseline
2013-06-30 10:03:00.750,-2.0,-4.0,64.625,4.304375,2.154382,94.77,33.57,186.75,baseline
2013-06-30 10:03:01.000,-1.875,-4.0,64.375,-2.266875,2.183839,94.78,33.59,187.0,baseline
2013-06-30 10:03:01.250,-1.75,-4.0,64.375,-20.902667,2.215857,94.77,33.59,187.25,baseline
2013-06-30 10:03:01.500,-1.667,-4.0,64.556,6.853125,2.238909,94.74,33.59,187.5,baseline
2013-06-30 10:03:01.750,-1.75,-4.0,64.5,-1.434,2.254278,94.71,33.59,187.75,baseline
2013-06-30 10:03:02.000,-1.875,-4.0,64.625,-8.190625,2.261962,94.68,33.59,188.0,baseline
2013-06-30 10:03:02.250,-2.0,-4.0,64.625,13.30625,2.263243,94.65,33.59,188.25,baseline
2013-06-30 10:03:02.500,-1.875,-4.0,64.375,-10.957333,2.263243,94.63,33.59,188.5,baseline
2013-06-30 10:03:02.750,-2.0,-4.0,64.25,9.245,2.260682,94.62,33.59,188.75,baseline
2013-06-30 10:03:03.000,-2.0,-4.0,64.125,5.119375,2.254278,94.6,33.55,189.0,baseline
2013-06-30 10:03:03.250,-2.0,-4.0,64.5,-23.674667,2.247874,94.58,33.55,189.25,baseline
2013-06-30 10:03:03.500,-2.0,-4.0,64.625,21.340625,2.245313,94.56,33.55,189.5,baseline
2013-06-30 10:03:03.750,-2.0,-4.0,64.5,1.853333,2.245313,94.54,33.55,189.75,baseline
2013-06-30 10:03:04.000,-2.0,-3.875,64.375,-7.2675,2.247874,94.52,33.57,190.0,baseline
2013-06-30 10:03:04.250,-1.875,-4.0,64.375,15.193125,2.245313,94.5,33.57,190.25,baseline
2013-06-30 10:03:04.500,-1.625,-4.0,64.5,-23.404,2.247874,94.48,33.57,190.5,baseline
2013-06-30 10:03:04.750,-2.0,-4.0,64.375,10.86875,2.244032,94.47,33.57,190.75,baseline
2013-06-30 10:03:05.000,-1.75,-4.0,64.25,9.019375,2.244032,94.45,33.57,191.0,baseline
2013-06-30 10:03:05.250,-2.0,-4.0,64.625,-7.212,2.235067,94.43,33.57,191.25,baseline
2013-06-30 10:03:05.500,-2.0,-4.0,64.333,28.24625,2.236348,94.42,33.57,191.5,baseline
2013-06-30 10:03:05.750,-2.0,-4.0,64.5,-10.274667,2.224822,94.4,33.57,191.75,baseline
2013-06-30 10:03:06.000,-2.0,-4.0,64.625,14.0375,2.226102,94.38,33.59,192.0,baseline
2013-06-30 10:03:06.250,-2.0,-4.0,64.5,12.579375,2.210734,94.36,33.59,192.25,baseline
2013-06-30 10:03:06.500,-2.0,-4.0,64.375,-23.673333,2.210734,94.34,33.59,192.5,baseline
2013-06-30 10:03:06.750,-2.0,-4.0,64.875,21.48125,2.201769,94.32,33.59,192.75,baseline
2013-06-30 10:03:07.000,-2.0,-4.0,64.25,-11.255,2.199207,94.3,33.59,193.0,baseline
2013-06-30 10:03:07.250,-2.0,-4.0,64.375,2.739333,2.187681,94.28,33.59,193.25,baseline
2013-06-30 10:03:07.500,-1.875,-4.0,64.625,7.4425,2.183839,94.26,33.59,193.5,baseline
2013-06-30 10:03:07.750,-2.0,-4.0,64.5,-25.138,2.181277,94.24,33.59,193.75,baseline
2013-06-30 10:03:08.000,-1.875,-4.0,64.375,23.80375,2.169751,94.22,33.55,194.0,baseline
2013-06-30 10:03:08.250,-1.75,-4.0,64.5,0.804375,2.164628,94.2,33.55,194.25,baseline
2013-06-30 10:03:08.500,-2.0,-4.0,64.625,17.478667,2.165909,94.17,33.55,194.5,baseline
2013-06-30 10:03:08.750,-2.0,-4.0,64.375,20.23875,2.160786,94.15,33.55,194.75,baseline
2013-06-30 10:03:09.000,-1.875,-4.0,64.625,-20.1325,2.156944,94.12,33.55,195.0,baseline
2013-06-30 10:03:09.250,-2.0,-4.0,64.333,15.732667,2.158224,94.09,33.55,195.25,baseline
2013-06-30 10:03:09.500,-2.0,-4.0,64.25,-3.724375,2.156944,94.06,33.55,195.5,baseline
2013-06-30 10:03:09.750,-2.125,-4.0,64.625,-10.398,2.158224,94.03,33.55,195.75,baseline
2013-06-30 10:03:10.000,-2.0,-4.0,64.375,13.554375,2.167189,94.0,33.57,196.0,baseline
2013-06-30 10:03:10.250,-2.0,-4.0,64.125,-17.7225,2.160786,93.97,33.57,196.25,baseline
2013-06-30 10:03:10.500,-2.0,-4.0,64.25,-7.545333,2.165909,93.93,33.57,196.5,baseline
2013-06-30 10:03:10.750,-2.0,-4.0,64.5,9.6675,2.156944,93.9,33.57,196.75,baseline
2013-06-30 10:03:11.000,-2.0,-4.0,64.75,-15.795,2.156944,93.87,33.57,197.0,baseline
2013-06-30 10:03:11.250,-2.0,-4.0,64.5,17.508,2.145417,93.84,33.57,197.25,baseline
2013-06-30 10:03:11.500,-2.0,-4.0,64.375,9.588125,2.146698,93.81,33.57,197.5,baseline
2013-06-30 10:03:11.750,-2.0,-4.0,64.25,-18.038667,2.140294,93.78,33.57,197.75,baseline
2013-06-30 10:03:12.000,-2.0,-4.0,64.625,14.526875,2.141575,93.75,33.55,198.0,baseline
2013-06-30 10:03:12.250,-2.125,-4.0,64.375,-0.34625,2.128768,93.72,33.55,198.25,baseline
2013-06-30 10:03:12.500,-2.0,-4.0,64.625,-21.117333,2.13133,93.69,33.55,198.5,baseline
2013-06-30 10:03:12.750,-2.25,-4.0,64.25,13.6375,2.121084,93.66,33.55,198.75,baseline
2013-06-30 10:03:13.000,-2.375,-4.0,64.375,-9.095625,2.123645,93.63,33.55,199.0,baseline
2013-06-30 10:03:13.250,-2.0,-4.0,64.222,-14.280667,2.118522,93.6,33.55,199.25,baseline
2013-06-30 10:03:13.500,-2.0,-4.0,64.25,0.46125,2.119803,93.58,33.55,199.5,baseline
2013-06-30 10:03:13.750,-2.0,-4.0,64.25,-21.150667,2.11468,93.55,33.55,199.75,baseline
2013-06-30 10:03:14.000,-2.0,-4.0,64.5,6.93,2.112119,93.53,33.57,200.0,baseline
2013-06-30 10:03:14.250,-2.25,-4.0,64.75,1.1475,2.104434,93.51,33.57,200.25,baseline
2013-06-30 10:03:14.500,-2.0,-4.0,64.25,-2.287333,2.101873,93.49,33.57,200.5,baseline
2013-06-30 10:03:14.750,-2.0,-4.0,64.375,14.166875,2.099312,93.48,33.57,200.75,baseline
2013-06-30 10:03:15.000,-2.0,-3.875,64.5,-14.6,2.099312,93.47,33.55,201.0,baseline
2013-06-30 10:03:15.250,-2.25,-4.0,64.5,10.867333,2.092908,93.47,33.55,201.25,baseline
2013-06-30 10:03:15.500,-2.25,-4.0,64.375,5.225625,2.095469,93.47,33.55,201.5,baseline
2013-06-30 10:03:15.750,-2.625,-4.0,64.5,-19.28,2.087785,93.47,33.55,201.75,baseline
2013-06-30 10:03:16.000,-2.125,-4.0,64.25,18.22375,2.094189,93.47,33.57,202.0,baseline
2013-06-30 10:03:16.250,-2.0,-4.0,64.25,4.07875,2.090347,93.47,33.57,202.25,baseline
2013-06-30 10:03:16.500,-2.0,-4.0,64.375,-18.218667,2.112119,93.47,33.57,202.5,baseline
2013-06-30 10:03:16.750,-2.125,-4.0,64.75,13.005625,2.124926,93.47,33.57,202.75,baseline
2013-06-30 10:03:17.000,-2.111,-4.0,64.889,-7.695,2.147979,93.47,33.55,203.0,baseline
2013-06-30 10:03:17.250,-2.0,-4.0,64.5,-23.494667,2.163347,93.47,33.55,203.25,baseline
2013-06-30 10:03:17.500,-2.0,-4.0,64.375,15.398125,2.187681,93.47,33.55,203.5,baseline
2013-06-30 10:03:17.750,-2.0,-4.0,64.625,0.348667,2.194084,93.47,33.55,203.75,baseline
2013-06-30 10:03:18.000,-2.25,-4.0,64.5,-4.68,2.206892,93.48,33.59,204.0,baseline
2013-06-30 10:03:18.250,-2.25,-4.0,64.625,7.890625,2.199207,93.49,33.59,204.25,baseline
2013-06-30 10:03:18.500,-2.375,-4.0,64.5,-12.123333,2.191523,93.5,33.59,204.5,baseline
2013-06-30 10:03:18.750,-2.0,-4.0,64.75,18.555,2.178716,93.51,33.59,204.75,baseline
2013-06-30 10:03:19.000,-2.5,-4.0,64.5,0.906875,2.171031,93.52,33.57,205.0,baseline
2013-06-30 10:03:19.250,-2.125,-4.0,64.125,-22.866,2.158224,93.53,33.57,205.25,baseline
2013-06-30 10:03:19.500,-2.0,-4.0,64.625,16.285625,2.149259,93.54,33.57,205.5,baseline
2013-06-30 10:03:19.750,-2.0,-4.0,64.125,-4.971333,2.139014,93.55,33.57,205.75,baseline
2013-06-30 10:03:20.000,-2.125,-4.0,64.5,-5.57625,2.128768,93.57,33.59,206.0,baseline
2013-06-30 10:03:20.250,-2.0,-4.0,64.5,12.4675,2.121084,93.59,33.59,206.25,baseline
2013-06-30 10:03:20.500,-2.125,-4.0,64.125,-26.19,2.11468,93.61,33.59,206.5,baseline
2013-06-30 10:03:20.750,-2.0,-4.0,64.5,8.95,2.108277,93.63,33.59,206.75,baseline
2013-06-30 10:03:21.000,-2.222,-4.0,64.222,3.248125,2.106996,93.65,33.59,207.0,baseline
2013-06-30 10:03:21.250,-2.125,-4.0,64.375,-3.998667,2.100592,93.67,33.59,207.25,baseline
2013-06-30 10:03:21.500,-2.375,-4.0,64.375,23.005625,2.095469,93.69,33.59,207.5,baseline
2013-06-30 10:03:21.750,-2.25,-4.0,64.75,-16.528,2.090347,93.7,33.59,207.75,baseline
2013-06-30 10:03:22.000,-2.25,-4.0,64.25,17.255,2.091627,93.72,33.57,208.0,baseline
2013-06-30 10:03:22.250,-2.0,-4.0,64.375,-1.679375,2.083943,93.74,33.57,208.25,baseline
2013-06-30 10:03:22.500,-2.125,-4.0,64.25,-12.028,2.085224,93.75,33.57,208.5,baseline
2013-06-30 10:03:22.750,-2.0,-4.0,64.375,12.31125,2.085224,93.77,33.57,208.75,baseline
2013-06-30 10:03:23.000,-2.25,-4.0,64.125,-21.81125,2.080101,93.78,33.57,209.0,baseline
2013-06-30 10:03:23.250,-2.125,-4.0,64.625,17.264667,2.073697,93.79,33.57,209.25,baseline
2013-06-30 10:03:23.500,-2.0,-4.0,64.125,1.609375,2.076259,93.81,33.57,209.5,baseline
2013-06-30 10:03:23.750,-2.0,-4.0,64.25,-16.338,2.071136,93.82,33.57,209.75,baseline
2013-06-30 10:03:24.000,-2.0,-4.0,64.125,17.86375,2.067294,93.83,33.55,210.0,baseline
2013-06-30 10:03:24.250,-2.125,-4.0,64.5,-9.136875,2.067294,93.84,33.55,210.25,baseline
2013-06-30 10:03:24.500,-2.375,-4.0,64.25,28.945333,2.066013,93.85,33.55,210.5,baseline
2013-06-30 10:03:24.750,-2.444,-4.0,64.444,4.85375,2.064732,93.86,33.55,210.75,baseline
2013-06-30 10:03:25.000,-2.625,-4.0,64.25,-16.24625,2.058329,93.87,33.55,211.0,baseline
2013-06-30 10:03:25.250,-2.375,-4.0,64.25,14.12,2.057048,93.88,33.55,211.25,baseline
2013-06-30 10:03:25.500,-2.625,-4.0,64.5,-10.985625,2.049364,93.89,33.55,211.5,baseline
2013-06-30 10:03:25.750,-2.25,-4.0,64.125,13.982667,2.049364,93.9,33.55,211.75,baseline
2013-06-30 10:03:26.000,-2.0,-4.0,64.5,6.556875,2.048083,93.9,33.55,212.0,baseline
2013-06-30 10:03:26.250,-2.0,-4.0,64.5,-27.54125,2.045521,93.9,33.55,212.25,baseline
2013-06-30 10:03:26.500,-2.125,-4.0,64.25,13.098,2.041679,93.89,33.55,212.5,baseline
2013-06-30 10:03:26.750,-2.125,-4.0,64.375,-6.329375,2.035276,93.89,33.55,212.75,baseline
2013-06-30 10:03:27.000,-2.375,-4.0,64.125,-1.6325,2.030153,93.88,33.55,213.0,baseline
2013-06-30 10:03:27.250,-2.75,-4.0,64.375,11.614,2.028872,93.87,33.55,213.25,baseline
2013-06-30 10:03:27.500,-3.125,-4.0,64.0,-15.225625,2.02503,93.87,33.55,213.5,baseline
2013-06-30 10:03:27.750,-2.75,-4.0,64.25,22.026667,2.023749,93.86,33.55,213.75,baseline
2013-06-30 10:03:28.000,-3.0,-4.0,64.25,-1.281875,2.019907,93.85,33.59,214.0,baseline
2013-06-30 10:03:28.250,-3.0,-4.0,64.5,-7.991875,2.018627,93.84,33.59,214.25,baseline
2013-06-30 10:03:28.500,-3.0,-3.25,64.625,17.112667,2.016065,93.83,33.59,214.5,baseline
2013-06-30 10:03:28.750,-2.667,-3.333,64.667,-12.9,2.010942,93.81,33.59,214.75,baseline
2013-06-30 10:03:29.000,-2.375,-3.625,64.5,2.555,2.014784,93.8,33.55,215.0,baseline
2013-06-30 10:03:29.250,-2.625,-4.0,64.75,17.118667,2.008381,93.79,33.55,215.25,baseline
2013-06-30 10:03:29.500,-2.25,-4.0,64.625,-19.21875,2.004539,93.78,33.55,215.5,baseline
2013-06-30 10:03:29.750,-2.0,-4.0,64.5,-1.772,1.994293,93.78,33.55,215.75,baseline
2013-06-30 10:03:30.000,-2.0,-4.5,64.0,6.289375,1.995574,93.77,33.57,216.0,baseline
2013-06-30 10:03:30.250,-0.25,-2.25,64.625,-23.6375,1.996854,93.76,33.57,216.25,baseline
2013-06-30 10:03:30.500,-0.625,1.875,64.0,11.28,2.003258,93.76,33.57,216.5,baseline
2013-06-30 10:03:30.750,0.875,2.0,64.875,8.550625,2.010942,93.75,33.57,216.75,baseline
2013-06-30 10:03:31.000,0.625,2.5,64.75,-7.330625,2.018627,93.75,33.55,217.0,baseline
2013-06-30 10:03:31.250,-1.375,-4.875,63.375,17.674667,2.039118,93.75,33.55,217.25,baseline
2013-06-30 10:03:31.500,-2.625,-3.0,64.375,-7.949375,2.051925,93.75,33.55,217.5,baseline
2013-06-30 10:03:31.750,-2.5,-3.0,64.625,-8.812667,2.068574,93.75,33.55,217.75,baseline
2013-06-30 10:03:32.000,-2.375,-3.0,64.5,8.97875,2.087785,93.75,33.55,218.0,baseline
2013-06-30 10:03:32.250,-2.625,-3.0,64.625,-18.426875,2.086504,93.76,33.55,218.25,baseline
2013-06-30 10:03:32.500,-2.889,-3.222,64.778,7.244667,2.07882,93.76,33.55,218.5,baseline
2013-06-30 10:03:32.750,-2.875,-3.125,64.25,1.111875,2.039118,93.77,33.55,218.75,baseline
2013-06-30 10:03:33.000,-2.875,-3.0,64.375,-25.546875,2.027591,93.77,33.57,219.0,baseline
2013-06-30 10:03:33.250,-2.875,-3.0,64.25,8.174,2.072417,93.77,33.57,219.25,no phase
2013-06-30 10:03:33.500,-2.875,-3.125,64.25,-4.624375,2.144137,93.77,33.57,219.5,no phase
2013-06-30 10:03:33.750,-2.75,-3.25,64.375,2.935333,2.181277,93.77,33.57,219.75,no phase
2013-06-30 10:03:34.000,-2.5,-3.375,64.25,13.0225,2.206892,93.78,33.57,220.0,no phase
2013-06-30 10:03:34.250,-2.75,-3.25,64.5,-10.7125,2.229944,93.8,33.57,220.25,no phase
2013-06-30 10:03:34.500,-3.0,-3.25,64.625,16.335333,2.247874,93.82,33.57,220.5,no phase
2013-06-30 10:03:34.750,-2.75,-3.25,64.375,-4.708125,2.259401,93.85,33.57,220.75,no phase
2013-06-30 10:03:35.000,-3.0,-3.625,64.375,-6.948125,2.264524,93.87,33.55,221.0,no phase
2013-06-30 10:03:35.250,-2.625,-3.375,64.375,9.093333,2.265804,93.89,33.55,221.25,no phase
2013-06-30 10:03:35.500,-2.875,-3.5,64.625,-14.77375,2.254278,93.9,33.55,221.5,no phase
2013-06-30 10:03:35.750,-3.0,-3.375,64.25,14.367333,2.246594,93.92,33.55,221.75,no phase
2013-06-30 10:03:36.000,-3.0,-3.625,64.25,6.245625,2.232506,93.93,33.59,222.0,no phase
2013-06-30 10:03:36.250,-2.75,-3.25,64.375,-8.62875,2.226102,93.95,33.59,222.25,no phase
2013-06-30 10:03:36.500,-3.0,-3.667,64.222,9.116667,2.210734,93.97,33.59,222.5,no phase
2013-06-30 10:03:36.750,-2.875,-3.625,64.375,-12.19625,2.197927,93.99,33.59,222.75,no phase
2013-06-30 10:03:37.000,-2.75,-3.5,64.625,3.413125,2.187681,94.02,33.57,223.0,no phase
2013-06-30 10:03:37.250,-3.0,-3.375,64.25,5.932,2.176154,94.05,33.57,223.25,no phase
2013-06-30 10:03:37.500,-3.0,-3.25,64.25,-2.03,2.171031,94.07,33.57,223.5,no phase
2013-06-30 10:03:37.750,-2.875,-3.5,64.75,-0.422667,2.171031,94.1,33.57,223.75,no phase
2013-06-30 10:03:38.000,-3.0,-3.375,64.375,9.745,2.165909,94.13,33.57,224.0,no phase
2013-06-30 10:03:38.250,-2.875,-3.75,64.25,57.240625,2.163347,94.16,33.57,224.25,no phase
2013-06-30 10:03:38.500,-3.0,-3.5,64.75,-25.217333,2.159505,94.19,33.57,224.5,no phase
2013-06-30 10:03:38.750,-3.0,-3.125,64.0,-116.019375,2.156944,94.22,33.57,224.75,no phase
2013-06-30 10:03:39.000,-2.875,-3.5,64.5,-16.8475,2.147979,94.25,33.65,225.0,no phase
2013-06-30 10:03:39.250,-3.0,-3.5,64.125,164.52,2.146698,94.28,33.65,225.25,no phase
2013-06-30 10:03:39.500,-2.875,-3.875,64.5,198.443125,2.144137,94.3,33.65,225.5,no phase
2013-06-30 10:03:39.750,-3.0,-3.75,64.375,-160.248,2.147979,94.33,33.65,225.75,no phase
2013-06-30 10:03:40.000,-3.0,-3.75,64.5,-620.57875,2.144137,94.35,33.65,226.0,no phase
2013-06-30 10:03:40.250,-2.889,-3.556,64.444,81.395,2.146698,94.37,33.65,226.25,no phase
2013-06-30 10:03:40.500,-2.75,-3.5,64.5,81.051333,2.141575,94.39,33.65,226.5,no phase
2013-06-30 10:03:40.750,-3.0,-3.875,64.625,55.56,2.141575,94.41,33.65,226.75,no phase
2013-06-30 10:03:41.000,-3.0,-3.375,64.375,162.7725,2.130049,94.43,33.71,227.0,no phase
2013-06-30 10:03:41.250,-3.0,-3.875,64.625,174.63,2.13261,94.44,33.71,227.25,no phase
2013-06-30 10:03:41.500,-2.625,-4.0,64.375,26.43125,2.128768,94.45,33.71,227.5,no phase
2013-06-30 10:03:41.750,-3.25,-3.875,64.375,-22.482,2.117242,94.47,33.71,227.75,no phase
2013-06-30 10:03:42.000,-2.625,-3.625,64.25,-41.776875,2.115961,94.48,33.77,228.0,no phase
2013-06-30 10:03:42.250,-2.875,-4.0,64.625,2.61,2.108277,94.5,33.77,228.25,no phase
2013-06-30 10:03:42.500,-3.0,-4.0,64.25,-4.142,2.104434,94.52,33.77,228.5,no phase
2013-06-30 10:03:42.750,-2.875,-3.75,64.375,0.42875,2.104434,94.55,33.77,228.75,no phase
2013-06-30 10:03:43.000,-3.0,-3.875,64.375,3.24,2.095469,94.58,33.79,229.0,no phase
2013-06-30 10:03:43.250,-2.875,-4.0,64.0,-14.761333,2.092908,94.61,33.79,229.25,no phase
2013-06-30 10:03:43.500,-2.625,-3.75,64.25,19.7625,2.090347,94.64,33.79,229.5,no phase
2013-06-30 10:03:43.750,-2.875,-3.75,64.25,-1.596667,2.086504,94.66,33.79,229.75,no phase
2013-06-30 10:03:44.000,-2.875,-3.75,64.375,3.585,2.083943,94.68,33.83,230.0,no phase
2013-06-30 10:03:44.250,-2.889,-3.667,64.444,11.9225,2.082662,94.7,33.83,230.25,no phase
2013-06-30 10:03:44.500,-3.0,-3.625,64.5,-14.748667,2.082662,94.71,33.83,230.5,no phase
2013-06-30 10:03:44.750,-3.0,-3.875,64.125,17.03375,2.077539,94.72,33.83,230.75,no phase
2013-06-30 10:03:45.000,-3.0,-3.875,64.5,-4.4675,2.07882,94.72,33.84,231.0,no phase
2013-06-30 10:03:45.250,-3.0,-4.0,64.5,-1.043333,2.086504,94.72,33.84,231.25,no phase
2013-06-30 10:03:45.500,-3.0,-3.75,64.5,15.211875,2.090347,94.72,33.84,231.5,no phase
2013-06-30 10:03:45.750,-2.875,-4.0,64.5,-14.011333,2.094189,94.72,33.84,231.75,no phase
2013-06-30 10:03:46.000,-3.125,-4.0,64.375,16.589375,2.09675,94.73,33.83,232.0,no phase
2013-06-30 10:03:46.250,-2.375,-3.875,64.375,-10.21,2.104434,94.74,33.83,232.25,no phase
2013-06-30 10:03:46.500,-3.0,-4.0,64.375,3.206,2.103154,94.75,33.83,232.5,no phase
2013-06-30 10:03:46.750,-3.375,-4.0,64.25,14.46125,2.106996,94.77,33.83,232.75,no phase
2013-06-30 10:03:47.000,-4.0,-4.0,64.25,-15.435625,2.105715,94.78,33.79,233.0,no phase
2013-06-30 10:03:47.250,-3.5,-4.0,64.0,24.648667,2.099312,94.79,33.79,233.25,no phase
2013-06-30 10:03:47.500,-3.375,-3.875,64.25,6.89375,2.090347,94.8,33.79,233.5,no phase
2013-06-30 10:03:47.750,-3.0,-4.0,64.375,-4.960667,2.092908,94.81,33.79,233.75,no phase
2013-06-30 10:03:48.000,-3.0,-4.0,64.333,14.653125,2.080101,94.82,33.77,234.0,no phase
2013-06-30 10:03:48.250,-3.0,-4.0,64.5,-11.099375,2.083943,94.83,33.77,234.25,no phase
2013-06-30 10:03:48.500,-3.0,-4.0,64.25,18.556,2.080101,94.85,33.77,234.5,no phase
2013-06-30 10:03:48.750,-3.0,-4.0,64.5,0.958125,2.073697,94.86,33.77,234.75,no phase
2013-06-30 10:03:49.000,-3.0,-4.0,64.375,-6.2825,2.066013,94.87,33.77,235.0,no phase
2013-06-30 10:03:49.250,-3.25,-4.0,64.25,9.474667,2.057048,94.88,33.77,235.25,no phase
2013-06-30 10:03:49.500,-3.375,-4.0,64.375,-17.0725,2.062171,94.88,33.77,235.5,no phase
2013-06-30 10:03:49.750,-4.0,-4.0,64.375,11.47,2.055767,94.88,33.77,235.75,no phase
2013-06-30 10:03:50.000,-4.5,-4.0,64.0,2.360625,2.051925,94.88,33.73,236.0,no phase
2013-06-30 10:03:50.250,-5.0,-4.0,64.125,-12.7775,2.046802,94.88,33.73,236.25,no phase
2013-06-30 10:03:50.500,-5.0,-4.0,64.0,9.174667,2.048083,94.89,33.73,236.5,no phase
2013-06-30 10:03:50.750,-5.0,-4.0,64.0,-9.844375,2.04296,94.89,33.73,236.75,no phase
2013-06-30 10:03:51.000,-5.0,-4.0,64.125,8.569375,2.04296,94.9,33.75,237.0,no phase
2013-06-30 10:03:51.250,-4.875,-4.0,64.125,7.43,2.039118,94.91,33.75,237.25,no phase
2013-06-30 10:03:51.500,-4.875,-4.0,64.0,-8.080625,2.035276,94.92,33.75,237.5,no phase
2013-06-30 10:03:51.750,-4.875,-4.0,64.0,12.652,2.032714,94.92,33.75,237.75,no phase
2013-06-30 10:03:52.000,-4.556,-4.0,64.111,-16.265,2.028872,94.93,33.75,238.0,no phase
2013-06-30 10:03:52.250,-4.625,-4.0,64.0,-0.61375,2.026311,94.94,33.75,238.25,no phase
2013-06-30 10:03:52.500,-4.375,-4.0,64.125,-0.48,2.027591,94.94,33.75,238.5,no phase
2013-06-30 10:03:52.750,-4.25,-4.0,64.125,-12.095,2.021188,94.95,33.75,238.75,no phase
2013-06-30 10:03:53.000,-4.25,-4.0,64.125,13.80625,2.027591,94.95,33.71,239.0,no phase
2013-06-30 10:03:53.250,-4.375,-4.0,64.0,-8.948,2.040399,94.95,33.71,239.25,no phase
2013-06-30 10:03:53.500,-4.5,-4.0,64.125,11.771875,2.06089,94.96,33.71,239.5,no phase
2013-06-30 10:03:53.750,-4.5,-4.0,64.0,2.792667,2.072417,94.97,33.71,239.75,no phase
2013-06-30 10:03:54.000,-4.375,-4.0,64.125,-8.18,2.083943,94.98,33.71,240.0,no phase
2013-06-30 10:03:54.250,-4.375,-4.0,64.375,3.32,2.086504,95.0,33.71,240.25,no phase
2013-06-30 10:03:54.500,-4.375,-4.0,64.0,-8.740667,2.09675,95.02,33.71,240.5,no phase
2013-06-30 10:03:54.750,-4.25,-4.0,64.0,9.275,2.090347,95.04,33.71,240.75,no phase
2013-06-30 10:03:55.000,-4.375,-4.0,64.125,-11.135,2.090347,95.07,33.68,241.0,no phase
2013-06-30 10:03:55.250,-4.25,-4.0,64.375,3.317333,2.080101,95.1,33.68,241.25,no phase
2013-06-30 10:03:55.500,-4.875,-4.0,64.0,-2.96875,2.07882,95.12,33.68,241.5,no phase
2013-06-30 10:03:55.750,-4.222,-4.0,64.222,-3.433333,2.068574,95.14,33.68,241.75,no phase
2013-06-30 10:03:56.000,-4.5,-4.0,64.25,8.6875,2.067294,95.15,33.71,242.0,no phase
2013-06-30 10:03:56.250,-4.75,-4.0,64.125,-30.20125,2.053206,95.15,33.71,242.25,no phase
2013-06-30 10:03:56.500,-3.625,-4.0,64.375,-14.406,2.050644,95.14,33.71,242.5,no phase
2013-06-30 10:03:56.750,-3.75,-4.0,64.125,2.183125,2.040399,95.12,33.71,242.75,no phase
2013-06-30 10:03:57.000,-4.0,-4.0,64.25,6.714375,2.035276,95.1,33.66,243.0,no phase
2013-06-30 10:03:57.250,-3.875,-4.0,64.125,14.484667,2.027591,95.08,33.66,243.25,no phase
2013-06-30 10:03:57.500,-4.25,-4.0,64.0,-3.224375,2.023749,95.05,33.66,243.5,no phase
2013-06-30 10:03:57.750,-4.0,-4.0,64.25,8.784,2.017346,95.02,33.66,243.75,no phase
2013-06-30 10:03:58.000,-4.0,-4.0,64.25,-9.585,2.016065,95.0,33.68,244.0,no phase
2013-06-30 10:03:58.250,-4.125,-4.0,64.125,1.243125,2.012223,94.98,33.68,244.25,no phase
2013-06-30 10:03:58.500,-4.0,-4.0,64.25,-4.664,2.004539,94.96,33.68,244.5,no phase
2013-06-30 10:03:58.750,-4.125,-4.0,64.25,-22.8175,2.0071,94.94,33.68,244.75,no phase
2013-06-30 10:03:59.000,-4.0,-4.0,64.0,-12.63875,2.005819,94.92,33.66,245.0,no phase
2013-06-30 10:03:59.250,-4.0,-4.0,64.375,-18.026,2.003258,94.9,33.66,245.25,no phase
2013-06-30 10:03:59.500,-4.0,-4.0,64.0,13.24625,1.996854,94.88,33.66,245.5,no phase
2013-06-30 10:03:59.750,-4.0,-4.0,64.333,10.284,1.994293,94.85,33.66,245.75,no phase
2013-06-30 10:04:00.000,-4.0,-4.0,64.0,-1.045,1.993012,94.82,33.68,246.0,no phase
2013-06-30 10:04:00.250,-4.0,-4.0,64.125,9.44125,1.993012,94.79,33.68,246.25,no phase
2013-06-30 10:04:00.500,-4.0,-4.0,64.25,-3.684667,1.996854,94.76,33.68,246.5,no phase
2013-06-30 10:04:00.750,-4.125,-4.0,64.125,11.0575,1.998135,94.73,33.68,246.75,no phase
2013-06-30 10:04:01.000,-4.0,-4.0,64.0,-5.165625,1.999416,94.73,33.66,247.0,no phase
2013-06-30 10:04:01.250,-4.0,-4.0,64.25,7.914,2.004539,94.75,33.66,247.25,no phase
2013-06-30 10:04:01.500,-4.0,-4.0,64.125,3.5775,2.004539,94.78,33.66,247.5,no phase
2013-06-30 10:04:01.750,-4.125,-4.0,64.0,-6.247333,2.008381,94.81,33.66,247.75,no phase
2013-06-30 10:04:02.000,-4.125,-4.0,64.125,13.129375,2.001977,94.85,33.65,248.0,no phase
2013-06-30 10:04:02.250,-4.625,-4.0,64.0,-1.454375,2.000697,94.88,33.65,248.25,no phase
2013-06-30 10:04:02.500,-5.0,-4.0,64.0,6.284,1.995574,94.9,33.65,248.5,no phase
2013-06-30 10:04:02.750,-4.625,-4.0,64.0,0.616875,2.000697,94.91,33.65,248.75,no phase
2013-06-30 10:04:03.000,-4.75,-4.0,64.0,-9.83375,1.990451,94.93,33.68,249.0,no phase
2013-06-30 10:04:03.250,-5.0,-4.0,64.0,3.428667,1.98917,94.95,33.68,249.25,no phase
2013-06-30 10:04:03.500,-4.778,-4.0,64.222,-5.20875,1.980205,94.97,33.68,249.5,no phase
2013-06-30 10:04:03.750,-4.5,-4.0,64.125,2.788667,1.980205,94.98,33.68,249.75,no phase
2013-06-30 10:04:04.000,-4.75,-4.0,64.0,-2.388125,1.972521,95.0,33.68,250.0,no phase
2013-06-30 10:04:04.250,-4.625,-4.0,64.125,-7.716875,1.975082,95.01,33.68,250.25,no phase
2013-06-30 10:04:04.500,-4.5,-4.0,64.0,2.961333,1.969959,95.03,33.68,250.5,no phase
2013-06-30 10:04:04.750,-4.625,-4.0,64.125,-4.090625,1.968679,95.04,33.68,250.75,no phase
2013-06-30 10:04:05.000,-4.5,-4.0,64.25,3.53125,1.966117,95.05,33.66,251.0,no phase
2013-06-30 10:04:05.250,-4.625,-4.0,64.0,-4.057333,1.966117,95.06,33.66,251.25,no phase
2013-06-30 10:04:05.500,-4.375,-4.0,64.125,-9.774375,1.981486,95.07,33.66,251.5,no phase
2013-06-30 10:04:05.750,-4.625,-4.0,64.125,2.589333,1.991732,95.09,33.66,251.75,no phase
2013-06-30 10:04:06.000,-4.0,-4.0,64.125,0.5175,2.010942,95.1,33.66,252.0,no phase
2013-06-30 10:04:06.250,-3.5,-4.0,64.25,1.99875,2.018627,95.11,33.66,252.25,no phase
2013-06-30 10:04:06.500,-3.875,-4.0,64.25,9.117333,2.032714,95.12,33.66,252.5,no phase
2013-06-30 10:04:06.750,-4.0,-4.0,64.25,-9.215625,2.04296,95.14,33.66,252.75,no phase
2013-06-30 10:04:07.000,-4.25,-4.0,64.125,-1.0325,2.045521,95.15,33.66,253.0,no phase
2013-06-30 10:04:07.250,-4.5,-4.0,64.0,-7.968667,2.044241,95.16,33.66,253.25,no phase
2013-06-30 10:04:07.500,-4.444,-4.0,64.0,-12.910625,2.044241,95.18,33.66,253.5,no phase
2013-06-30 10:04:07.750,-4.25,-4.0,64.125,4.982,2.04296,95.2,33.66,253.75,no phase
2013-06-30 10:04:08.000,-4.375,-4.0,64.25,-14.860625,2.032714,95.22,33.66,254.0,no phase
2013-06-30 10:04:08.250,-4.375,-4.0,64.0,3.90375,2.026311,95.24,33.66,254.25,no phase
2013-06-30 10:04:08.500,-4.125,-4.0,64.125,-6.108,2.019907,95.27,33.66,254.5,no phase
2013-06-30 10:04:08.750,-4.375,-4.0,64.375,-8.229375,2.009662,95.3,33.66,254.75,no phase
2013-06-30 10:04:09.000,-4.0,-4.0,64.125,9.854375,2.001977,95.33,33.66,255.0,no phase
2013-06-30 10:04:09.250,-4.125,-4.0,64.125,-9.012,1.998135,95.36,33.66,255.25,no phase
2013-06-30 10:04:09.500,-4.0,-4.0,64.125,13.735,1.995574,95.4,33.66,255.5,no phase
2013-06-30 10:04:09.750,-4.25,-4.0,64.25,-0.066667,1.998135,95.43,33.66,255.75,no phase
2013-06-30 10:04:10.000,-4.375,-4.0,64.0,-0.819375,1.998135,95.47,33.66,256.0,no phase
2013-06-30 10:04:10.250,-4.125,-4.0,64.125,9.269375,1.996854,95.51,33.66,256.25,no phase
2013-06-30 10:04:10.500,-4.625,-4.0,64.125,-11.904667,2.013504,95.55,33.66,256.5,no phase
2013-06-30 10:04:10.750,-4.5,-4.0,64.375,14.3475,2.027591,95.58,33.66,256.75,no phase
2013-06-30 10:04:11.000,-4.375,-4.0,64.125,-0.816875,2.035276,95.62,33.65,257.0,no phase
2013-06-30 10:04:11.250,-4.111,-4.0,64.333,-2.72,2.041679,95.65,33.65,257.25,no phase
2013-06-30 10:04:11.500,-4.25,-4.0,64.125,8.011875,2.057048,95.68,33.65,257.5,no phase
2013-06-30 10:04:11.750,-4.375,-4.0,64.0,-13.612667,2.063452,95.72,33.65,257.75,no phase
2013-06-30 10:04:12.000,-4.375,-4.0,64.0,3.930625,2.066013,95.75,33.65,258.0,no phase
2013-06-30 10:04:12.250,-4.25,-4.0,64.0,-4.80375,2.064732,95.79,33.65,258.25,no phase
2013-06-30 10:04:12.500,-4.25,-4.0,64.125,-1.62,2.063452,95.83,33.65,258.5,no phase
2013-06-30 10:04:12.750,-4.125,-4.0,64.25,5.136875,2.051925,95.88,33.65,258.75,no phase
2013-06-30 10:04:13.000,-4.125,-4.0,64.25,-2.818125,2.048083,95.92,33.68,259.0,no phase
2013-06-30 10:04:13.250,-4.5,-4.0,64.125,9.278,2.039118,95.96,33.68,259.25,no phase
2013-06-30 10:04:13.500,-4.25,-4.0,64.0,-7.441875,2.035276,96.0,33.68,259.5,no phase
2013-06-30 10:04:13.750,-4.125,-4.0,64.0,13.774667,2.028872,96.04,33.68,259.75,no phase
2013-06-30 10:04:14.000,-4.25,-4.0,64.25,-1.801875,2.026311,96.08,33.65,260.0,no phase
2013-06-30 10:04:14.250,-4.25,-4.0,64.125,1.470625,2.02503,96.12,33.65,260.25,no phase
2013-06-30 10:04:14.500,-4.125,-4.0,64.125,6.554,2.031434,96.16,33.65,260.5,no phase
2013-06-30 10:04:14.750,-4.375,-4.0,64.125,-6.14375,2.045521,96.19,33.65,260.75,no phase
2013-06-30 10:04:15.000,-4.0,-4.0,64.0,13.394375,2.083943,96.23,33.65,261.0,no phase
2013-06-30 10:04:15.250,-4.333,-4.0,64.111,-1.122,2.124926,96.26,33.65,261.25,no phase
2013-06-30 10:04:15.500,-4.25,-4.0,64.125,-0.60625,2.16847,96.29,33.65,261.5,no phase
2013-06-30 10:04:15.750,-4.125,-4.0,64.125,14.325333,2.199207,96.32,33.65,261.75,no phase
2013-06-30 10:04:16.000,-4.375,-4.0,64.25,6.33375,2.220979,96.35,33.65,262.0,no phase
2013-06-30 10:04:16.250,-4.25,-3.625,64.25,7.30875,2.24019,96.38,33.65,262.25,no phase
2013-06-30 10:04:16.500,-3.5,-3.25,64.25,3.365333,2.241471,96.4,33.65,262.5,no phase
2013-06-30 10:04:16.750,0.375,-2.125,64.75,-20.700625,2.224822,96.43,33.65,262.75,no phase
2013-06-30 10:04:17.000,2.125,-0.25,65.0,-3.45875,2.205611,96.45,33.63,263.0,no phase
2013-06-30 10:04:17.250,1.0,-0.625,64.75,-4.912667,2.179996,96.47,33.63,263.25,no phase
2013-06-30 10:04:17.500,0.5,-0.625,63.5,3.83875,2.165909,96.48,33.63,263.5,no phase
2013-06-30 10:04:17.750,-4.5,-3.125,64.375,1.761333,2.146698,96.49,33.63,263.75,no phase
2013-06-30 10:04:18.000,-3.625,-3.0,64.375,-10.67375,2.13261,96.5,33.63,264.0,no phase
2013-06-30 10:04:18.250,-3.875,-3.0,64.625,-7.949375,2.117242,96.51,33.63,264.25,no phase
2013-06-30 10:04:18.500,-3.875,-3.0,64.5,-14.274,2.11468,96.52,33.63,264.5,no phase
2013-06-30 10:04:18.750,-4.0,-3.0,64.25,2.985625,2.119803,96.53,33.63,264.75,no phase
2013-06-30 10:04:19.000,-4.111,-3.0,64.222,-12.49,2.140294,96.53,33.61,265.0,no phase
2013-06-30 10:04:19.250,-4.0,-3.0,64.375,0.712,2.144137,96.52,33.61,265.25,no phase
2013-06-30 10:04:19.500,-4.25,-3.25,64.25,0.29375,2.124926,96.51,33.61,265.5,no phase
2013-06-30 10:04:19.750,-4.125,-3.125,64.125,-12.244667,2.117242,96.5,33.61,265.75,no phase
2013-06-30 10:04:20.000,-4.125,-3.125,64.125,16.71,2.146698,96.48,33.63,266.0,no phase
2013-06-30 10:04:20.250,-4.0,-3.25,64.375,2.38125,2.191523,96.47,33.63,266.25,no phase
2013-06-30 10:04:20.500,-4.0,-3.25,64.25,-13.114,2.196646,96.45,33.63,266.5,no phase
2013-06-30 10:04:20.750,-4.125,-3.0,64.25,8.16625,2.190242,96.44,33.63,266.75,no phase
2013-06-30 10:04:21.000,-4.0,-3.375,64.5,-2.628125,2.183839,96.42,33.65,267.0,no phase
2013-06-30 10:04:21.250,-4.125,-3.125,64.25,3.914,2.177435,96.4,33.65,267.25,no phase
2013-06-30 10:04:21.500,-4.125,-3.5,64.0,9.47375,2.172312,96.37,33.65,267.5,no phase
2013-06-30 10:04:21.750,-4.0,-3.375,64.125,-7.854667,2.177435,96.34,33.65,267.75,no phase
2013-06-30 10:04:22.000,-4.25,-3.125,64.125,3.1525,2.191523,96.3,33.65,268.0,no phase
2013-06-30 10:04:22.250,-4.125,-3.75,64.125,5.45375,2.20433,96.25,33.65,268.25,no phase
2013-06-30 10:04:22.500,-4.0,-3.375,64.125,-11.982,2.209453,96.19,33.65,268.5,no phase
2013-06-30 10:04:22.750,-4.0,-3.75,64.375,7.188125,2.212014,96.13,33.65,268.75,no phase
2013-06-30 10:04:23.000,-4.0,-3.333,64.222,2.98,2.213295,96.07,33.63,269.0,no phase
2013-06-30 10:04:23.250,-4.0,-3.125,64.25,-9.44,2.200488,96.01,33.63,269.25,no phase
2013-06-30 10:04:23.500,-4.0,-3.75,64.25,6.224375,2.197927,95.96,33.63,269.5,no phase
2013-06-30 10:04:23.750,-4.0,-3.5,64.125,-0.290667,2.195365,95.92,33.63,269.75,no phase
2013-06-30 10:04:24.000,-4.0,-3.375,64.125,-2.0125,2.194084,95.87,33.65,270.0,no phase
2013-06-30 10:04:24.250,-4.125,-3.625,64.125,2.406875,2.20433,95.82,33.65,270.25,no phase
2013-06-30 10:04:24.500,-4.0,-3.5,64.375,-8.012667,2.219699,95.78,33.65,270.5,no phase
2013-06-30 10:04:24.750,-3.625,-3.5,64.375,7.921875,2.228664,95.74,33.65,270.75,no phase
2013-06-30 10:04:25.000,-4.0,-3.375,64.375,-1.834375,2.236348,95.7,33.68,271.0,no phase
2013-06-30 10:04:25.250,-4.375,-3.75,64.25,0.559333,2.238909,95.66,33.68,271.25,no phase
2013-06-30 10:04:25.500,-4.5,-3.625,64.25,6.225,2.245313,95.63,33.68,271.5,no phase
2013-06-30 10:04:25.750,-4.25,-3.625,64.25,-9.468667,2.267085,95.6,33.68,271.75,no phase
2013-06-30 10:04:26.000,-4.375,-3.75,64.25,14.65125,2.299103,95.58,33.71,272.0,no phase
2013-06-30 10:04:26.250,-4.0,-3.5,64.25,21.200625,2.325998,95.56,33.71,272.25,no phase
2013-06-30 10:04:26.500,-4.125,-3.875,64.0,16.248667,2.341367,95.55,33.71,272.5,no phase
2013-06-30 10:04:26.750,-4.556,-3.556,64.333,24.7875,2.346489,95.53,33.71,272.75,no phase
2013-06-30 10:04:27.000,-4.125,-3.875,64.0,-0.521875,2.350332,95.52,33.73,273.0,no phase
2013-06-30 10:04:27.250,-4.375,-3.5,64.25,-27.774667,2.342647,95.51,33.73,273.25,no phase
2013-06-30 10:04:27.500,-4.0,-3.75,64.125,121.720625,2.32984,95.5,33.73,273.5,no phase
2013-06-30 10:04:27.750,-4.5,-3.75,64.125,65.622667,2.315752,95.48,33.73,273.75,no phase
2013-06-30 10:04:28.000,-3.875,-3.75,64.5,-303.41875,2.301664,95.47,33.73,274.0,no phase
2013-06-30 10:04:28.250,-4.125,-3.875,64.375,-280.85125,2.281173,95.45,33.73,274.25,no phase
2013-06-30 10:04:28.500,-4.0,-3.875,64.125,173.675333,2.273489,95.44,33.73,274.5,no phase
2013-06-30 10:04:28.750,-4.25,-3.75,64.5,54.903125,2.272208,95.42,33.73,274.75,no phase
2013-06-30 10:04:29.000,-4.0,-3.75,64.125,-15.62625,2.277331,95.4,33.71,275.0,no phase
2013-06-30 10:04:29.250,-4.0,-4.0,64.375,1.250667,2.288857,95.38,33.71,275.25,no phase
2013-06-30 10:04:29.500,-4.125,-3.75,64.0,-33.03125,2.308068,95.36,33.71,275.5,no phase
2013-06-30 10:04:29.750,-3.75,-4.0,64.375,34.674667,2.325998,95.34,33.71,275.75,no phase
2013-06-30 10:04:30.000,-3.875,-3.625,64.375,22.850625,2.332402,95.32,33.71,276.0,no phase
2013-06-30 10:04:30.250,-3.75,-3.625,64.0,18.485625,2.340086,95.3,33.71,276.25,no phase
2013-06-30 10:04:30.500,-4.0,-3.75,64.125,41.928667,2.342647,95.29,33.71,276.5,no phase
2013-06-30 10:04:30.750,-4.0,-3.667,64.222,13.445625,2.350332,95.27,33.71,276.75,no phase
2013-06-30 10:04:31.000,-4.25,-3.75,64.125,43.4375,2.354174,95.27,33.73,277.0,no phase
2013-06-30 10:04:31.250,-4.0,-3.875,64.375,4.342667,2.358016,95.27,33.73,277.25,no phase
2013-06-30 10:04:31.500,-4.125,-4.0,64.125,22.1075,2.346489,95.28,33.73,277.5,no phase
2013-06-30 10:04:31.750,-4.0,-3.75,64.25,17.069333,2.351612,95.28,33.73,277.75,no phase
2013-06-30 10:04:32.000,-3.75,-3.875,64.25,-0.8175,2.349051,95.27,33.68,278.0,no phase
2013-06-30 10:04:32.250,-3.875,-4.0,64.125,30.87125,2.346489,95.25,33.68,278.25,no phase
2013-06-30 10:04:32.500,-3.625,-4.0,64.25,-6.728667,2.341367,95.22,33.68,278.5,no phase
2013-06-30 10:04:32.750,-3.5,-3.875,64.25,11.68875,2.340086,95.19,33.68,278.75,no phase
2013-06-30 10:04:33.000,-3.875,-3.625,64.375,11.59375,2.34777,95.17,33.68,279.0,no phase
2013-06-30 10:04:33.250,-3.625,-3.875,64.25,0.877333,2.349051,95.17,33.68,279.25,no phase
2013-06-30 10:04:33.500,-4.0,-3.875,64.375,21.520625,2.350332,95.18,33.68,279.5,no phase
2013-06-30 10:04:33.750,-4.0,-4.0,64.25,-6.635333,2.34777,95.19,33.68,279.75,no phase
2013-06-30 10:04:34.000,-3.75,-3.625,64.25,26.2625,2.338805,95.2,33.71,280.0,no phase
2013-06-30 10:04:34.250,-3.75,-3.75,64.0,0.91,2.327279,95.19,33.71,280.25,no phase
2013-06-30 10:04:34.500,-4.0,-4.0,64.333,4.675333,2.319594,95.17,33.71,280.5,no phase
2013-06-30 10:04:34.750,-3.625,-3.75,64.375,11.601875,2.308068,95.15,33.71,280.75,no phase
2013-06-30 10:04:35.000,-3.625,-4.0,64.25,-18.26625,2.301664,95.12,33.68,281.0,no phase
2013-06-30 10:04:35.250,-3.75,-4.0,64.0,17.700667,2.300384,95.1,33.68,281.25,no phase
2013-06-30 10:04:35.500,-3.75,-3.875,64.25,2.3925,2.299103,95.07,33.68,281.5,no phase
2013-06-30 10:04:35.750,-3.375,-4.0,64.5,-28.366667,2.297822,95.05,33.68,281.75,no phase
2013-06-30 10:04:36.000,-4.125,-3.875,64.125,-1.135625,2.301664,95.03,33.66,282.0,no phase
2013-06-30 10:04:36.250,-3.5,-3.75,64.625,-3.4475,2.29398,95.0,33.66,282.25,no phase
2013-06-30 10:04:36.500,-4.125,-3.75,64.375,7.35,2.287576,94.98,33.66,282.5,no phase
2013-06-30 10:04:36.750,-3.375,-3.875,64.0,-10.823125,2.283734,94.95,33.66,282.75,no phase
2013-06-30 10:04:37.000,-4.0,-3.875,64.25,-4.59625,2.279892,94.93,33.65,283.0,no phase
2013-06-30 10:04:37.250,-3.875,-3.875,64.25,-1.933333,2.277331,94.91,33.65,283.25,no phase
2013-06-30 10:04:37.500,-3.875,-3.75,64.25,-13.7625,2.274769,94.9,33.65,283.5,no phase
2013-06-30 10:04:37.750,-3.75,-4.0,64.25,5.414,2.272208,94.88,33.65,283.75,no phase
2013-06-30 10:04:38.000,-3.75,-3.875,64.125,-8.085625,2.268366,94.87,33.65,284.0,no phase
2013-06-30 10:04:38.250,-3.5,-3.625,64.25,7.355625,2.261962,94.86,33.65,284.25,no phase
2013-06-30 10:04:38.500,-4.0,-3.889,64.444,-6.682667,2.261962,94.84,33.65,284.5,no phase
2013-06-30 10:04:38.750,-3.875,-4.0,64.375,-15.2525,2.251717,94.83,33.65,284.75,no phase
2013-06-30 10:04:39.000,-4.0,-4.0,64.5,12.6175,2.250436,94.82,33.65,285.0,no phase
2013-06-30 10:04:39.250,-4.0,-3.75,64.5,-4.074667,2.244032,94.81,33.65,285.25,no phase
2013-06-30 10:04:39.500,-3.875,-3.625,64.125,7.345,2.246594,94.8,33.65,285.5,no phase
2013-06-30 10:04:39.750,-4.0,-4.0,64.25,-0.135333,2.237629,94.79,33.65,285.75,no phase
2013-06-30 10:04:40.000,-3.875,-3.875,64.25,-5.156875,2.246594,94.78,33.66,286.0,no phase
2013-06-30 10:04:40.250,-3.75,-3.625,64.125,2.344375,2.241471,94.77,33.66,286.25,no phase
2013-06-30 10:04:40.500,-4.0,-3.875,64.125,-8.43,2.245313,94.76,33.66,286.5,no phase
2013-06-30 10:04:40.750,-4.0,-3.625,64.125,5.519375,2.244032,94.74,33.66,286.75,no phase
2013-06-30 10:04:41.000,-4.375,-3.625,64.0,-3.7575,2.244032,94.73,33.63,287.0,no phase
2013-06-30 10:04:41.250,-4.5,-3.875,64.25,-13.984667,2.246594,94.72,33.63,287.25,no phase
2013-06-30 10:04:41.500,-4.125,-3.5,64.0,1.485,2.247874,94.7,33.63,287.5,no phase
2013-06-30 10:04:41.750,-4.25,-3.375,64.125,-6.191333,2.25684,94.69,33.63,287.75,no phase
2013-06-30 10:04:42.000,-0.125,-1.5,64.375,-19.803125,2.263243,94.67,33.65,288.0,no phase
2013-06-30 10:04:42.250,3.0,0.444,64.667,-2.54,2.270927,94.65,33.65,288.25,no phase
2013-06-30 10:04:42.500,4.125,2.0,64.75,13.269333,2.273489,94.63,33.65,288.5,no phase
2013-06-30 10:04:42.750,4.125,1.875,64.5,9.001875,2.27605,94.62,33.65,288.75,no phase
2013-06-30 10:04:43.000,-0.5,-1.125,65.25,-9.64875,2.268366,94.6,33.63,289.0,no phase
2013-06-30 10:04:43.250,-4.75,-3.25,64.25,-1.829333,2.259401,94.58,33.63,289.25,no phase
2013-06-30 10:04:43.500,-4.25,-3.0,64.25,-6.1475,2.252997,94.57,33.63,289.5,no phase
2013-06-30 10:04:43.750,-4.375,-3.0,64.125,-1.260667,2.242752,94.55,33.63,289.75,no phase
2013-06-30 10:04:44.000,-4.125,-3.0,64.375,-5.3725,2.229944,94.53,33.63,290.0,no phase
2013-06-30 10:04:44.250,-3.75,-3.125,64.375,-6.43375,2.226102,94.51,33.63,290.25,no phase
2013-06-30 10:04:44.500,-3.25,-3.0,64.5,-1.017333,2.220979,94.48,33.63,290.5,no phase
2013-06-30 10:04:44.750,-4.0,-3.125,64.625,-12.138125,2.185119,94.46,33.63,290.75,no phase
2013-06-30 10:04:45.000,-4.125,-3.0,64.375,18.94125,2.135172,94.43,33.63,291.0,no phase
2013-06-30 10:04:45.250,-4.0,-3.5,64.125,2.797333,2.115961,94.4,33.63,291.25,no phase
2013-06-30 10:04:45.500,-4.0,-3.375,64.375,1.904375,2.1134,94.38,33.63,291.5,no phase
2013-06-30 10:04:45.750,-4.0,-3.75,64.25,6.499333,2.158224,94.36,33.63,291.75,no phase
2013-06-30 10:04:46.000,-4.125,-3.875,64.0,-9.654375,2.183839,94.33,33.63,292.0,no phase
2013-06-30 10:04:46.250,-4.0,-4.0,64.111,9.895625,2.1864,94.3,33.63,292.25,no phase
2013-06-30 10:04:46.500,-4.0,-4.0,64.5,-4.352667,2.191523,94.27,33.63,292.5,no phase
2013-06-30 10:04:46.750,-4.0,-3.875,64.0,0.76875,2.190242,94.25,33.63,292.75,no phase
2013-06-30 10:04:47.000,-4.0,-3.875,64.125,-8.23375,2.194084,94.22,33.61,293.0,no phase
2013-06-30 10:04:47.250,-4.0,-3.875,64.25,-24.52,2.192804,94.2,33.61,293.25,no phase
2013-06-30 10:04:47.500,-4.0,-3.875,64.125,7.675,2.195365,94.17,33.61,293.5,no phase
2013-06-30 10:04:47.750,-4.0,-3.625,64.0,-0.108,2.194084,94.15,33.61,293.75,no phase
2013-06-30 10:04:48.000,-4.0,-3.875,64.125,-17.29625,2.194084,94.13,33.61,294.0,no phase
2013-06-30 10:04:48.250,-4.0,-3.375,64.375,0.873125,2.191523,94.11,33.61,294.25,no phase
2013-06-30 10:04:48.500,-4.0,-3.75,64.25,-7.552,2.187681,94.09,33.61,294.5,no phase
2013-06-30 10:04:48.750,-4.0,-3.75,64.375,-6.3725,2.190242,94.07,33.61,294.75,no phase
2013-06-30 10:04:49.000,-4.0,-3.625,64.25,-3.746875,2.195365,94.05,33.63,295.0,no phase
2013-06-30 10:04:49.250,-4.0,-3.875,64.125,-10.121333,2.192804,94.03,33.63,295.25,no phase
2013-06-30 10:04:49.500,-3.875,-3.75,64.375,14.933125,2.196646,94.0,33.63,295.5,no phase
2013-06-30 10:04:49.750,-4.0,-3.75,64.125,7.062667,2.192804,93.98,33.63,295.75,no phase
2013-06-30 10:04:50.000,-4.0,-3.889,64.222,-3.779375,2.191523,93.95,33.63,296.0,no phase
2013-06-30 10:04:50.250,-4.0,-3.625,64.375,13.38875,2.188962,93.92,33.63,296.25,no phase
2013-06-30 10:04:50.500,-4.0,-3.625,64.25,5.089333,2.1864,93.9,33.63,296.5,no phase
2013-06-30 10:04:50.750,-4.0,-3.625,64.0,-4.76625,2.187681,93.87,33.63,296.75,no phase
2013-06-30 10:04:51.000,-3.875,-3.875,64.125,10.759375,2.190242,93.85,33.61,297.0,no phase
2013-06-30 10:04:51.250,-4.0,-3.875,64.375,0.204667,2.187681,93.83,33.61,297.25,no phase
2013-06-30 10:04:51.500,-3.875,-3.5,64.125,-6.736875,2.192804,93.8,33.61,297.5,no phase
2013-06-30 10:04:51.750,-4.0,-4.0,64.0,7.958667,2.192804,93.78,33.61,297.75,no phase
2013-06-30 10:04:52.000,-4.0,-3.75,64.125,-0.99625,2.195365,93.75,33.65,298.0,no phase
2013-06-30 10:04:52.250,-4.0,-3.375,64.0,4.124375,2.196646,93.72,33.65,298.25,no phase
2013-06-30 10:04:52.500,-3.75,-3.5,64.25,10.913333,2.196646,93.69,33.65,298.5,no phase
2013-06-30 10:04:52.750,-3.75,-3.5,64.375,-8.380625,2.195365,93.66,33.65,298.75,no phase
2013-06-30 10:04:53.000,-3.375,-3.625,64.5,1.88375,2.196646,93.63,33.66,299.0,no phase
2013-06-30 10:04:53.250,-3.875,-3.375,64.375,3.190667,2.190242,93.6,33.66,299.25,no phase
2013-06-30 10:04:53.500,-3.5,-3.375,64.125,-5.258125,2.188962,93.58,33.66,299.5,no phase
2013-06-30 10:04:53.750,-3.625,-3.375,64.125,160.721333,2.188962,93.55,33.66,299.75,no phase
2013-06-30 10:04:54.000,-3.222,-3.556,64.111,114.055625,2.185119,93.52,33.66,300.0,no phase
2013-06-30 10:04:54.250,-3.75,-3.75,64.25,-102.036875,2.187681,93.49,33.66,300.25,no phase
2013-06-30 10:04:54.500,-3.5,-3.375,64.375,-567.980667,2.182558,93.45,33.66,300.5,no phase
2013-06-30 10:04:54.750,-3.875,-3.75,64.625,-8.808125,2.178716,93.42,33.66,300.75,no phase
2013-06-30 10:04:55.000,-3.875,-3.125,64.125,197.1025,2.176154,93.38,33.65,301.0,no phase
2013-06-30 10:04:55.250,-3.75,-3.75,64.125,39.464,2.178716,93.35,33.65,301.25,no phase
2013-06-30 10:04:55.500,-3.875,-3.625,64.25,-14.075625,2.172312,93.31,33.65,301.5,no phase
2013-06-30 10:04:55.750,-3.625,-3.5,64.5,13.169333,2.173593,93.28,33.65,301.75,no phase
2013-06-30 10:04:56.000,-4.0,-3.75,64.625,-19.19875,2.172312,93.25,33.65,302.0,no phase
2013-06-30 10:04:56.250,-3.875,-3.375,64.25,46.508125,2.173593,93.22,33.65,302.25,no phase
2013-06-30 10:04:56.500,-3.875,-3.625,64.25,20.222667,2.172312,93.18,33.65,302.5,no phase
2013-06-30 10:04:56.750,-3.5,-3.5,64.125,9.499375,2.174874,93.15,33.65,302.75,no phase
2013-06-30 10:04:57.000,-3.625,-3.875,64.125,30.616875,2.172312,93.12,33.63,303.0,no phase
2013-06-30 10:04:57.250,-3.75,-3.75,64.5,-3.225333,2.169751,93.09,33.63,303.25,no phase
2013-06-30 10:04:57.500,-3.875,-3.625,64.125,54.7125,2.171031,93.07,33.63,303.5,no phase
2013-06-30 10:04:57.750,-3.778,-3.889,64.222,15.292,2.164628,93.05,33.63,303.75,no phase
2013-06-30 10:04:58.000,-3.75,-3.875,64.125,3.246875,2.164628,93.03,33.61,304.0,no phase
2013-06-30 10:04:58.250,-3.875,-3.25,64.25,16.910625,2.164628,93.01,33.61,304.25,no phase
2013-06-30 10:04:58.500,-3.875,-3.5,64.25,-24.821333,2.162066,92.99,33.61,304.5,no phase
2013-06-30 10:04:58.750,-3.875,-3.75,64.375,31.875625,2.160786,92.97,33.61,304.75,no phase
2013-06-30 10:04:59.000,-3.625,-3.625,64.125,21.235625,2.153101,92.95,33.59,305.0,no phase
2013-06-30 10:04:59.250,-3.625,-3.375,64.5,-0.752667,2.151821,92.92,33.59,305.25,no phase
2013-06-30 10:04:59.500,-4.0,-3.75,64.125,24.850625,2.153101,92.9,33.59,305.5,no phase
2013-06-30 10:04:59.750,-3.75,-3.5,64.125,0.448,2.147979,92.87,33.59,305.75,no phase
2013-06-30 10:05:00.000,-3.875,-3.125,64.25,13.398125,2.15054,92.85,33.59,306.0,no phase
2013-06-30 10:05:00.250,-4.0,-3.25,64.25,-8.278125,2.147979,92.83,33.59,306.25,no phase
2013-06-30 10:05:00.500,-3.875,-3.5,64.375,-9.666667,2.145417,92.82,33.59,306.5,no phase
2013-06-30 10:05:00.750,-4.0,-3.375,64.375,17.259375,2.147979,92.81,33.59,306.75,no phase
2013-06-30 10:05:01.000,-4.0,-3.25,64.25,-18.536875,2.141575,92.8,33.59,307.0,no phase
2013-06-30 10:05:01.250,-4.0,-3.125,64.125,14.503333,2.169751,92.79,33.59,307.25,no phase
2013-06-30 10:05:01.500,-4.0,-3.0,64.5,7.92625,2.172312,92.77,33.59,307.5,no phase
2013-06-30 10:05:01.750,-4.0,-3.333,64.222,-8.733333,2.16847,92.76,33.59,307.75,no phase
2013-06-30 10:05:02.000,-4.0,-3.0,64.125,8.1825,2.173593,92.75,33.57,308.0,no phase
2013-06-30 10:05:02.250,-4.25,-3.625,64.25,-12.853125,2.164628,92.74,33.57,308.25,no phase
2013-06-30 10:05:02.500,-4.375,-3.5,64.375,-2.172,2.159505,92.73,33.57,308.5,no phase
2013-06-30 10:05:02.750,-4.5,-3.625,64.125,1.389375,2.151821,92.73,33.57,308.75,no phase
2013-06-30 10:05:03.000,-4.375,-3.125,64.125,-7.18,2.146698,92.72,33.57,309.0,no phase
2013-06-30 10:05:03.250,-4.375,-3.0,64.375,20.399333,2.151821,92.71,33.57,309.25,no phase
2013-06-30 10:05:03.500,-2.125,-2.5,64.75,-17.3025,2.142856,92.7,33.57,309.5,no phase
2013-06-30 10:05:03.750,0.125,-1.125,64.75,-13.828,2.141575,92.69,33.57,309.75,no phase
2013-06-30 10:05:04.000,1.0,1.0,64.875,-1.06875,2.137733,92.68,33.55,310.0,no phase
2013-06-30 10:05:04.250,0.0,2.0,64.75,-27.541875,2.135172,92.67,33.55,310.25,no phase
2013-06-30 10:05:04.500,-0.375,2.0,64.5,3.058,2.136452,92.66,33.55,310.5,no phase
2013-06-30 10:05:04.750,0.375,3.5,66.375,8.079375,2.130049,92.64,33.55,310.75,no phase
2013-06-30 10:05:05.000,-7.875,-3.125,61.375,-10.233125,2.124926,92.63,33.55,311.0,no phase
2013-06-30 10:05:05.250,-7.875,-3.0,64.0,8.601333,2.123645,92.62,33.55,311.25,no phase
2013-06-30 10:05:05.500,-7.889,-3.0,64.0,-16.169375,2.11468,92.61,33.55,311.5,no phase
2013-06-30 10:05:05.750,-7.625,-3.0,64.0,-4.785333,2.112119,92.59,33.55,311.75,no phase
2013-06-30 10:05:06.000,-7.5,-3.0,64.0,-4.964375,2.105715,92.58,33.53,312.0,no phase
2013-06-30 10:05:06.250,-7.625,-3.0,64.0,-10.4,2.099312,92.57,33.53,312.25,no phase
2013-06-30 10:05:06.500,-7.5,-3.0,64.0,14.201333,2.077539,92.55,33.53,312.5,no phase
2013-06-30 10:05:06.750,-7.75,-3.25,64.0,-13.37375,2.054487,92.54,33.53,312.75,no phase
2013-06-30 10:05:07.000,-6.875,-3.125,64.0,6.986875,2.027591,92.52,33.5,313.0,no phase
2013-06-30 10:05:07.250,-6.875,-3.25,64.0,8.032,2.012223,92.5,33.5,313.25,no phase
2013-06-30 10:05:07.500,-7.0,-3.0,64.0,-16.27625,2.004539,92.48,33.5,313.5,no phase
2013-06-30 10:05:07.750,-6.875,-3.125,64.0,5.758667,2.033995,92.46,33.5,313.75,no phase
2013-06-30 10:05:08.000,-6.625,-3.0,64.0,-6.033125,2.062171,92.43,33.5,314.0,no phase
2013-06-30 10:05:08.250,-6.875,-3.125,64.0,3.7025,2.069855,92.4,33.5,314.25,no phase
2013-06-30 10:05:08.500,-6.625,-3.0,64.0,7.853333,2.074978,92.37,33.5,314.5,no phase
2013-06-30 10:05:08.750,-6.625,-3.125,64.0,-8.171875,2.068574,92.34,33.5,314.75,no phase
2013-06-30 10:05:09.000,-6.75,-3.375,64.0,9.6675,2.066013,92.32,33.49,315.0,no phase
2013-06-30 10:05:09.250,-6.625,-3.25,64.0,-6.217333,2.06089,92.3,33.49,315.25,no phase
2013-06-30 10:05:09.500,-6.556,-3.333,64.0,1.01875,2.059609,92.28,33.49,315.5,no phase
2013-06-30 10:05:09.750,-6.75,-3.25,64.0,7.196667,2.058329,92.27,33.49,315.75,no phase
2013-06-30 10:05:10.000,-6.5,-3.125,64.0,-17.09625,2.071136,92.25,33.49,316.0,no phase
2013-06-30 10:05:10.250,-6.375,-3.25,64.0,-0.376875,2.064732,92.23,33.49,316.25,no phase
2013-06-30 10:05:10.500,-6.375,-3.5,64.125,10.146667,2.057048,92.21,33.49,316.5,no phase
2013-06-30 10:05:10.750,-6.375,-3.125,64.0,-4.589375,2.057048,92.19,33.49,316.75,no phase
2013-06-30 10:05:11.000,-6.125,-3.125,64.0,16.015625,2.053206,92.18,33.47,317.0,no phase
2013-06-30 10:05:11.250,-5.75,-3.25,64.125,-9.078,2.055767,92.17,33.47,317.25,no phase
2013-06-30 10:05:11.500,-6.125,-3.25,64.125,-18.796875,2.055767,92.16,33.47,317.5,no phase
2013-06-30 10:05:11.750,-6.0,-3.0,64.0,-7.022667,2.048083,92.16,33.47,317.75,no phase
2013-06-30 10:05:12.000,-6.125,-3.125,64.0,-12.55625,2.049364,92.15,33.43,318.0,no phase
2013-06-30 10:05:12.250,-5.625,-3.25,64.0,2.67125,2.045521,92.14,33.43,318.25,no phase
2013-06-30 10:05:12.500,-5.875,-3.125,64.0,7.050667,2.044241,92.14,33.43,318.5,no phase
2013-06-30 10:05:12.750,-6.0,-3.125,64.0,-17.958125,2.037837,92.13,33.43,318.75,no phase
2013-06-30 10:05:13.000,-5.875,-3.0,64.0,6.253125,2.036556,92.12,33.45,319.0,no phase
2013-06-30 10:05:13.250,-5.889,-3.333,64.0,-2.178,2.035276,92.11,33.45,319.25,no phase
2013-06-30 10:05:13.500,-5.625,-3.125,64.125,-10.333125,2.033995,92.1,33.45,319.5,no phase
2013-06-30 10:05:13.750,-5.625,-3.125,64.0,11.162,2.030153,92.09,33.45,319.75,no phase
2013-06-30 10:05:14.000,-5.375,-3.375,64.125,-7.11625,2.036556,92.08,33.45,320.0,no phase
2013-06-30 10:05:14.250,-5.5,-3.25,64.0,8.759375,2.037837,92.07,33.45,320.25,no phase
2013-06-30 10:05:14.500,-5.75,-3.0,64.25,6.865333,2.050644,92.06,33.45,320.5,no phase
2013-06-30 10:05:14.750,-6.0,-3.625,64.0,-9.085625,2.051925,92.06,33.45,320.75,no phase
2013-06-30 10:05:15.000,-6.0,-3.375,64.0,17.48375,2.050644,92.05,33.45,321.0,no phase
2013-06-30 10:05:15.250,-5.875,-3.375,64.0,13.188667,2.059609,92.04,33.45,321.25,no phase
2013-06-30 10:05:15.500,-5.75,-3.375,64.125,40.1525,2.069855,92.04,33.45,321.5,no phase
2013-06-30 10:05:15.750,-5.875,-3.5,64.125,43.604667,2.081382,92.03,33.45,321.75,no phase
2013-06-30 10:05:16.000,-5.75,-3.625,64.125,95.65375,2.091627,92.03,33.45,322.0,no phase
2013-06-30 10:05:16.250,-5.875,-3.5,64.0,119.65875,2.109557,92.03,33.45,322.25,no phase
2013-06-30 10:05:16.500,-5.875,-3.25,64.0,21.3,2.11468,92.02,33.45,322.5,no phase
2013-06-30 10:05:16.750,-6.0,-3.5,64.0,-164.4175,2.119803,92.03,33.45,322.75,no phase
2013-06-30 10:05:17.000,-5.875,-3.5,64.125,-637.991875,2.121084,92.03,33.45,323.0,no phase
2013-06-30 10:05:17.250,-5.889,-3.556,64.0,-120.944,2.122365,92.04,33.45,323.25,no phase
2013-06-30 10:05:17.500,-5.75,-3.125,64.0,314.40125,2.119803,92.05,33.45,323.5,no phase
2013-06-30 10:05:17.750,-5.875,-3.375,64.0,123.088,2.11468,92.06,33.45,323.75,no phase
2013-06-30 10:05:18.000,-6.25,-3.5,64.0,34.56375,2.108277,92.07,33.43,324.0,no phase
2013-06-30 10:05:18.250,-6.375,-3.375,64.125,-39.0625,2.104434,92.08,33.43,324.25,no phase
2013-06-30 10:05:18.500,-6.0,-3.875,64.0,23.660667,2.100592,92.08,33.43,324.5,no phase
2013-06-30 10:05:18.750,-2.5,-2.25,64.5,30.521875,2.09675,92.09,33.43,324.75,no phase
2013-06-30 10:05:19.000,-1.125,-1.25,64.625,-10.885625,2.09675,92.1,33.45,325.0,no phase
2013-06-30 10:05:19.250,-1.875,0.75,64.875,38.93,2.098031,92.12,33.45,325.25,no phase
2013-06-30 10:05:19.500,0.125,2.0,64.625,10.426875,2.095469,92.14,33.45,325.5,no phase
2013-06-30 10:05:19.750,0.5,2.625,64.75,15.695333,2.101873,92.17,33.45,325.75,no phase
2013-06-30 10:05:20.000,-0.5,3.5,64.625,37.66375,2.099312,92.2,33.45,326.0,no phase
2013-06-30 10:05:20.250,-0.5,4.625,65.125,-12.445,2.100592,92.23,33.45,326.25,no phase
2013-06-30 10:05:20.500,-5.125,-1.0,63.75,38.04,2.095469,92.26,33.45,326.5,no phase
2013-06-30 10:05:20.750,-6.125,-3.0,64.0,16.29,2.094189,92.29,33.45,326.75,no phase
2013-06-30 10:05:21.000,-6.111,-3.0,64.0,-3.480625,2.085224,92.32,33.45,327.0,no phase
2013-06-30 10:05:21.250,-6.125,-3.0,64.0,28.795333,2.076259,92.35,33.45,327.25,no phase
2013-06-30 10:05:21.500,-5.75,-3.0,64.125,-0.80875,2.064732,92.38,33.45,327.5,no phase
2013-06-30 10:05:21.750,-5.25,-3.0,64.375,19.206,2.045521,92.42,33.45,327.75,no phase
2013-06-30 10:05:22.000,-5.375,-3.0,64.25,21.320625,2.035276,92.47,33.45,328.0,tmct
2013-06-30 10:05:22.250,-4.875,-3.0,64.0,-5.340625,2.026311,92.53,33.45,328.25,tmct
2013-06-30 10:05:22.500,-5.0,-3.0,64.0,21.375333,2.009662,92.59,33.45,328.5,tmct
2013-06-30 10:05:22.750,-5.25,-3.0,64.375,-2.2975,1.990451,92.66,33.45,328.75,tmct
2013-06-30 10:05:23.000,-5.25,-3.0,64.125,0.595,1.98917,92.72,33.45,329.0,tmct
2013-06-30 10:05:23.250,-5.0,-3.0,64.125,9.232667,1.98917,92.78,33.45,329.25,tmct
2013-06-30 10:05:23.500,-5.25,-3.0,64.0,-3.960625,2.044241,92.83,33.45,329.5,tmct
2013-06-30 10:05:23.750,-5.0,-3.0,64.0,13.908667,2.059609,92.88,33.45,329.75,tmct
2013-06-30 10:05:24.000,-5.0,-3.0,64.0,-6.781875,2.066013,92.93,33.45,330.0,tmct
2013-06-30 10:05:24.250,-5.25,-3.0,64.125,5.541875,2.06089,92.98,33.45,330.25,tmct
2013-06-30 10:05:24.500,-5.125,-3.0,64.25,-2.274667,2.064732,93.04,33.45,330.5,tmct
2013-06-30 10:05:24.750,-5.25,-3.0,64.0,-8.396875,2.053206,93.08,33.45,330.75,tmct
2013-06-30 10:05:25.000,-5.222,-3.0,64.0,-13.195625,2.055767,93.12,33.45,331.0,tmct
2013-06-30 10:05:25.250,-5.125,-3.0,64.0,-15.472667,2.048083,93.15,33.45,331.25,tmct
2013-06-30 10:05:25.500,-5.0,-3.0,64.125,3.901875,2.044241,93.16,33.45,331.5,tmct
2013-06-30 10:05:25.750,-5.125,-3.0,64.125,-3.861333,2.045521,93.17,33.45,331.75,tmct
2013-06-30 10:05:26.000,-5.25,-3.0,64.0,14.643125,2.04296,93.18,33.45,332.0,tmct
2013-06-30 10:05:26.250,-5.75,-3.0,64.0,19.215,2.037837,93.19,33.45,332.25,tmct
2013-06-30 10:05:26.500,-5.5,-3.0,64.0,9.342667,2.032714,93.2,33.45,332.5,tmct
2013-06-30 10:05:26.750,-5.25,-3.125,64.125,-4.893125,2.030153,93.22,33.45,332.75,tmct
2013-06-30 10:05:27.000,-5.25,-3.0,64.25,-23.215625,2.027591,93.23,33.43,333.0,tmct
2013-06-30 10:05:27.250,-5.5,-3.0,64.0,-17.736667,2.02503,93.24,33.43,333.25,tmct
2013-06-30 10:05:27.500,-5.25,-3.0,64.375,2.923125,2.016065,93.26,33.43,333.5,tmct
2013-06-30 10:05:27.750,-5.625,-3.0,64.0,-7.840667,2.016065,93.28,33.43,333.75,tmct
2013-06-30 10:05:28.000,-5.625,-3.0,64.125,-3.903125,2.017346,93.3,33.45,334.0,tmct
2013-06-30 10:05:28.250,-5.5,-3.0,64.0,-0.255625,2.010942,93.32,33.45,334.25,tmct
2013-06-30 10:05:28.500,-5.625,-3.0,64.0,-0.992667,2.013504,93.35,33.45,334.5,tmct
2013-06-30 10:05:28.750,-5.556,-3.0,64.0,11.448125,2.0071,93.39,33.45,334.75,tmct
2013-06-30 10:05:29.000,-5.625,-3.0,64.0,-2.06375,2.005819,93.42,33.49,335.0,tmct
2013-06-30 10:05:29.250,-5.375,-3.0,64.0,-10.206667,1.999416,93.46,33.49,335.25,tmct
2013-06-30 10:05:29.500,-5.5,-3.0,64.125,2.241875,2.003258,93.5,33.49,335.5,tmct
2013-06-30 10:05:29.750,-5.375,-3.0,64.0,-11.302,1.999416,93.53,33.49,335.75,tmct
2013-06-30 10:05:30.000,-5.125,-3.0,64.125,6.018125,1.999416,93.57,33.47,336.0,tmct
2013-06-30 10:05:30.250,-3.875,-3.0,64.375,3.616875,1.995574,93.6,33.47,336.25,tmct
2013-06-30 10:05:30.500,-3.75,-3.0,64.25,-2.963333,1.995574,93.63,33.47,336.5,tmct
2013-06-30 10:05:30.750,-4.0,-3.0,64.125,16.100625,1.986609,93.65,33.47,336.75,tmct
2013-06-30 10:05:31.000,-4.0,-3.0,64.375,26.825,1.987889,93.67,33.49,337.0,tmct
2013-06-30 10:05:31.250,-3.75,-3.0,64.125,126.480667,1.98917,93.68,33.49,337.25,tmct
2013-06-30 10:05:31.500,-3.875,-3.0,64.25,127.331875,1.980205,93.69,33.49,337.5,tmct
2013-06-30 10:05:31.750,-3.75,-3.0,64.375,93.322,1.977644,93.7,33.49,337.75,tmct
2013-06-30 10:05:32.000,-4.0,-3.0,64.125,18.378125,1.975082,93.72,33.47,338.0,tmct
2013-06-30 10:05:32.250,-3.875,-3.0,64.375,2.018125,1.969959,93.75,33.47,338.25,tmct
2013-06-30 10:05:32.500,-4.0,-3.0,64.25,-32.479333,1.966117,93.79,33.47,338.5,tmct
2013-06-30 10:05:32.750,-4.111,-3.0,64.222,-290.565,1.964837,93.82,33.47,338.75,tmct
2013-06-30 10:05:33.000,-4.0,-3.0,64.0,-1083.86625,1.959714,93.85,33.49,339.0,tmct
2013-06-30 10:05:33.250,-4.0,-3.0,64.0,-597.677333,1.963556,93.86,33.49,339.25,tmct
2013-06-30 10:05:33.500,-4.0,-3.0,64.125,911.17,1.958433,93.86,33.49,339.5,tmct
2013-06-30 10:05:33.750,-4.0,-3.0,64.0,409.776667,1.959714,93.86,33.49,339.75,tmct
2013-06-30 10:05:34.000,-4.0,-3.0,64.125,157.319375,1.957152,93.87,33.49,340.0,tmct
2013-06-30 10:05:34.250,-4.0,-3.0,64.125,-27.85875,1.958433,93.89,33.49,340.25,tmct
2013-06-30 10:05:34.500,-4.0,-3.0,64.0,6.694,1.946907,93.91,33.49,340.5,tmct
2013-06-30 10:05:34.750,-4.125,-3.0,64.375,-4.554375,1.943064,93.94,33.49,340.75,tmct
2013-06-30 10:05:35.000,-4.0,-3.0,64.375,-13.665625,1.956285,93.97,33.49,341.0,tmct
2013-06-30 10:05:35.250,-4.0,-3.0,64.25,25.904667,1.953723,93.99,33.49,341.25,tmct
2013-06-30 10:05:35.500,-4.0,-3.0,64.375,-9.505625,1.94732,94.0,33.49,341.5,tmct
2013-06-30 10:05:35.750,-4.0,-3.0,64.375,15.457333,1.944758,94.02,33.49,341.75,tmct
2013-06-30 10:05:36.000,-4.0,-3.0,64.375,39.6775,1.942197,94.03,33.49,342.0,tmct
2013-06-30 10:05:36.250,-4.0,-3.0,64.375,-8.71875,1.938355,94.05,33.49,342.25,tmct
2013-06-30 10:05:36.500,-4.0,-3.0,64.333,26.811333,1.935793,94.07,33.49,342.5,tmct
2013-06-30 10:05:36.750,-4.0,-3.0,64.0,26.62875,1.933232,94.1,33.49,342.75,tmct
2013-06-30 10:05:37.000,-4.0,-3.0,64.125,-7.214375,1.928109,94.12,33.5,343.0,tmct
2013-06-30 10:05:37.250,-4.0,-3.0,64.125,30.408,1.928109,94.14,33.5,343.25,tmct
2013-06-30 10:05:37.500,-4.125,-3.0,64.25,11.88375,1.925547,94.15,33.5,343.5,tmct
2013-06-30 10:05:37.750,-4.0,-3.0,64.25,-1.17,1.922986,94.17,33.5,343.75,tmct
2013-06-30 10:05:38.000,-4.0,-3.0,64.25,22.405,1.916582,94.18,33.49,344.0,tmct
2013-06-30 10:05:38.250,-4.0,-3.0,64.0,-4.206875,1.917863,94.19,33.49,344.25,tmct
2013-06-30 10:05:38.500,-4.0,-3.0,64.125,5.836667,1.916582,94.2,33.49,344.5,tmct
2013-06-30 10:05:38.750,-4.0,-3.0,64.125,9.721875,1.91146,94.21,33.49,344.75,tmct
2013-06-30 10:05:39.000,-4.125,-3.0,64.125,-11.386875,1.91146,94.22,33.53,345.0,tmct
2013-06-30 10:05:39.250,-3.75,-3.0,64.25,20.605333,1.903775,94.22,33.53,345.25,tmct
2013-06-30 10:05:39.500,-4.125,-3.0,64.5,6.12,1.908898,94.23,33.53,345.5,tmct
2013-06-30 10:05:39.750,-4.125,-3.0,64.375,3.19,1.898652,94.22,33.53,345.75,tmct
2013-06-30 10:05:40.000,-4.25,-3.0,64.25,7.248125,1.897372,94.22,33.53,346.0,tmct
2013-06-30 10:05:40.250,-4.125,-3.0,64.125,-12.986875,1.892249,94.21,33.53,346.25,tmct
2013-06-30 10:05:40.500,-4.333,-3.0,64.111,7.404,1.889687,94.2,33.53,346.5,tmct
2013-06-30 10:05:40.750,-4.375,-3.0,64.5,-5.27125,1.887126,94.19,33.53,346.75,tmct
2013-06-30 10:05:41.000,-4.875,-3.0,64.125,4.51375,1.885845,94.18,33.53,347.0,tmct
2013-06-30 10:05:41.250,-4.875,-3.0,64.0,2.982667,1.878161,94.17,33.53,347.25,tmct
2013-06-30 10:05:41.500,-4.875,-3.0,64.125,-5.645625,1.879442,94.16,33.53,347.5,tmct
2013-06-30 10:05:41.750,-4.625,-3.0,64.0,4.398667,1.87688,94.15,33.53,347.75,tmct
2013-06-30 10:05:42.000,-4.5,-3.0,64.0,-14.761875,1.8756,94.15,33.55,348.0,tmct
2013-06-30 10:05:42.250,-4.75,-3.0,64.125,2.42,1.87688,94.15,33.55,348.25,tmct
2013-06-30 10:05:42.500,-4.875,-3.0,64.0,1.679333,1.874319,94.16,33.55,348.5,tmct
2013-06-30 10:05:42.750,-5.25,-3.0,64.0,-3.02125,1.873038,94.17,33.55,348.75,tmct
2013-06-30 10:05:43.000,-5.75,-3.0,64.0,7.043125,1.873038,94.2,33.57,349.0,tmct
2013-06-30 10:05:43.250,-6.25,-3.0,64.125,-3.951333,1.867915,94.24,33.57,349.25,tmct
2013-06-30 10:05:43.500,-5.75,-3.0,64.125,-7.519375,1.862792,94.29,33.57,349.5,tmct
2013-06-30 10:05:43.750,-5.25,-3.0,64.125,2.828667,1.85895,94.33,33.57,349.75,tmct
2013-06-30 10:05:44.000,-5.0,-3.0,64.125,-1.755,1.866635,94.35,33.59,350.0,tmct
2013-06-30 10:05:44.250,-5.0,-3.0,64.0,9.420625,1.870477,94.34,33.59,350.25,tmct
2013-06-30 10:05:44.500,-5.125,-3.0,64.125,-6.042,1.889687,94.31,33.59,350.5,tmct
2013-06-30 10:05:44.750,-5.375,-3.0,64.125,-25.9625,1.89481,94.28,33.59,350.75,tmct
2013-06-30 10:05:45.000,-5.375,-3.0,64.0,1.44125,1.907617,94.25,33.57,351.0,tmct
2013-06-30 10:05:45.250,-5.25,-3.0,64.0,2.448,1.910179,94.24,33.57,351.25,tmct
2013-06-30 10:05:45.500,-5.25,-3.0,64.0,-22.925625,1.91146,94.25,33.57,351.5,tmct
2013-06-30 10:05:45.750,-5.125,-3.0,64.0,1.416667,1.907617,94.28,33.57,351.75,tmct
2013-06-30 10:05:46.000,-5.0,-3.0,64.125,5.40625,1.898652,94.3,33.59,352.0,tmct
2013-06-30 10:05:46.250,-5.25,-3.0,64.0,-14.795625,1.89353,94.32,33.59,352.25,tmct
2013-06-30 10:05:46.500,-5.25,-3.0,64.125,4.713333,1.887126,94.34,33.59,352.5,tmct
2013-06-30 10:05:46.750,-5.0,-3.0,64.0,1.861875,1.889687,94.36,33.59,352.75,tmct
2013-06-30 10:05:47.000,-5.0,-3.0,64.0,-6.706875,1.879442,94.38,33.61,353.0,tmct
2013-06-30 10:05:47.250,-5.25,-3.0,64.125,6.618667,1.87688,94.39,33.61,353.25,tmct
2013-06-30 10:05:47.500,-5.375,-3.0,64.0,-12.305625,1.871758,94.41,33.61,353.5,tmct
2013-06-30 10:05:47.750,-5.75,-3.0,64.0,-2.994,1.869196,94.42,33.61,353.75,tmct
2013-06-30 10:05:48.000,-5.625,-3.0,64.0,-0.574375,1.866635,94.43,33.65,354.0,tmct
2013-06-30 10:05:48.250,-5.667,-3.0,64.0,-16.116875,1.860231,94.44,33.65,354.25,tmct
2013-06-30 10:05:48.500,-5.875,-3.0,64.0,14.009333,1.861512,94.46,33.65,354.5,tmct
2013-06-30 10:05:48.750,-5.625,-3.125,64.0,11.8975,1.85767,94.47,33.65,354.75,tmct
2013-06-30 10:05:49.000,-5.875,-3.0,64.125,-12.27375,1.853827,94.48,33.65,355.0,tmct
2013-06-30 10:05:49.250,-5.25,-3.0,64.0,15.279333,1.856389,94.49,33.65,355.25,tmct
2013-06-30 10:05:49.500,-5.25,-3.0,64.125,6.058125,1.849985,94.5,33.65,355.5,tmct
2013-06-30 10:05:49.750,-5.25,-3.0,64.0,-16.718,1.853827,94.51,33.65,355.75,tmct
2013-06-30 10:05:50.000,-5.125,-3.0,64.125,10.77625,1.846143,94.53,33.66,356.0,tmct
2013-06-30 10:05:50.250,-5.0,-3.0,64.125,4.401875,1.842301,94.56,33.66,356.25,tmct
2013-06-30 10:05:50.500,-5.375,-3.0,64.0,-17.335333,1.843582,94.59,33.66,356.5,tmct
2013-06-30 10:05:50.750,-5.125,-3.0,64.0,8.506875,1.835897,94.64,33.66,356.75,tmct
2013-06-30 10:05:51.000,-5.25,-3.0,64.125,-0.98375,1.833336,94.68,33.73,357.0,tmct
2013-06-30 10:05:51.250,-5.375,-3.0,64.0,-11.012667,1.829494,94.72,33.73,357.25,tmct
2013-06-30 10:05:51.500,-5.625,-3.0,64.0,6.805,1.825652,94.76,33.73,357.5,tmct
2013-06-30 10:05:51.750,-5.375,-3.0,64.0,-6.890667,1.819248,94.79,33.73,357.75,tmct
2013-06-30 10:05:52.000,-5.889,-3.0,64.111,-11.62125,1.815406,94.8,33.75,358.0,tmct
2013-06-30 10:05:52.250,-5.0,-2.875,64.25,2.453125,1.810283,94.79,33.75,358.25,tmct
2013-06-30 10:05:52.500,-5.125,-3.0,64.0,-1.552,1.810283,94.76,33.75,358.5,tmct
2013-06-30 10:05:52.750,-5.0,-3.0,64.125,-5.503125,1.811564,94.72,33.75,358.75,tmct
2013-06-30 10:05:53.000,-5.25,-3.0,64.375,1.365,1.807722,94.68,33.77,359.0,tmct
2013-06-30 10:05:53.250,-5.5,-3.0,64.0,-14.191333,1.801318,94.65,33.77,359.25,tmct
2013-06-30 10:05:53.500,-5.375,-3.0,64.0,-3.635625,1.801318,94.63,33.77,359.5,tmct
2013-06-30 10:05:53.750,-5.25,-3.0,64.5,0.342,1.798757,94.6,33.77,359.75,tmct
2013-06-30 10:05:54.000,-5.75,-3.0,64.125,-12.94,1.793634,94.58,33.81,360.0,tmct
2013-06-30 10:05:54.250,-5.625,-3.0,64.0,12.303125,1.792353,94.55,33.81,360.25,tmct
2013-06-30 10:05:54.500,-5.625,-3.0,64.125,9.559333,1.791072,94.52,33.81,360.5,tmct
2013-06-30 10:05:54.750,-5.625,-3.0,64.25,-5.229375,1.784669,94.48,33.81,360.75,tmct
2013-06-30 10:05:55.000,-5.875,-3.0,64.0,10.246875,1.782107,94.45,33.84,361.0,tmct
2013-06-30 10:05:55.250,-5.75,-3.0,64.0,-5.611333,1.780827,94.42,33.84,361.25,tmct
2013-06-30 10:05:55.500,-5.875,-3.0,64.125,1.82875,1.779546,94.38,33.84,361.5,tmct
2013-06-30 10:05:55.750,-5.625,-3.125,64.125,0.236,1.773142,94.35,33.84,361.75,tmct
2013-06-30 10:05:56.000,-6.0,-3.222,64.0,-30.8925,1.773142,94.32,33.87,362.0,tmct
2013-06-30 10:05:56.250,-5.5,-3.0,64.25,1.7625,1.765458,94.29,33.87,362.25,tmct
2013-06-30 10:05:56.500,-5.5,-3.0,64.0,14.417333,1.770581,94.25,33.87,362.5,tmct
2013-06-30 10:05:56.750,-6.0,-3.0,64.0,10.575,1.766739,94.21,33.87,362.75,tmct
2013-06-30 10:05:57.000,-6.0,-3.0,64.0,47.2325,1.762897,94.17,33.91,363.0,tmct
2013-06-30 10:05:57.250,-5.875,-3.0,64.0,7.448,1.770581,94.12,33.91,363.25,tmct
2013-06-30 10:05:57.500,-6.0,-3.0,64.125,-25.254375,1.780827,94.08,33.91,363.5,tmct
2013-06-30 10:05:57.750,-6.0,-3.0,64.0,6.330667,1.793634,94.03,33.91,363.75,tmct
2013-06-30 10:05:58.000,-6.0,-3.0,64.0,3.535625,1.810283,93.98,33.95,364.0,tmct
2013-06-30 10:05:58.250,-6.125,-3.0,64.0,-7.925,1.820529,93.94,33.95,364.25,tmct
2013-06-30 10:05:58.500,-6.625,-3.0,64.0,13.807333,1.829494,93.9,33.95,364.5,tmct
2013-06-30 10:05:58.750,-6.5,-3.0,64.0,-5.7175,1.842301,93.86,33.95,364.75,tmct
2013-06-30 10:05:59.000,-6.25,-3.0,64.0,-9.5075,1.844862,93.82,33.95,365.0,tmct
2013-06-30 10:05:59.250,-6.25,-3.0,64.0,10.966,1.848705,93.78,33.95,365.25,tmct
2013-06-30 10:05:59.500,-6.25,-3.0,64.0,-2.90625,1.848705,93.75,33.95,365.5,tmct
2013-06-30 10:05:59.750,-6.333,-3.0,64.0,-9.105333,1.84102,93.71,33.95,365.75,tmct
2013-06-30 10:06:00.000,-6.375,-3.0,64.0,7.73125,1.835897,93.67,34.0,366.0,tmct
2013-06-30 10:06:00.250,-6.25,-3.0,64.0,-4.82375,1.829494,93.63,34.0,366.25,tmct
2013-06-30 10:06:00.500,-6.125,-3.125,64.0,-10.912,1.824371,93.58,34.0,366.5,tmct
2013-06-30 10:06:00.750,-6.125,-3.0,64.0,8.36,1.832055,93.54,34.0,366.75,tmct
2013-06-30 10:06:01.000,-6.25,-3.0,64.0,-3.34625,1.870477,93.5,34.03,367.0,tmct
2013-06-30 10:06:01.250,-6.25,-3.0,64.0,-10.623333,1.942197,93.47,34.03,367.25,tmct
2013-06-30 10:06:01.500,-6.375,-3.0,64.0,6.486875,2.008794,93.45,34.03,367.5,tmct
2013-06-30 10:06:01.750,-6.0,-3.0,64.125,-4.556667,2.054899,93.44,34.03,367.75,tmct
2013-06-30 10:06:02.000,-6.0,-3.0,64.0,-1.238125,2.104847,93.42,34.07,368.0,tmct
2013-06-30 10:06:02.250,-6.0,-3.0,64.0,4.520625,2.140707,93.4,34.07,368.25,tmct
2013-06-30 10:06:02.500,-6.0,-3.0,64.0,-12.931333,2.16376,93.38,34.07,368.5,tmct
2013-06-30 10:06:02.750,-6.125,-3.0,64.0,6.713125,2.168883,93.35,34.07,368.75,tmct
2013-06-30 10:06:03.000,-6.0,-3.125,64.0,3.181875,2.16376,93.33,34.09,369.0,tmct
2013-06-30 10:06:03.250,-6.125,-3.0,64.0,-15.092,2.158638,93.31,34.09,369.25,tmct
2013-06-30 10:06:03.500,-6.0,-3.0,64.125,12.775625,2.140707,93.29,34.09,369.5,tmct
2013-06-30 10:06:03.750,-6.111,-3.0,64.0,0.628,2.124058,93.27,34.09,369.75,tmct
2013-06-30 10:06:04.000,-6.0,-3.0,64.0,-17.2775,2.106128,93.25,34.15,370.0,tmct
2013-06-30 10:06:04.250,-6.375,-3.0,64.0,11.83,2.089479,93.23,34.15,370.25,tmct
2013-06-30 10:06:04.500,-6.625,-3.125,64.0,1.721333,2.083075,93.21,34.15,370.5,tmct
2013-06-30 10:06:04.750,-6.75,-3.0,64.0,-15.46625,2.062584,93.2,34.15,370.75,tmct
2013-06-30 10:06:05.000,-6.25,-3.25,64.0,11.940625,2.045935,93.18,34.16,371.0,tmct
2013-06-30 10:06:05.250,-6.625,-3.125,64.0,3.244,2.035689,93.16,34.16,371.25,tmct
2013-06-30 10:06:05.500,-6.875,-3.0,64.0,7.70625,2.025443,93.15,34.16,371.5,tmct
2013-06-30 10:06:05.750,-6.875,-3.125,64.0,24.561333,2.008794,93.14,34.16,371.75,tmct
2013-06-30 10:06:06.000,-6.875,-3.0,64.0,-8.924375,2.00239,93.12,34.18,372.0,tmct
2013-06-30 10:06:06.250,-6.875,-3.125,64.125,-12.649375,1.988302,93.1,34.18,372.25,tmct
2013-06-30 10:06:06.500,-6.875,-3.25,64.0,-2.112667,1.985741,93.09,34.18,372.5,tmct
2013-06-30 10:06:06.750,-6.875,-3.0,64.0,-15.36125,1.972934,93.07,34.18,372.75,tmct
2013-06-30 10:06:07.000,-6.875,-3.125,64.0,11.859375,1.970372,93.05,34.25,373.0,tmct
2013-06-30 10:06:07.250,-6.875,-3.125,64.0,2.756,1.961407,93.03,34.25,373.25,tmct
2013-06-30 10:06:07.500,-6.889,-3.111,64.0,-16.85875,1.951162,93.01,34.25,373.5,tmct
2013-06-30 10:06:07.750,-6.875,-3.0,64.0,12.674667,1.94732,92.99,34.25,373.75,tmct
2013-06-30 10:06:08.000,-6.875,-3.375,64.0,0.408125,1.940916,92.97,34.27,374.0,tmct
2013-06-30 10:06:08.250,-7.0,-3.125,64.0,-17.14625,1.92939,92.95,34.27,374.25,tmct
2013-06-30 10:06:08.500,-7.0,-3.375,64.0,13.590667,1.926828,92.93,34.27,374.5,tmct
2013-06-30 10:06:08.750,-7.0,-3.125,64.0,2.51625,1.924267,92.91,34.27,374.75,tmct
2013-06-30 10:06:09.000,-7.0,-3.125,64.0,-3.65375,1.920425,92.88,34.31,375.0,tmct
2013-06-30 10:06:09.250,-6.875,-3.25,64.0,4.518667,1.914021,92.85,34.31,375.25,tmct
2013-06-30 10:06:09.500,-6.75,-3.25,64.0,-14.125625,1.91146,92.82,34.31,375.5,tmct
2013-06-30 10:06:09.750,-6.5,-3.125,64.0,-30.024,1.906337,92.8,34.31,375.75,tmct
2013-06-30 10:06:10.000,-6.5,-3.125,64.0,-80.959375,1.902495,92.77,34.33,376.0,tmct
2013-06-30 10:06:10.250,-6.75,-3.25,64.0,45.595,1.89353,92.75,34.33,376.25,tmct
2013-06-30 10:06:10.500,-6.75,-3.0,64.0,88.977333,1.892249,92.73,34.33,376.5,tmct
2013-06-30 10:06:10.750,-6.875,-3.0,64.0,10.510625,1.882003,92.7,34.33,376.75,tmct
2013-06-30 10:06:11.000,-6.875,-3.125,64.0,-24.04625,1.878161,92.67,34.34,377.0,tmct
2013-06-30 10:06:11.250,-6.75,-3.125,64.0,7.622,1.874319,92.63,34.34,377.25,tmct
2013-06-30 10:06:11.500,-6.667,-3.222,64.0,21.47875,1.869196,92.57,34.34,377.5,tmct
2013-06-30 10:06:11.750,-6.875,-3.0,64.0,33.742,1.862792,92.52,34.34,377.75,tmct
2013-06-30 10:06:12.000,-6.75,-3.125,64.0,-36.27875,1.862792,92.47,34.37,378.0,tmct
2013-06-30 10:06:12.250,-6.75,-3.125,64.0,-89.10875,1.853827,92.43,34.37,378.25,tmct
2013-06-30 10:06:12.500,-7.0,-3.0,64.0,88.762,1.851266,92.39,34.37,378.5,tmct
2013-06-30 10:06:12.750,-6.5,-3.125,64.0,3.584375,1.843582,92.36,34.37,378.75,tmct
2013-06-30 10:06:13.000,-6.75,-3.125,64.0,-23.515625,1.843582,92.33,34.39,379.0,tmct
2013-06-30 10:06:13.250,-6.875,-3.0,64.0,1.764,1.834617,92.29,34.39,379.25,tmct
2013-06-30 10:06:13.500,-6.75,-3.0,64.0,2.310625,1.837178,92.25,34.39,379.5,tmct
2013-06-30 10:06:13.750,-6.75,-3.125,64.0,-11.044,1.828213,92.22,34.39,379.75,tmct
2013-06-30 10:06:14.000,-6.75,-3.25,64.0,19.05375,1.826932,92.18,34.43,380.0,tmct
2013-06-30 10:06:14.250,-6.875,-3.0,64.0,-4.609375,1.82309,92.15,34.43,380.25,tmct
2013-06-30 10:06:14.500,-6.75,-3.125,64.0,-12.757333,1.814125,92.12,34.43,380.5,tmct
2013-06-30 10:06:14.750,-6.875,-3.125,64.0,23.323125,1.811564,92.1,34.43,380.75,tmct
2013-06-30 10:06:15.000,-6.75,-3.125,64.0,15.0475,1.80516,92.08,34.43,381.0,tmct
2013-06-30 10:06:15.250,-6.889,-3.222,64.0,1.816667,1.800038,92.06,34.43,381.25,tmct
2013-06-30 10:06:15.500,-7.0,-3.125,64.0,6.54,1.796195,92.04,34.43,381.5,tmct
2013-06-30 10:06:15.750,-7.0,-3.0,64.0,-4.425333,1.792353,92.02,34.43,381.75,tmct
2013-06-30 10:06:16.000,-6.875,-3.125,64.0,-12.07875,1.788511,92.0,34.43,382.0,tmct
2013-06-30 10:06:16.250,-6.875,-3.125,64.0,0.294375,1.78723,91.98,34.43,382.25,tmct
2013-06-30 10:06:16.500,-7.0,-3.0,64.0,-12.144,1.78595,91.96,34.43,382.5,tmct
2013-06-30 10:06:16.750,-7.0,-3.0,64.0,-4.30375,1.780827,91.94,34.43,382.75,tmct
2013-06-30 10:06:17.000,-7.0,-3.125,64.0,7.754375,1.771862,91.92,34.47,383.0,tmct
2013-06-30 10:06:17.250,-7.0,-3.25,64.0,-11.14,1.774423,91.9,34.47,383.25,tmct
2013-06-30 10:06:17.500,-6.875,-3.0,64.0,0.863125,1.770581,91.88,34.47,383.5,tmct
2013-06-30 10:06:17.750,-6.625,-3.0,64.0,-3.704,1.766739,91.85,34.47,383.75,tmct
2013-06-30 10:06:18.000,-6.25,-3.125,64.0,-21.75375,1.764177,91.83,34.47,384.0,tmct
2013-06-30 10:06:18.250,-6.625,-3.0,64.0,3.174375,1.757774,91.81,34.47,384.25,tmct
2013-06-30 10:06:18.500,-6.5,-3.0,64.0,0.012,1.753932,91.78,34.47,384.5,tmct
2013-06-30 10:06:18.750,-6.75,-3.0,64.0,-6.35125,1.75009,91.76,34.47,384.75,tmct
2013-06-30 10:06:19.000,-6.5,-3.125,64.0,14.00375,1.748809,91.73,34.49,385.0,tmct
2013-06-30 10:06:19.250,-6.667,-3.0,64.0,4.5,1.744967,91.7,34.49,385.25,tmct
2013-06-30 10:06:19.500,-6.125,-3.125,64.0,3.963125,1.741125,91.67,34.49,385.5,tmct
2013-06-30 10:06:19.750,-6.25,-3.0,64.0,5.14,1.739844,91.64,34.49,385.75,tmct
2013-06-30 10:06:20.000,-6.375,-3.125,64.0,-8.675625,1.736002,91.62,34.49,386.0,tmct
2013-06-30 10:06:20.250,-6.0,-3.0,64.0,8.143125,1.734721,91.6,34.49,386.25,tmct
2013-06-30 10:06:20.500,-6.125,-3.0,64.125,-6.820667,1.728317,91.59,34.49,386.5,tmct
2013-06-30 10:06:20.750,-6.25,-3.0,64.0,-0.093125,1.734721,91.58,34.49,386.75,tmct
2013-06-30 10:06:21.000,-6.25,-3.25,64.0,8.165,1.727037,91.58,34.49,387.0,tmct
2013-06-30 10:06:21.250,-6.125,-3.0,64.0,-9.157333,1.729598,91.58,34.49,387.25,tmct
2013-06-30 10:06:21.500,-6.25,-3.0,64.0,7.255,1.723195,91.57,34.49,387.5,tmct
2013-06-30 10:06:21.750,-6.75,-3.0,64.0,4.960667,1.719352,91.57,34.49,387.75,tmct
2013-06-30 10:06:22.000,-6.375,-3.125,64.0,-6.795,1.716791,91.57,34.5,388.0,tmct
2013-06-30 10:06:22.250,-6.5,-3.125,64.0,11.19,1.71551,91.57,34.5,388.25,tmct
2013-06-30 10:06:22.500,-6.75,-3.0,64.0,2.168667,1.709107,91.56,34.5,388.5,tmct
2013-06-30 10:06:22.750,-6.375,-3.125,64.0,-2.603125,1.711668,91.56,34.5,388.75,tmct
2013-06-30 10:06:23.000,-6.556,-3.0,64.0,10.2075,1.707826,91.55,34.55,389.0,tmct
2013-06-30 10:06:23.250,-6.5,-3.375,64.0,-2.650667,1.700142,91.54,34.55,389.25,tmct
2013-06-30 10:06:23.500,-6.5,-3.125,64.0,2.96375,1.702703,91.53,34.55,389.5,tmct
2013-06-30 10:06:23.750,-6.5,-3.0,64.0,-4.219333,1.703984,91.53,34.55,389.75,tmct
2013-06-30 10:06:24.000,-6.5,-3.125,64.0,-13.50375,1.709107,91.52,34.55,390.0,tmct
2013-06-30 10:06:24.250,-6.5,-3.125,64.0,5.28375,1.706545,91.51,34.55,390.25,tmct
2013-06-30 10:06:24.500,-6.5,-3.0,64.0,-4.724667,1.716791,91.51,34.55,390.5,tmct
2013-06-30 10:06:24.750,-6.375,-3.125,64.0,-9.16375,1.718072,91.5,34.55,390.75,tmct
2013-06-30 10:06:25.000,-6.625,-3.125,64.0,7.81125,1.719352,91.5,34.55,391.0,tmct
2013-06-30 10:06:25.250,-6.75,-3.125,64.0,-1.106667,1.71551,91.49,34.55,391.25,tmct
2013-06-30 10:06:25.500,-6.75,-3.125,64.0,2.4625,1.716791,91.49,34.55,391.5,tmct
2013-06-30 10:06:25.750,-6.625,-3.0,64.0,1.951333,1.711668,91.48,34.55,391.75,tmct
2013-06-30 10:06:26.000,-6.375,-3.0,64.0,-8.33375,1.710387,91.48,34.55,392.0,tmct
2013-06-30 10:06:26.250,-6.625,-3.0,64.0,-0.615,1.703984,91.48,34.55,392.25,tmct
2013-06-30 10:06:26.500,-6.625,-3.0,64.0,1.635333,1.701422,91.48,34.55,392.5,tmct
2013-06-30 10:06:26.750,-6.625,-3.0,64.0,-1.923125,1.698861,91.47,34.55,392.75,tmct
2013-06-30 10:06:27.000,-6.333,-3.111,64.0,5.21375,1.698861,91.47,34.59,393.0,tmct
2013-06-30 10:06:27.250,-6.625,-3.125,64.0,-1.832,1.702703,91.46,34.59,393.25,tmct
2013-06-30 10:06:27.500,-6.625,-3.0,64.0,-16.43,1.710387,91.45,34.59,393.5,tmct
2013-06-30 10:06:27.750,-6.75,-3.125,64.0,4.662667,1.718072,91.44,34.59,393.75,tmct
2013-06-30 10:06:28.000,-6.625,-3.0,64.0,5.70375,1.720633,91.43,34.61,394.0,tmct
2013-06-30 10:06:28.250,-6.625,-3.0,64.0,-10.694375,1.727037,91.42,34.61,394.25,tmct
2013-06-30 10:06:28.500,-6.75,-3.25,64.0,13.208,1.734721,91.41,34.61,394.5,tmct
2013-06-30 10:06:28.750,-6.625,-3.375,64.0,3.206875,1.739844,91.39,34.61,394.75,tmct
2013-06-30 10:06:29.000,-6.75,-3.0,64.0,-8.98625,1.742405,91.38,34.61,395.0,tmct
2013-06-30 10:06:29.250,-6.75,-3.125,64.0,7.01,1.741125,91.37,34.61,395.25,tmct
2013-06-30 10:06:29.500,-6.5,-3.25,64.0,-1.670625,1.738563,91.35,34.61,395.5,tmct
2013-06-30 10:06:29.750,-6.75,-3.25,64.0,-1.132,1.728317,91.34,34.61,395.75,tmct
2013-06-30 10:06:30.000,-6.75,-3.375,64.125,10.125,1.724475,91.32,34.65,396.0,tmct
2013-06-30 10:06:30.250,-6.875,-3.0,64.0,-4.9425,1.716791,91.3,34.65,396.25,tmct
2013-06-30 10:06:30.500,-7.0,-3.25,64.0,6.828,1.71423,91.27,34.65,396.5,tmct
2013-06-30 10:06:30.750,-7.0,-3.111,64.0,-4.689375,1.709107,91.25,34.65,396.75,tmct
2013-06-30 10:06:31.000,-7.0,-3.0,64.0,-16.51,1.700142,91.23,34.65,397.0,tmct
2013-06-30 10:06:31.250,-6.875,-3.125,64.0,13.562667,1.700142,91.21,34.65,397.25,tmct
2013-06-30 10:06:31.500,-7.0,-3.25,64.0,1.011875,1.693738,91.2,34.65,397.5,tmct
2013-06-30 10:06:31.750,-7.0,-3.5,64.0,-2.618,1.691177,91.19,34.65,397.75,tmct
2013-06-30 10:06:32.000,-7.0,-3.0,64.0,17.27875,1.686054,91.17,34.66,398.0,tmct
2013-06-30 10:06:32.250,-7.0,-3.125,64.0,-3.505,1.684773,91.15,34.66,398.25,tmct
2013-06-30 10:06:32.500,-6.875,-3.0,64.0,3.858,1.67837,91.13,34.66,398.5,tmct
2013-06-30 10:06:32.750,-7.0,-3.125,64.0,-1.441875,1.675808,91.1,34.66,398.75,tmct
2013-06-30 10:06:33.000,-7.0,-3.25,64.0,-17.986875,1.671966,91.07,34.68,399.0,tmct
2013-06-30 10:06:33.250,-7.0,-3.125,64.0,13.652667,1.669405,91.04,34.68,399.25,tmct
2013-06-30 10:06:33.500,-7.0,-3.25,64.0,0.43375,1.663001,91.0,34.68,399.5,tmct
2013-06-30 10:06:33.750,-7.0,-3.125,64.0,2.927333,1.66044,90.96,34.68,399.75,tmct
2013-06-30 10:06:34.000,-7.0,-3.25,64.0,5.35,1.66044,90.92,34.71,400.0,tmct
2013-06-30 10:06:34.250,-7.0,-3.5,64.0,-12.236875,1.651475,90.87,34.71,400.25,tmct
2013-06-30 10:06:34.500,-7.0,-3.125,64.0,13.576667,1.650194,90.83,34.71,400.5,tmct
2013-06-30 10:06:34.750,-7.0,-3.111,64.0,3.205,1.648913,90.78,34.71,400.75,tmct
2013-06-30 10:06:35.000,-7.0,-3.125,64.0,-4.531875,1.646352,90.73,34.71,401.0,tmct
2013-06-30 10:06:35.250,-7.0,-3.0,64.0,10.587333,1.645071,90.69,34.71,401.25,tmct
2013-06-30 10:06:35.500,-7.0,-3.25,64.0,-3.0925,1.645071,90.65,34.71,401.5,tmct
2013-06-30 10:06:35.750,-7.0,-3.125,64.0,-10.343333,1.639948,90.61,34.71,401.75,tmct
2013-06-30 10:06:36.000,-7.0,-3.125,64.0,7.91875,1.634825,90.58,34.71,402.0,tmct
2013-06-30 10:06:36.250,-7.0,-3.25,64.0,0.721875,1.634825,90.55,34.71,402.25,tmct
2013-06-30 10:06:36.500,-7.0,-3.125,64.0,-4.815333,1.638667,90.52,34.71,402.5,tmct
2013-06-30 10:06:36.750,-6.25,-3.375,64.375,6.58125,1.632264,90.5,34.71,402.75,tmct
2013-06-30 10:06:37.000,-6.375,-4.75,65.625,-0.253125,1.630983,90.47,34.71,403.0,tmct
2013-06-30 10:06:37.250,-0.75,1.125,64.25,-2.222667,1.628422,90.44,34.71,403.25,tmct
2013-06-30 10:06:37.500,-1.875,3.0,61.875,-3.519375,1.623299,90.41,34.71,403.5,tmct
2013-06-30 10:06:37.750,-9.375,-2.75,64.375,-11.141333,1.622018,90.38,34.71,403.75,tmct
2013-06-30 10:06:38.000,-11.5,-2.375,64.5,-1.43375,1.616895,90.35,34.75,404.0,tmct
2013-06-30 10:06:38.250,-11.875,-1.875,63.75,-4.066875,1.614334,90.33,34.75,404.25,tmct
2013-06-30 10:06:38.500,-11.222,-2.0,63.333,-8.462,1.613053,90.31,34.75,404.5,tmct
2013-06-30 10:06:38.750,-11.625,-2.5,63.875,4.355,1.611773,90.29,34.75,404.75,tmct
2013-06-30 10:06:39.000,-12.625,-2.625,63.375,-3.69,1.60665,90.27,34.71,405.0,tmct
2013-06-30 10:06:39.250,-13.0,-2.875,63.125,-7.410667,1.610492,90.25,34.71,405.25,tmct
2013-06-30 10:06:39.500,-13.0,-2.875,63.375,7.5925,1.611773,90.23,34.71,405.5,tmct
2013-06-30 10:06:39.750,-13.0,-2.875,63.375,6.204667,1.613053,90.21,34.71,405.75,tmct
2013-06-30 10:06:40.000,-13.0,-3.0,63.125,0.4475,1.611773,90.2,34.71,406.0,tmct
2013-06-30 10:06:40.250,-13.0,-3.0,63.25,8.536875,1.615615,90.19,34.71,406.25,tmct
2013-06-30 10:06:40.500,-12.75,-3.0,63.375,-2.487333,1.60665,90.19,34.71,406.5,tmct
2013-06-30 10:06:40.750,-12.875,-3.0,63.25,-3.608125,1.59,90.19,34.71,406.75,tmct
2013-06-30 10:06:41.000,-13.0,-3.0,63.375,-0.200625,1.586158,90.18,34.71,407.0,tmct
2013-06-30 10:06:41.250,-12.625,-3.0,63.5,-7.472667,1.59,90.17,34.71,407.25,tmct
2013-06-30 10:06:41.500,-13.0,-3.0,63.25,2.291875,1.582316,90.15,34.71,407.5,tmct
2013-06-30 10:06:41.750,-12.875,-3.0,63.375,-3.978,1.582316,90.14,34.71,407.75,tmct
2013-06-30 10:06:42.000,-12.625,-2.875,63.375,-3.34125,1.583597,90.13,34.68,408.0,tmct
2013-06-30 10:06:42.250,-12.75,-2.875,63.5,1.8675,1.591281,90.13,34.68,408.25,tmct
2013-06-30 10:06:42.500,-12.889,-2.889,63.444,-2.172667,1.600246,90.14,34.68,408.5,tmct
2013-06-30 10:06:42.750,-12.75,-2.75,63.75,7.354375,1.60665,90.13,34.68,408.75,tmct
2013-06-30 10:06:43.000,-12.625,-2.625,63.5,3.99875,1.60793,90.12,34.71,409.0,tmct
2013-06-30 10:06:43.250,-12.625,-2.75,63.375,-2.814667,1.616895,90.09,34.71,409.25,tmct
2013-06-30 10:06:43.500,-12.75,-3.0,63.5,-1.71625,1.618176,90.05,34.71,409.5,tmct
2013-06-30 10:06:43.750,-12.75,-2.5,63.75,-10.074667,1.622018,90.01,34.71,409.75,tmct
2013-06-30 10:06:44.000,-12.625,-2.625,63.125,0.474375,1.629702,90.0,34.71,410.0,tmct
2013-06-30 10:06:44.250,-12.625,-2.625,63.375,1.27875,1.629702,90.02,34.71,410.25,tmct
2013-06-30 10:06:44.500,-12.5,-3.0,63.25,-8.590667,1.641229,90.05,34.71,410.5,tmct
2013-06-30 10:06:44.750,-12.625,-2.5,63.625,0.886875,1.664282,90.09,34.71,410.75,tmct
2013-06-30 10:06:45.000,-12.25,-3.0,63.625,-2.19,1.684773,90.13,34.68,411.0,tmct
2013-06-30 10:06:45.250,-12.25,-2.75,63.5,-6.539333,1.69758,90.15,34.68,411.25,tmct
2013-06-30 10:06:45.500,-12.5,-3.0,63.375,5.404375,1.711668,90.16,34.68,411.5,tmct
2013-06-30 10:06:45.750,-12.25,-2.625,63.75,6.010667,1.710387,90.15,34.68,411.75,tmct
2013-06-30 10:06:46.000,-12.5,-2.75,63.5,11.83625,1.711668,90.15,34.68,412.0,tmct
2013-06-30 10:06:46.250,-12.667,-2.778,63.444,11.4075,1.705265,90.15,34.68,412.25,tmct
2013-06-30 10:06:46.500,-12.375,-2.875,63.25,-4.662667,1.710387,90.15,34.68,412.5,tmct
2013-06-30 10:06:46.750,-12.375,-2.75,63.25,2.678125,1.71551,90.15,34.68,412.75,tmct
2013-06-30 10:06:47.000,-12.25,-2.375,63.625,-7.5725,1.723195,90.15,34.65,413.0,tmct
2013-06-30 10:06:47.250,-12.625,-2.5,63.5,-2.284667,1.724475,90.15,34.65,413.25,tmct
2013-06-30 10:06:47.500,-12.625,-2.375,63.625,2.801875,1.736002,90.16,34.65,413.5,tmct
2013-06-30 10:06:47.750,-12.25,-2.375,63.625,-9.732,1.743686,90.17,34.65,413.75,tmct
2013-06-30 10:06:48.000,-12.375,-2.75,63.75,8.386875,1.762897,90.17,34.61,414.0,tmct
2013-06-30 10:06:48.250,-12.125,-2.625,63.75,3.3,1.80516,90.17,34.61,414.25,tmct
2013-06-30 10:06:48.500,-12.0,-2.625,63.375,-8.711333,1.865354,90.17,34.61,414.5,tmct
2013-06-30 10:06:48.750,-12.125,-2.5,63.375,8.086875,1.925547,90.18,34.61,414.75,tmct
2013-06-30 10:06:49.000,-12.0,-2.5,63.75,-1.139375,1.979337,90.18,34.59,415.0,tmct
2013-06-30 10:06:49.250,-12.25,-2.25,63.625,7.95,2.012636,90.19,34.59,415.25,tmct
2013-06-30 10:06:49.500,-12.0,-2.375,63.375,9.2025,2.030566,90.2,34.59,415.5,tmct
2013-06-30 10:06:49.750,-12.0,-2.5,63.875,-7.456667,2.03697,90.2,34.59,415.75,tmct
2013-06-30 10:06:50.000,-12.25,-2.25,63.625,4.1125,2.039531,90.2,34.57,416.0,tmct
2013-06-30 10:06:50.250,-12.333,-2.111,63.667,-7.79375,2.031847,90.19,34.57,416.25,tmct
2013-06-30 10:06:50.500,-12.25,-2.25,63.75,-0.561333,2.013917,90.17,34.57,416.5,tmct
2013-06-30 10:06:50.750,-12.125,-2.5,63.625,3.27,1.994706,90.15,34.57,416.75,tmct
2013-06-30 10:06:51.000,-12.25,-2.5,63.5,-5.98625,1.978057,90.12,34.55,417.0,tmct
2013-06-30 10:06:51.250,-12.375,-2.5,63.5,7.707333,1.96653,90.09,34.55,417.25,tmct
2013-06-30 10:06:51.500,-12.25,-2.375,63.75,-2.5525,1.953723,90.06,34.55,417.5,tmct
2013-06-30 10:06:51.750,-12.125,-2.75,63.5,0.226,1.940916,90.05,34.55,417.75,tmct
2013-06-30 10:06:52.000,-12.375,-2.875,63.5,10.2725,1.928109,90.05,34.57,418.0,tmct
2013-06-30 10:06:52.250,-12.625,-3.0,63.375,74.708125,1.917863,90.07,34.57,418.25,tmct
2013-06-30 10:06:52.500,-12.875,-2.875,63.0,130.205333,1.908898,90.11,34.57,418.5,tmct
2013-06-30 10:06:52.750,-12.75,-2.75,63.5,124.098125,1.906337,90.16,34.57,418.75,tmct
2013-06-30 10:06:53.000,-12.875,-2.75,63.125,-37.9775,1.892249,90.2,34.57,419.0,tmct
2013-06-30 10:06:53.250,-13.0,-2.875,63.375,-60.334667,1.888407,90.24,34.57,419.25,tmct
2013-06-30 10:06:53.500,-13.0,-2.25,63.0,-130.239375,1.883284,90.26,34.57,419.5,tmct
2013-06-30 10:06:53.750,-13.0,-2.875,63.0,-61.025333,1.882003,90.29,34.57,419.75,tmct
2013-06-30 10:06:54.000,-13.0,-2.778,63.222,-18.488125,1.871758,90.32,34.55,420.0,tmct
2013-06-30 10:06:54.250,-13.0,-2.75,63.125,-36.3725,1.866635,90.35,34.55,420.25,tmct
2013-06-30 10:06:54.500,-13.0,-2.75,63.125,-43.816667,1.852547,90.39,34.55,420.5,tmct
2013-06-30 10:06:54.750,-12.875,-2.75,63.125,-28.9875,1.851266,90.43,34.55,420.75,tmct
2013-06-30 10:06:55.000,-12.75,-2.875,63.375,-2.666875,1.847424,90.47,34.53,421.0,tmct
2013-06-30 10:06:55.250,-13.0,-2.75,63.125,-3.321333,1.849985,90.51,34.53,421.25,tmct
2013-06-30 10:06:55.500,-13.0,-2.625,63.25,-5.665,1.856389,90.55,34.53,421.5,tmct
2013-06-30 10:06:55.750,-13.0,-2.875,63.375,-0.794667,1.852547,90.59,34.53,421.75,tmct
2013-06-30 10:06:56.000,-13.0,-2.625,63.125,-7.818125,1.856389,90.63,34.53,422.0,tmct
2013-06-30 10:06:56.250,-13.0,-2.875,63.25,3.18625,1.849985,90.68,34.53,422.25,tmct
2013-06-30 10:06:56.500,-13.0,-2.75,63.125,3.585333,1.851266,90.73,34.53,422.5,tmct
2013-06-30 10:06:56.750,-13.0,-2.75,63.0,-1.82375,1.856389,90.79,34.53,422.75,tmct
2013-06-30 10:06:57.000,-13.0,-2.875,63.0,7.358125,1.861512,90.85,34.5,423.0,tmct
2013-06-30 10:06:57.250,-13.0,-3.0,63.25,0.909333,1.869196,90.91,34.5,423.25,tmct
2013-06-30 10:06:57.500,-13.125,-2.375,63.375,1.049375,1.882003,90.96,34.5,423.5,tmct
2013-06-30 10:06:57.750,-13.0,-2.875,63.375,1.664,1.915302,91.02,34.5,423.75,tmct
2013-06-30 10:06:58.000,-13.111,-2.556,63.333,-5.8475,1.951162,91.08,34.5,424.0,tmct
2013-06-30 10:06:58.250,-13.0,-2.625,63.125,3.116875,1.98446,91.14,34.5,424.25,tmct
2013-06-30 10:06:58.500,-13.125,-2.375,63.25,4.272,2.025443,91.2,34.5,424.5,tmct
2013-06-30 10:06:58.750,-13.25,-2.375,63.25,3.674375,2.052338,91.26,34.5,424.75,tmct
2013-06-30 10:06:59.000,-13.375,-2.75,63.0,5.913125,2.067707,91.32,34.49,425.0,tmct
2013-06-30 10:06:59.250,-13.25,-2.5,63.125,-1.540667,2.061303,91.38,34.49,425.25,tmct
2013-06-30 10:06:59.500,-13.0,-2.625,63.125,5.8675,2.068987,91.45,34.49,425.5,tmct
2013-06-30 10:06:59.750,-13.125,-2.75,63.0,1.947333,2.094602,91.51,34.49,425.75,tmct
2013-06-30 10:07:00.000,-13.0,-2.5,63.125,-1.546875,2.161199,91.58,34.47,426.0,tmct
2013-06-30 10:07:00.250,-13.0,-2.375,63.125,9.141875,2.255972,91.65,34.47,426.25,tmct
2013-06-30 10:07:00.500,-13.0,-2.625,63.0,0.414,2.37892,91.72,34.47,426.5,tmct
2013-06-30 10:07:00.750,-13.0,-2.5,63.125,-0.761875,2.435272,91.79,34.47,426.75,tmct
2013-06-30 10:07:01.000,-13.0,-2.75,63.0,5.589375,2.466877,91.85,34.49,427.0,tmct
2013-06-30 10:07:01.250,-13.0,-2.375,63.25,-0.466,2.478403,91.91,34.49,427.25,tmct
2013-06-30 10:07:01.500,-13.0,-2.75,63.0,7.538125,2.470719,91.96,34.49,427.5,tmct
2013-06-30 10:07:01.750,-13.0,-2.333,63.111,1.094667,2.445104,92.0,34.49,427.75,tmct
2013-06-30 10:07:02.000,-13.25,-2.5,63.25,-2.536875,2.393876,92.05,34.47,428.0,tmct
2013-06-30 10:07:02.250,-13.125,-2.75,63.25,5.160625,2.354174,92.1,34.47,428.25,tmct
2013-06-30 10:07:02.500,-13.25,-2.5,63.25,0.200667,2.315752,92.15,34.47,428.5,tmct
2013-06-30 10:07:02.750,-13.375,-2.125,63.0,9.786875,2.285015,92.2,34.47,428.75,tmct
2013-06-30 10:07:03.000,-13.0,-2.375,63.125,-1.539375,2.260682,92.25,34.45,429.0,tmct
2013-06-30 10:07:03.250,-13.0,-2.75,63.0,-0.342,2.241471,92.3,34.45,429.25,tmct
2013-06-30 10:07:03.500,-13.0,-2.625,63.125,1.578125,2.228664,92.35,34.45,429.5,tmct
2013-06-30 10:07:03.750,-13.0,-2.625,63.125,-4.228667,2.215857,92.4,34.45,429.75,tmct
2013-06-30 10:07:04.000,-13.0,-2.625,63.125,5.1275,2.205611,92.45,34.45,430.0,tmct
2013-06-30 10:07:04.250,-13.0,-2.5,63.0,-4.08375,2.197927,92.5,34.45,430.25,tmct
2013-06-30 10:07:04.500,-13.125,-2.75,63.25,1.001333,2.191523,92.54,34.45,430.5,tmct
2013-06-30 10:07:04.750,-13.0,-2.875,63.0,1.063125,2.182558,92.59,34.45,430.75,tmct
2013-06-30 10:07:05.000,-13.25,-2.75,63.0,-5.35125,2.172312,92.63,34.45,431.0,tmct
2013-06-30 10:07:05.250,-13.125,-2.375,63.0,4.88,2.176154,92.68,34.45,431.25,tmct
2013-06-30 10:07:05.500,-13.25,-2.75,63.375,-0.06375,2.165909,92.72,34.45,431.5,tmct
2013-06-30 10:07:05.750,-13.0,-2.556,63.222,7.121333,2.169751,92.77,34.45,431.75,tmct
2013-06-30 10:07:06.000,-13.125,-2.75,63.0,4.77375,2.162066,92.82,34.45,432.0,tmct
2013-06-30 10:07:06.250,-13.125,-2.5,63.125,11.175625,2.155663,92.87,34.45,432.25,tmct
2013-06-30 10:07:06.500,-13.0,-2.75,63.125,5.640667,2.149259,92.92,34.45,432.5,tmct
2013-06-30 10:07:06.750,-13.0,-2.625,63.0,4.05,2.145417,92.97,34.45,432.75,tmct
2013-06-30 10:07:07.000,-13.0,-3.0,63.0,3.575625,2.140294,93.03,34.43,433.0,tmct
2013-06-30 10:07:07.250,-13.0,-2.875,63.125,-7.097333,2.133891,93.09,34.43,433.25,tmct
2013-06-30 10:07:07.500,-13.0,-2.625,63.25,-4.261875,2.13261,93.15,34.43,433.5,tmct
2013-06-30 10:07:07.750,-13.0,-2.5,63.5,-4.224,2.123645,93.21,34.43,433.75,tmct
2013-06-30 10:07:08.000,-13.0,-2.75,63.0,-2.793125,2.119803,93.27,34.41,434.0,tmct
2013-06-30 10:07:08.250,-13.0,-2.625,63.125,-2.165,2.112119,93.33,34.41,434.25,tmct
2013-06-30 10:07:08.500,-13.0,-2.25,63.125,-1.646667,2.108277,93.39,34.41,434.5,tmct
2013-06-30 10:07:08.750,-13.0,-2.625,63.375,1.311875,2.101873,93.44,34.41,434.75,tmct
2013-06-30 10:07:09.000,-13.0,-2.5,63.0,7.1175,2.105715,93.5,34.41,435.0,tmct
2013-06-30 10:07:09.250,-13.0,-2.125,63.25,1.795333,2.090347,93.56,34.41,435.25,tmct
2013-06-30 10:07:09.500,-13.0,-2.444,63.111,0.89625,2.091627,93.61,34.41,435.5,tmct
2013-06-30 10:07:09.750,-13.0,-2.5,63.375,-5.084,2.092908,93.67,34.41,435.75,tmct
2013-06-30 10:07:10.000,-13.0,-2.5,63.25,1.175,2.092908,93.72,34.39,436.0,tmct
2013-06-30 10:07:10.250,-13.0,-2.5,63.375,-4.671875,2.089066,93.77,34.39,436.25,tmct
2013-06-30 10:07:10.500,-13.0,-2.25,63.25,3.86,2.086504,93.81,34.39,436.5,tmct
2013-06-30 10:07:10.750,-13.0,-2.375,63.0,3.2,2.083943,93.86,34.39,436.75,tmct
2013-06-30 10:07:11.000,-12.875,-2.375,63.125,0.558125,2.085224,93.92,34.37,437.0,tmct
2013-06-30 10:07:11.250,-13.0,-2.75,63.5,7.920667,2.083943,93.99,34.37,437.25,tmct
2013-06-30 10:07:11.500,-13.0,-2.625,63.125,7.92375,2.083943,94.06,34.37,437.5,tmct
2013-06-30 10:07:11.750,-13.0,-2.625,63.5,-5.446,2.085224,94.13,34.37,437.75,tmct
2013-06-30 10:07:12.000,-13.0,-2.75,63.125,-7.15625,2.095469,94.2,34.37,438.0,tmct
2013-06-30 10:07:12.250,-13.0,-2.5,63.125,3.769375,2.104434,94.26,34.37,438.25,tmct
2013-06-30 10:07:12.500,-13.0,-2.75,63.375,8.354667,2.11468,94.31,34.37,438.5,tmct
2013-06-30 10:07:12.750,-13.0,-2.5,63.5,2.95,2.144137,94.35,34.37,438.75,tmct
2013-06-30 10:07:13.000,-13.0,-2.5,63.5,4.40125,2.167189,94.4,34.34,439.0,tmct
2013-06-30 10:07:13.250,-13.0,-2.25,63.5,-11.046,2.185119,94.45,34.34,439.25,tmct
2013-06-30 10:07:13.500,-13.0,-2.444,63.222,-7.855625,2.200488,94.51,34.34,439.5,tmct
2013-06-30 10:07:13.750,-12.875,-2.5,63.125,-4.220667,2.210734,94.57,34.34,439.75,tmct
2013-06-30 10:07:14.000,-12.875,-2.5,63.5,-1.380625,2.215857,94.62,34.37,440.0,tmct
2013-06-30 10:07:14.250,-12.625,-2.5,63.375,10.265,2.212014,94.66,34.37,440.25,tmct
2013-06-30 10:07:14.500,-12.875,-2.5,63.5,-5.403333,2.209453,94.7,34.37,440.5,tmct
2013-06-30 10:07:14.750,-13.0,-2.5,63.375,-4.764375,2.196646,94.74,34.37,440.75,tmct
2013-06-30 10:07:15.000,-12.75,-2.75,63.25,0.741875,2.181277,94.77,34.34,441.0,tmct
2013-06-30 10:07:15.250,-12.625,-2.5,63.75,-2.49,2.173593,94.81,34.34,441.25,tmct
2013-06-30 10:07:15.500,-12.75,-2.625,63.625,4.79125,2.164628,94.84,34.34,441.5,tmct
2013-06-30 10:07:15.750,-12.625,-2.625,63.625,-1.764,2.162066,94.88,34.34,441.75,tmct
2013-06-30 10:07:16.000,-12.75,-2.375,63.25,4.709375,2.155663,94.92,34.33,442.0,tmct
2013-06-30 10:07:16.250,-13.0,-2.5,63.25,-0.824375,2.147979,94.96,34.33,442.25,tmct
2013-06-30 10:07:16.500,-12.625,-2.5,63.5,1.264,2.139014,95.0,34.33,442.5,tmct
2013-06-30 10:07:16.750,-12.875,-2.75,63.125,3.1325,2.140294,95.03,34.33,442.75,tmct
2013-06-30 10:07:17.000,-13.0,-2.625,63.5,-5.44875,2.130049,95.07,34.34,443.0,tmct
2013-06-30 10:07:17.250,-12.556,-2.333,63.556,0.699333,2.133891,95.11,34.34,443.25,tmct
2013-06-30 10:07:17.500,-12.75,-2.375,63.375,-14.134375,2.126207,95.15,34.34,443.5,tmct
2013-06-30 10:07:17.750,-12.625,-2.25,63.25,-1.070667,2.124926,95.18,34.34,443.75,tmct
2013-06-30 10:07:18.000,-13.0,-2.375,63.25,0.89,2.121084,95.22,34.33,444.0,tmct
2013-06-30 10:07:18.250,-13.0,-2.75,63.375,-1.24125,2.121084,95.26,34.33,444.25,tmct
2013-06-30 10:07:18.500,-12.75,-2.375,63.25,9.845333,2.119803,95.29,34.33,444.5,tmct
2013-06-30 10:07:18.750,-12.875,-2.25,63.125,3.87,2.112119,95.33,34.33,444.75,tmct
2013-06-30 10:07:19.000,-12.625,-2.25,63.25,7.395,2.115961,95.38,34.34,445.0,tmct
2013-06-30 10:07:19.250,-12.75,-2.375,63.25,-16.283333,2.118522,95.43,34.34,445.25,tmct
2013-06-30 10:07:19.500,-12.875,-2.375,63.125,-5.204375,2.118522,95.48,34.34,445.5,tmct
2013-06-30 10:07:19.750,-13.0,-2.375,63.375,3.435333,2.115961,95.53,34.34,445.75,tmct
2013-06-30 10:07:20.000,-12.875,-2.5,63.25,0.94375,2.112119,95.57,34.33,446.0,tmct
2013-06-30 10:07:20.250,-13.0,-2.375,63.125,8.896875,2.118522,95.59,34.33,446.25,tmct
2013-06-30 10:07:20.500,-13.0,-2.375,63.375,-5.216,2.118522,95.61,34.33,446.5,tmct
2013-06-30 10:07:20.750,-12.875,-2.5,63.25,2.608125,2.11468,95.62,34.33,446.75,tmct
2013-06-30 10:07:21.000,-12.875,-2.375,63.375,0.023125,2.1134,95.63,34.31,447.0,tmct
2013-06-30 10:07:21.250,-13.0,-2.444,63.333,0.57,2.110838,95.65,34.31,447.25,tmct
2013-06-30 10:07:21.500,-12.75,-2.0,63.5,15.5475,2.108277,95.67,34.31,447.5,tmct
2013-06-30 10:07:21.750,-12.875,-2.375,63.375,6.959333,2.105715,95.69,34.31,447.75,tmct
2013-06-30 10:07:22.000,-12.875,-2.5,63.625,7.36125,2.104434,95.72,34.31,448.0,tmct
2013-06-30 10:07:22.250,-12.625,-2.25,63.375,-13.29375,2.103154,95.74,34.31,448.25,tmct
2013-06-30 10:07:22.500,-12.875,-2.125,63.625,-7.438,2.104434,95.77,34.31,448.5,tmct
2013-06-30 10:07:22.750,-12.75,-2.25,63.25,1.0625,2.105715,95.79,34.31,448.75,tmct
2013-06-30 10:07:23.000,-12.75,-2.25,63.625,-6.493125,2.101873,95.82,34.31,449.0,tmct
2013-06-30 10:07:23.250,-12.75,-2.5,63.5,5.194667,2.101873,95.85,34.31,449.25,tmct
2013-06-30 10:07:23.500,-12.5,-2.25,63.5,-1.626875,2.104434,95.88,34.31,449.5,tmct
2013-06-30 10:07:23.750,-12.625,-2.375,63.625,-2.198667,2.101873,95.92,34.31,449.75,tmct
2013-06-30 10:07:24.000,-12.5,-2.375,63.5,2.18875,2.101873,95.95,34.29,450.0,tmct
2013-06-30 10:07:24.250,-12.5,-2.25,63.5,-8.31,2.112119,95.98,34.29,450.25,tmct
2013-06-30 10:07:24.500,-12.25,-2.375,63.5,6.6,2.135172,96.01,34.29,450.5,tmct
2013-06-30 10:07:24.750,-12.25,-2.25,63.5,7.315625,2.159505,96.04,34.29,450.75,tmct
2013-06-30 10:07:25.000,-12.333,-2.333,63.556,-5.46375,2.188962,96.08,34.31,451.0,tmct
2013-06-30 10:07:25.250,-12.625,-2.25,63.75,-0.216,2.209453,96.13,34.31,451.25,tmct
2013-06-30 10:07:25.500,-12.25,-2.125,63.75,-8.670625,2.236348,96.18,34.31,451.5,tmct
2013-06-30 10:07:25.750,-12.5,-2.125,63.5,2.78,2.247874,96.24,34.31,451.75,tmct
2013-06-30 10:07:26.000,-12.25,-2.125,63.5,-4.105625,2.252997,96.3,34.27,452.0,tmct
2013-06-30 10:07:26.250,-12.625,-2.125,63.5,1.536875,2.251717,96.36,34.27,452.25,tmct
2013-06-30 10:07:26.500,-12.375,-2.625,63.375,4.6,2.242752,96.41,34.27,452.5,tmct
2013-06-30 10:07:26.750,-12.625,-2.25,63.625,-0.343125,2.242752,96.47,34.27,452.75,tmct
2013-06-30 10:07:27.000,-12.25,-2.25,63.375,11.406875,2.228664,96.53,34.27,453.0,tmct
2013-06-30 10:07:27.250,-12.125,-2.5,63.625,6.500667,2.233787,96.59,34.27,453.25,tmct
2013-06-30 10:07:27.500,-12.375,-2.5,63.75,14.811875,2.229944,96.65,34.27,453.5,tmct
2013-06-30 10:07:27.750,-12.5,-2.25,63.75,-10.067333,2.228664,96.71,34.27,453.75,tmct
2013-06-30 10:07:28.000,-12.375,-2.5,63.625,-9.865,2.223541,96.77,34.25,454.0,tmct
2013-06-30 10:07:28.250,-12.375,-2.25,63.625,-0.81375,2.226102,96.83,34.25,454.25,tmct
2013-06-30 10:07:28.500,-12.125,-2.5,63.375,-6.774667,2.220979,96.88,34.25,454.5,tmct
2013-06-30 10:07:28.750,-12.0,-2.25,63.5,4.28,2.217137,96.93,34.25,454.75,tmct
2013-06-30 10:07:29.000,-12.111,-2.111,63.778,-1.62125,2.219699,96.98,34.29,455.0,tmct
2013-06-30 10:07:29.250,-12.125,-2.25,63.625,-2.576667,2.237629,97.03,34.29,455.25,tmct
2013-06-30 10:07:29.500,-12.0,-2.25,63.625,2.375,2.277331,97.08,34.29,455.5,tmct
2013-06-30 10:07:29.750,-12.0,-2.125,63.5,-4.234667,2.328559,97.12,34.29,455.75,tmct
2013-06-30 10:07:30.000,-12.0,-2.125,63.5,6.044375,2.354174,97.17,34.25,456.0,tmct
2013-06-30 10:07:30.250,-12.0,-2.25,63.5,-0.356875,2.370823,97.22,34.25,456.25,tmct
2013-06-30 10:07:30.500,-12.0,-2.375,63.75,0.114667,2.382349,97.26,34.25,456.5,tmct
2013-06-30 10:07:30.750,-12.0,-2.25,63.875,6.43625,2.393876,97.31,34.25,456.75,tmct
2013-06-30 10:07:31.000,-12.0,-2.125,63.625,-0.945625,2.391315,97.35,34.25,457.0,tmct
2013-06-30 10:07:31.250,-12.0,-2.25,63.75,0.097333,2.373384,97.39,34.25,457.25,tmct
2013-06-30 10:07:31.500,-12.25,-2.0,63.75,-8.42375,2.352893,97.43,34.25,457.5,tmct
2013-06-30 10:07:31.750,-12.0,-2.125,63.875,-0.020667,2.338805,97.46,34.25,457.75,tmct
2013-06-30 10:07:32.000,-12.0,-2.25,63.625,-0.8725,2.324717,97.5,34.25,458.0,tmct
2013-06-30 10:07:32.250,-12.0,-2.125,63.5,1.525,2.308068,97.54,34.25,458.25,tmct
2013-06-30 10:07:32.500,-12.125,-2.375,63.375,1.864667,2.304226,97.58,34.25,458.5,tmct
2013-06-30 10:07:32.750,-12.0,-2.222,63.889,1.81125,2.299103,97.62,34.25,458.75,tmct
2013-06-30 10:07:33.000,-12.0,-2.125,63.25,2.686875,2.295261,97.67,34.25,459.0,tmct
2013-06-30 10:07:33.250,-12.125,-2.25,63.625,-16.128,2.287576,97.72,34.25,459.25,tmct
2013-06-30 10:07:33.500,-12.0,-2.25,63.75,-2.1625,2.286296,97.77,34.25,459.5,tmct
2013-06-30 10:07:33.750,-12.0,-2.25,63.875,-5.284667,2.278612,97.82,34.25,459.75,tmct
2013-06-30 10:07:34.000,-12.0,-2.25,63.75,-0.89,2.274769,97.87,34.25,460.0,tmct
2013-06-30 10:07:34.250,-12.125,-2.125,63.5,-1.19125,2.267085,97.92,34.25,460.25,tmct
2013-06-30 10:07:34.500,-12.0,-2.25,63.875,-2.811333,2.267085,97.97,34.25,460.5,tmct
2013-06-30 10:07:34.750,-12.0,-2.0,63.5,7.44875,2.264524,98.02,34.25,460.75,tmct
2013-06-30 10:07:35.000,-12.125,-2.125,63.75,-2.99625,2.285015,98.08,34.23,461.0,tmct
2013-06-30 10:07:35.250,-12.0,-2.375,63.625,3.814667,2.306787,98.14,34.23,461.25,tmct
2013-06-30 10:07:35.500,-12.0,-2.25,63.75,-1.56,2.324717,98.2,34.23,461.5,tmct
2013-06-30 10:07:35.750,-12.0,-2.0,63.75,5.841333,2.352893,98.26,34.23,461.75,tmct
2013-06-30 10:07:36.000,-12.0,-2.25,63.625,5.808125,2.384911,98.32,34.23,462.0,tmct
2013-06-30 10:07:36.250,-12.0,-2.25,63.625,0.548125,2.407964,98.37,34.23,462.25,tmct
2013-06-30 10:07:36.500,-12.0,-2.0,63.75,4.719333,2.434859,98.41,34.23,462.5,tmct
2013-06-30 10:07:36.750,-12.0,-2.111,63.667,-9.21875,2.438701,98.46,34.23,462.75,tmct
2013-06-30 10:07:37.000,-12.125,-2.125,63.5,-5.808125,2.434859,98.5,34.25,463.0,tmct
2013-06-30 10:07:37.250,-12.0,-2.125,63.75,-10.651333,2.424613,98.55,34.25,463.25,tmct
2013-06-30 10:07:37.500,-12.375,-2.125,63.75,-10.659375,2.415648,98.6,34.25,463.5,tmct
2013-06-30 10:07:37.750,-12.25,-2.25,63.75,7.927333,2.397718,98.65,34.25,463.75,tmct
2013-06-30 10:07:38.000,-12.375,-2.125,63.875,0.85375,2.38363,98.7,34.23,464.0,tmct
2013-06-30 10:07:38.250,-12.375,-2.5,63.125,6.72625,2.374665,98.75,34.23,464.25,tmct
2013-06-30 10:07:38.500,-12.25,-2.5,63.375,1.694,2.361858,98.79,34.23,464.5,tmct
2013-06-30 10:07:38.750,-12.25,-2.25,63.5,-6.4175,2.34777,98.83,34.23,464.75,tmct
2013-06-30 10:07:39.000,-12.25,-2.25,63.5,8.526875,2.345209,98.88,34.23,465.0,tmct
2013-06-30 10:07:39.250,-12.25,-2.25,63.625,13.231333,2.337524,98.93,34.23,465.25,tmct
2013-06-30 10:07:39.500,-12.625,-2.5,63.25,16.70625,2.328559,98.98,34.23,465.5,tmct
2013-06-30 10:07:39.750,-12.5,-2.25,63.5,-2.524667,2.325998,99.03,34.23,465.75,tmct
2013-06-30 10:07:40.000,-12.5,-2.0,63.5,-16.045,2.317033,99.07,34.23,466.0,tmct
2013-06-30 10:07:40.250,-12.625,-2.125,63.375,2.069375,2.313191,99.11,34.23,466.25,tmct
2013-06-30 10:07:40.500,-12.444,-2.0,63.333,-5.017333,2.314471,99.14,34.23,466.5,tmct
2013-06-30 10:07:40.750,-12.25,-2.25,63.625,-3.330625,2.313191,99.18,34.23,466.75,tmct
2013-06-30 10:07:41.000,-12.375,-2.25,63.75,0.593125,2.306787,99.23,34.23,467.0,tmct
2013-06-30 10:07:41.250,-12.5,-2.25,63.375,-3.854,2.309349,99.29,34.23,467.25,tmct
2013-06-30 10:07:41.500,-12.5,-2.25,63.75,5.23375,2.304226,99.35,34.23,467.5,tmct
2013-06-30 10:07:41.750,-12.5,-2.25,63.375,-3.583333,2.306787,99.42,34.23,467.75,tmct
2013-06-30 10:07:42.000,-12.5,-2.125,63.5,0.049375,2.305506,99.47,34.23,468.0,tmct
2013-06-30 10:07:42.250,-12.5,-2.25,63.625,3.9225,2.309349,99.51,34.23,468.25,tmct
2013-06-30 10:07:42.500,-12.75,-2.25,63.5,-0.618,2.31191,99.53,34.23,468.5,tmct
2013-06-30 10:07:42.750,-12.625,-2.25,63.5,8.228125,2.322156,99.55,34.23,468.75,tmct
2013-06-30 10:07:43.000,-12.5,-2.0,63.625,-6.05875,2.341367,99.57,34.21,469.0,tmct
2013-06-30 10:07:43.250,-12.625,-2.125,63.375,-0.855333,2.361858,99.59,34.21,469.25,tmct
2013-06-30 10:07:43.500,-12.625,-2.0,63.375,-2.188125,2.384911,99.62,34.21,469.5,tmct
2013-06-30 10:07:43.750,-12.875,-2.5,63.375,-6.404667,2.386192,99.64,34.21,469.75,tmct
2013-06-30 10:07:44.000,-12.875,-2.125,63.25,5.218125,2.392595,99.67,34.21,470.0,tmct
2013-06-30 10:07:44.250,-12.875,-2.375,63.125,-5.185,2.392595,99.7,34.21,470.25,tmct
2013-06-30 10:07:44.500,-12.889,-2.222,63.222,2.066,2.396437,99.72,34.21,470.5,tmct
2013-06-30 10:07:44.750,-13.0,-2.125,63.625,0.93625,2.388753,99.75,34.21,470.75,tmct
2013-06-30 10:07:45.000,-13.0,-2.125,63.5,-0.445625,2.382349,99.78,34.21,471.0,tmct
2013-06-30 10:07:45.250,-12.875,-2.25,63.125,7.734,2.373384,99.81,34.21,471.25,tmct
2013-06-30 10:07:45.500,-12.875,-2.25,63.5,-5.269375,2.366981,99.84,34.21,471.5,tmct
2013-06-30 10:07:45.750,-12.875,-2.25,63.5,1.047333,2.360577,99.87,34.21,471.75,tmct
2013-06-30 10:07:46.000,-13.0,-2.25,63.375,-1.06625,2.360577,99.9,34.18,472.0,tmct
2013-06-30 10:07:46.250,-13.0,-2.0,63.25,-4.71625,2.356735,99.93,34.18,472.25,tmct
2013-06-30 10:07:46.500,-12.875,-2.25,63.375,8.016,2.360577,99.95,34.18,472.5,tmct
2013-06-30 10:07:46.750,-13.0,-2.125,63.375,1.2775,2.363139,99.98,34.18,472.75,tmct
2013-06-30 10:07:47.000,-13.0,-2.25,63.375,-1.894375,2.373384,100.0,34.21,473.0,tmct
2013-06-30 10:07:47.250,-13.0,-2.125,63.0,-3.414,2.368262,100.02,34.21,473.25,tmct
2013-06-30 10:07:47.500,-13.0,-2.375,63.625,5.47125,2.372104,100.04,34.21,473.5,tmct
2013-06-30 10:07:47.750,-13.0,-2.375,63.25,5.466667,2.370823,100.06,34.21,473.75,tmct
2013-06-30 10:07:48.000,-13.0,-2.25,63.375,-9.84125,2.361858,100.07,34.21,474.0,tmct
2013-06-30 10:07:48.250,-13.0,-2.333,63.222,-1.17875,2.356735,100.08,34.21,474.25,tmct
2013-06-30 10:07:48.500,-13.0,-2.0,63.125,0.372,2.350332,100.1,34.21,474.5,tmct
2013-06-30 10:07:48.750,-13.0,-2.25,63.375,-2.6525,2.34777,100.11,34.21,474.75,tmct
2013-06-30 10:07:49.000,-13.0,-2.25,63.5,5.164375,2.345209,100.12,34.18,475.0,tmct
2013-06-30 10:07:49.250,-13.0,-2.125,63.5,-7.599333,2.351612,100.13,34.18,475.25,tmct
2013-06-30 10:07:49.500,-12.875,-2.25,63.5,3.49375,2.379788,100.15,34.18,475.5,tmct
2013-06-30 10:07:49.750,-13.0,-2.0,63.375,0.688667,2.414367,100.16,34.18,475.75,tmct
2013-06-30 10:07:50.000,-13.0,-2.0,63.5,3.499375,2.447666,100.17,34.18,476.0,tmct
2013-06-30 10:07:50.250,-12.875,-2.125,63.25,6.649375,2.474561,100.18,34.18,476.25,tmct
2013-06-30 10:07:50.500,-12.75,-2.125,63.125,-9.051333,2.507859,100.19,34.18,476.5,tmct
2013-06-30 10:07:50.750,-13.0,-2.25,63.625,-0.2275,2.511702,100.19,34.18,476.75,tmct
2013-06-30 10:07:51.000,-13.0,-2.0,63.5,-2.81875,2.505298,100.2,34.18,477.0,tmct
2013-06-30 10:07:51.250,-12.875,-2.0,63.25,3.466667,2.493772,100.21,34.18,477.25,tmct
2013-06-30 10:07:51.500,-13.0,-2.125,63.25,0.921875,2.474561,100.21,34.18,477.5,tmct
2013-06-30 10:07:51.750,-13.0,-2.125,63.625,-2.976,2.459192,100.22,34.18,477.75,tmct
2013-06-30 10:07:52.000,-12.875,-2.125,63.125,8.600625,2.451508,100.22,34.16,478.0,tmct
2013-06-30 10:07:52.250,-13.0,-2.111,63.333,1.174375,2.439981,100.22,34.16,478.25,tmct
2013-06-30 10:07:52.500,-13.0,-2.125,63.375,7.014667,2.433578,100.22,34.16,478.5,tmct
2013-06-30 10:07:52.750,-12.875,-2.25,63.25,-2.63375,2.41949,100.23,34.16,478.75,tmct
2013-06-30 10:07:53.000,-13.0,-2.0,63.125,-5.259375,2.407964,100.23,34.18,479.0,tmct
2013-06-30 10:07:53.250,-12.875,-2.125,63.125,-2.314,2.407964,100.24,34.18,479.25,tmct
2013-06-30 10:07:53.500,-13.0,-2.125,63.5,-11.775625,2.396437,100.25,34.18,479.5,tmct
2013-06-30 10:07:53.750,-13.0,-2.125,63.25,-0.537333,2.387472,100.26,34.18,479.75,tmct
2013-06-30 10:07:54.000,-13.0,-2.0,63.25,2.541875,2.386192,100.27,34.16,480.0,tmct
2013-06-30 10:07:54.250,-12.875,-2.25,63.25,3.89,2.375946,100.28,34.16,480.25,tmct
2013-06-30 10:07:54.500,-13.0,-2.5,63.375,3.326667,2.368262,100.29,34.16,480.5,tmct
2013-06-30 10:07:54.750,-13.0,-2.125,63.125,-2.803125,2.361858,100.29,34.16,480.75,tmct
2013-06-30 10:07:55.000,-13.0,-2.125,63.375,5.91625,2.351612,100.3,34.15,481.0,tmct
2013-06-30 10:07:55.250,-13.0,-2.125,63.25,4.122,2.350332,100.31,34.15,481.25,tmct
2013-06-30 10:07:55.500,-13.0,-2.5,63.125,9.435625,2.340086,100.31,34.15,481.5,tmct
2013-06-30 10:07:55.750,-13.0,-2.125,63.25,-4.574,2.342647,100.32,34.15,481.75,tmct
2013-06-30 10:07:56.000,-13.0,-2.111,63.222,-11.328125,2.332402,100.32,34.16,482.0,tmct
2013-06-30 10:07:56.250,-13.0,-2.25,63.5,4.35625,2.323436,100.32,34.16,482.25,tmct
2013-06-30 10:07:56.500,-13.0,-2.25,63.375,-5.579333,2.322156,100.31,34.16,482.5,tmct
2013-06-30 10:07:56.750,-13.0,-2.25,63.25,0.006875,2.319594,100.29,34.16,482.75,tmct
2013-06-30 10:07:57.000,-13.0,-2.0,63.375,0.520625,2.318314,100.28,34.15,483.0,tmct
2013-06-30 10:07:57.250,-13.0,-2.0,63.125,-5.202667,2.310629,100.27,34.15,483.25,tmct
2013-06-30 10:07:57.500,-13.0,-2.125,63.25,4.75875,2.306787,100.25,34.15,483.5,tmct
2013-06-30 10:07:57.750,-13.0,-2.25,63.625,-3.449333,2.305506,100.24,34.15,483.75,tmct
2013-06-30 10:07:58.000,-13.0,-2.25,63.125,1.365625,2.300384,100.22,34.16,484.0,tmct
2013-06-30 10:07:58.250,-13.0,-2.125,63.625,2.929375,2.29398,100.2,34.16,484.25,tmct
2013-06-30 10:07:58.500,-13.0,-2.125,63.25,-3.164667,2.292699,100.19,34.16,484.5,tmct
2013-06-30 10:07:58.750,-13.0,-2.125,63.375,6.84625,2.290138,100.17,34.16,484.75,tmct
2013-06-30 10:07:59.000,-13.0,-2.125,63.25,-4.67625,2.291419,100.15,34.16,485.0,tmct
2013-06-30 10:07:59.250,-13.0,-2.125,63.125,-1.744,2.300384,100.13,34.16,485.25,tmct
2013-06-30 10:07:59.500,-13.0,-2.0,63.25,0.394375,2.305506,100.1,34.16,485.5,tmct
2013-06-30 10:07:59.750,-13.0,-2.125,63.25,-7.449333,2.299103,100.08,34.16,485.75,tmct
2013-06-30 10:08:00.000,-13.0,-2.222,63.222,3.78,2.302945,100.05,34.13,486.0,tmct
2013-06-30 10:08:00.250,-13.0,-2.125,63.375,-3.035625,2.29398,100.02,34.13,486.25,tmct
2013-06-30 10:08:00.500,-13.0,-2.0,63.375,2.224,2.295261,99.99,34.13,486.5,tmct
2013-06-30 10:08:00.750,-12.875,-2.375,63.125,4.36125,2.287576,99.96,34.13,486.75,tmct
2013-06-30 10:08:01.000,-13.0,-2.125,63.125,-0.320625,2.278612,99.93,34.15,487.0,tmct
2013-06-30 10:08:01.250,-13.0,-2.25,63.25,8.932,2.281173,99.9,34.15,487.25,tmct
2013-06-30 10:08:01.500,-13.0,-2.125,63.125,-7.213125,2.277331,99.87,34.15,487.5,tmct
2013-06-30 10:08:01.750,-13.0,-2.25,63.25,-8.880667,2.281173,99.83,34.15,487.75,tmct
2013-06-30 10:08:02.000,-13.0,-2.125,63.375,-0.2325,2.287576,99.8,34.15,488.0,tmct
2013-06-30 10:08:02.250,-13.0,-2.0,63.0,-8.529375,2.29398,99.77,34.15,488.25,tmct
2013-06-30 10:08:02.500,-13.0,-2.0,63.375,8.888667,2.29398,99.73,34.15,488.5,tmct
2013-06-30 10:08:02.750,-13.0,-2.25,63.125,3.163125,2.296541,99.7,34.15,488.75,tmct
2013-06-30 10:08:03.000,-13.0,-2.0,63.125,0.996875,2.300384,99.67,34.13,489.0,tmct
2013-06-30 10:08:03.250,-13.0,-2.0,63.375,4.076,2.29398,99.64,34.13,489.25,tmct
2013-06-30 10:08:03.500,-13.0,-2.25,63.25,-7.23125,2.295261,99.61,34.13,489.5,tmct
2013-06-30 10:08:03.750,-13.0,-2.111,63.222,7.138667,2.287576,99.58,34.13,489.75,tmct
2013-06-30 10:08:04.000,-13.0,-2.125,63.5,0.41,2.282454,99.55,34.15,490.0,tmct
2013-06-30 10:08:04.250,-13.0,-2.0,63.125,0.5125,2.277331,99.52,34.15,490.25,tmct
2013-06-30 10:08:04.500,-13.0,-2.125,63.375,5.444667,2.283734,99.5,34.15,490.5,tmct
2013-06-30 10:08:04.750,-12.875,-2.125,63.0,-6.1,2.268366,99.47,34.15,490.75,tmct
2013-06-30 10:08:05.000,-13.0,-2.25,63.25,8.483125,2.260682,99.45,34.13,491.0,tmct
2013-06-30 10:08:05.250,-13.0,-2.125,63.25,-5.63,2.264524,99.43,34.13,491.25,tmct
2013-06-30 10:08:05.500,-13.0,-2.125,63.125,-9.995625,2.261962,99.41,34.13,491.5,tmct
2013-06-30 10:08:05.750,-13.0,-2.125,63.25,2.808,2.25684,99.39,34.13,491.75,tmct
2013-06-30 10:08:06.000,-13.0,-2.125,63.5,-10.34125,2.25812,99.37,34.13,492.0,tmct
2013-06-30 10:08:06.250,-13.0,-2.125,63.25,2.4775,2.288857,99.35,34.13,492.25,tmct
2013-06-30 10:08:06.500,-13.0,-2.25,63.25,5.302,2.336244,99.32,34.13,492.5,tmct
2013-06-30 10:08:06.750,-13.0,-2.0,63.125,-1.9525,2.405402,99.3,34.13,492.75,tmct
2013-06-30 10:08:07.000,-13.0,-2.25,63.375,5.046875,2.459192,99.27,34.11,493.0,tmct
2013-06-30 10:08:07.250,-13.0,-2.125,63.25,-7.307333,2.511702,99.24,34.11,493.25,tmct
2013-06-30 10:08:07.500,-13.0,-2.125,63.25,6.4125,2.534754,99.22,34.11,493.5,tmct
2013-06-30 10:08:07.750,-13.0,-2.0,63.111,6.013333,2.536035,99.19,34.11,493.75,tmct
2013-06-30 10:08:08.000,-13.0,-2.125,63.25,-2.08875,2.545,99.17,34.09,494.0,tmct
2013-06-30 10:08:08.250,-13.0,-2.125,63.375,7.0525,2.539877,99.15,34.09,494.25,tmct
2013-06-30 10:08:08.500,-13.0,-2.0,63.375,-2.204667,2.515544,99.12,34.09,494.5,tmct
2013-06-30 10:08:08.750,-13.0,-2.0,63.5,1.139375,2.493772,99.1,34.09,494.75,tmct
2013-06-30 10:08:09.000,-13.0,-2.0,63.25,2.046875,2.482245,99.08,34.09,495.0,tmct
2013-06-30 10:08:09.250,-13.0,-2.125,63.125,-4.354667,2.459192,99.06,34.09,495.25,tmct
2013-06-30 10:08:09.500,-13.0,-2.0,63.0,11.778125,2.445104,99.04,34.09,495.5,tmct
2013-06-30 10:08:09.750,-13.0,-2.0,63.25,-6.097333,2.433578,99.02,34.09,495.75,tmct
2013-06-30 10:08:10.000,-13.0,-2.125,63.125,-5.675625,2.416929,99.0,34.11,496.0,tmct
2013-06-30 10:08:10.250,-13.125,-2.375,63.375,8.324375,2.406683,98.98,34.11,496.25,tmct
2013-06-30 10:08:10.500,-13.125,-2.125,63.375,-7.313333,2.400279,98.96,34.11,496.5,tmct
2013-06-30 10:08:10.750,-12.875,-2.0,63.25,-1.896875,2.387472,98.94,34.11,496.75,tmct
2013-06-30 10:08:11.000,-13.0,-2.125,63.0,-4.29875,2.375946,98.92,34.11,497.0,tmct
2013-06-30 10:08:11.250,-13.0,-2.125,63.5,-12.533333,2.368262,98.9,34.11,497.25,tmct
2013-06-30 10:08:11.500,-13.0,-2.111,63.333,8.32125,2.363139,98.87,34.11,497.5,tmct
2013-06-30 10:08:11.750,-13.0,-2.25,63.125,4.346667,2.3657,98.85,34.11,497.75,tmct
2013-06-30 10:08:12.000,-13.0,-2.0,63.25,5.591875,2.360577,98.83,34.11,498.0,tmct
2013-06-30 10:08:12.250,-12.75,-2.0,63.625,9.706875,2.3657,98.81,34.11,498.25,tmct
2013-06-30 10:08:12.500,-12.875,-2.125,63.375,-10.416,2.363139,98.8,34.11,498.5,tmct
2013-06-30 10:08:12.750,-13.0,-2.375,63.25,-5.203125,2.361858,98.79,34.11,498.75,tmct
2013-06-30 10:08:13.000,-12.875,-2.0,63.25,-8.93,2.358016,98.77,34.09,499.0,tmct
2013-06-30 10:08:13.250,-13.0,-2.125,63.125,-3.050667,2.354174,98.75,34.09,499.25,tmct
2013-06-30 10:08:13.500,-13.0,-2.0,63.25,7.16875,2.349051,98.73,34.09,499.5,tmct
2013-06-30 10:08:13.750,-12.875,-2.0,63.375,-5.550667,2.342647,98.71,34.09,499.75,tmct
2013-06-30 10:08:14.000,-13.0,-2.0,63.25,6.389375,2.334963,98.7,34.09,500.0,tmct
2013-06-30 10:08:14.250,-13.0,-2.0,63.125,4.851875,2.324717,98.69,34.09,500.25,tmct
2013-06-30 10:08:14.500,-13.0,-2.125,63.375,0.480667,2.320875,98.68,34.09,500.5,tmct
2013-06-30 10:08:14.750,-13.0,-2.125,63.125,5.96625,2.317033,98.68,34.09,500.75,tmct
2013-06-30 10:08:15.000,-13.0,-2.125,63.125,-8.22375,2.306787,98.68,34.11,501.0,tmct
2013-06-30 10:08:15.250,-13.0,-2.125,63.25,6.24,2.302945,98.68,34.11,501.25,tmct
2013-06-30 10:08:15.500,-13.0,-2.111,63.444,-0.183125,2.301664,98.68,34.11,501.5,tmct
2013-06-30 10:08:15.750,-12.875,-2.0,63.25,-4.608667,2.295261,98.67,34.11,501.75,tmct
2013-06-30 10:08:16.000,-13.0,-2.125,63.375,4.225625,2.295261,98.67,34.09,502.0,tmct
2013-06-30 10:08:16.250,-13.0,-2.0,63.25,-8.839375,2.313191,98.67,34.09,502.25,tmct
2013-06-30 10:08:16.500,-13.0,-2.125,63.375,5.116,2.355454,98.66,34.09,502.5,tmct
2013-06-30 10:08:16.750,-13.0,-2.0,63.25,2.796875,2.415648,98.66,34.09,502.75,tmct
2013-06-30 10:08:17.000,-13.0,-2.0,63.5,-1.41625,2.496333,98.65,34.09,503.0,tmct
2013-06-30 10:08:17.250,-13.0,-2.0,63.375,3.361333,2.547561,98.64,34.09,503.25,tmct
2013-06-30 10:08:17.500,-13.0,-2.0,63.0,-9.6,2.569334,98.64,34.09,503.5,tmct
2013-06-30 10:08:17.750,-13.0,-2.125,63.5,5.276,2.577018,98.63,34.09,503.75,tmct
2013-06-30 10:08:18.000,-13.0,-2.25,63.375,4.7175,2.570614,98.62,34.09,504.0,tmct
2013-06-30 10:08:18.250,-13.0,-2.0,63.625,-3.839375,2.564211,98.61,34.09,504.25,tmct
2013-06-30 10:08:18.500,-13.0,-2.0,63.25,1.635333,2.542439,98.6,34.09,504.5,tmct
2013-06-30 10:08:18.750,-13.0,-2.125,63.5,-7.048125,2.518105,98.58,34.09,504.75,tmct
2013-06-30 10:08:19.000,-13.0,-2.0,63.375,2.335,2.501456,98.57,34.11,505.0,tmct
2013-06-30 10:08:19.250,-13.0,-2.0,63.333,1.008,2.479684,98.56,34.11,505.25,tmct
2013-06-30 10:08:19.500,-13.0,-2.25,63.25,-6.796875,2.457911,98.54,34.11,505.5,tmct
2013-06-30 10:08:19.750,-13.0,-2.125,63.375,7.776,2.450227,98.53,34.11,505.75,tmct
2013-06-30 10:08:20.000,-13.0,-2.25,63.0,2.545,2.442543,98.52,34.09,506.0,tmct
2013-06-30 10:08:20.250,-13.0,-2.25,63.25,0.2225,2.439981,98.51,34.09,506.25,tmct
2013-06-30 10:08:20.500,-13.125,-2.25,63.125,4.686667,2.433578,98.5,34.09,506.5,tmct
2013-06-30 10:08:20.750,-13.125,-2.25,63.125,-2.67625,2.433578,98.48,34.09,506.75,tmct
2013-06-30 10:08:21.000,-13.125,-2.0,63.125,6.414375,2.420771,98.47,34.09,507.0,tmct
2013-06-30 10:08:21.250,-13.0,-2.0,63.0,-4.841333,2.413086,98.46,34.09,507.25,tmct
2013-06-30 10:08:21.500,-13.0,-2.125,63.25,2.053125,2.406683,98.44,34.09,507.5,tmct
2013-06-30 10:08:21.750,-13.0,-2.25,63.125,0.606667,2.402841,98.42,34.09,507.75,tmct
2013-06-30 10:08:22.000,-13.0,-2.25,63.375,-4.759375,2.396437,98.4,34.09,508.0,tmct
2013-06-30 10:08:22.250,-13.125,-2.25,63.125,4.735625,2.390034,98.38,34.09,508.25,tmct
2013-06-30 10:08:22.500,-13.0,-2.0,63.25,-5.085333,2.379788,98.35,34.09,508.5,tmct
2013-06-30 10:08:22.750,-13.0,-2.375,63.25,2.74875,2.373384,98.33,34.09,508.75,tmct
2013-06-30 10:08:23.000,-13.0,-2.125,63.125,-4.30625,2.369542,98.3,34.05,509.0,tmct
2013-06-30 10:08:23.250,-13.0,-2.111,63.222,-8.541333,2.364419,98.27,34.05,509.25,tmct
2013-06-30 10:08:23.500,-12.75,-2.375,63.375,2.7625,2.360577,98.24,34.05,509.5,tmct
2013-06-30 10:08:23.750,-12.875,-2.375,63.375,-3.866,2.354174,98.21,34.05,509.75,tmct
2013-06-30 10:08:24.000,-13.0,-2.125,63.125,5.9525,2.350332,98.18,34.07,510.0,tmct
2013-06-30 10:08:24.250,-13.0,-2.125,63.125,4.681875,2.34777,98.15,34.07,510.25,tmct
2013-06-30 10:08:24.500,-13.0,-2.25,63.375,-2.209333,2.352893,98.12,34.07,510.5,tmct
2013-06-30 10:08:24.750,-13.0,-2.5,63.25,3.90625,2.34777,98.1,34.07,510.75,tmct
2013-06-30 10:08:25.000,-13.0,-2.125,63.125,-7.71,2.341367,98.07,34.05,511.0,tmct
2013-06-30 10:08:25.250,-13.0,-2.375,63.0,4.028,2.332402,98.04,34.05,511.25,tmct
2013-06-30 10:08:25.500,-13.0,-2.0,63.25,-1.79125,2.332402,98.01,34.05,511.5,tmct
2013-06-30 10:08:25.750,-13.0,-2.0,63.125,0.556,2.323436,97.98,34.05,511.75,tmct
2013-06-30 10:08:26.000,-13.0,-2.375,63.125,3.466875,2.325998,97.95,34.05,512.0,tmct
2013-06-30 10:08:26.250,-13.0,-2.5,63.25,-9.664375,2.350332,97.92,34.05,512.25,tmct
2013-06-30 10:08:26.500,-13.0,-2.0,63.5,2.1,2.396437,97.89,34.05,512.5,tmct
2013-06-30 10:08:26.750,-13.0,-2.125,63.375,1.639375,2.471999,97.85,34.05,512.75,tmct
2013-06-30 10:08:27.000,-13.0,-2.222,63.333,2.69125,2.559088,97.82,34.05,513.0,tmct
2013-06-30 10:08:27.250,-13.0,-2.25,63.25,3.268667,2.607755,97.78,34.05,513.25,tmct
2013-06-30 10:08:27.500,-13.0,-2.125,63.125,-6.764375,2.633369,97.75,34.05,513.5,tmct
2013-06-30 10:08:27.750,-13.0,-2.125,63.125,6.576667,2.639773,97.71,34.05,513.75,tmct
2013-06-30 10:08:28.000,-12.875,-2.0,63.25,0.310625,2.629527,97.68,34.0,514.0,tmct
2013-06-30 10:08:28.250,-12.5,-2.125,63.5,-1.084375,2.607755,97.65,34.0,514.25,tmct
2013-06-30 10:08:28.500,-12.875,-2.0,63.375,7.259333,2.58086,97.62,34.0,514.5,tmct
2013-06-30 10:08:28.750,-13.0,-2.0,63.25,-8.175625,2.560369,97.6,34.0,514.75,tmct
2013-06-30 10:08:29.000,-13.0,-2.125,63.375,2.49,2.547561,97.58,34.05,515.0,tmct
2013-06-30 10:08:29.250,-13.0,-2.0,63.125,-1.137333,2.521947,97.56,34.05,515.25,tmct
2013-06-30 10:08:29.500,-13.0,-2.0,63.5,-7.06125,2.500175,97.55,34.05,515.5,tmct
2013-06-30 10:08:29.750,-12.875,-2.125,63.5,3.810667,2.483526,97.54,34.05,515.75,tmct
2013-06-30 10:08:30.000,-13.0,-2.0,63.125,-6.19625,2.469438,97.53,34.03,516.0,tmct
2013-06-30 10:08:30.250,-13.0,-2.0,63.25,3.705,2.452789,97.52,34.03,516.25,tmct
2013-06-30 10:08:30.500,-12.875,-2.0,63.5,0.520667,2.441262,97.5,34.03,516.5,tmct
2013-06-30 10:08:30.750,-13.0,-2.125,63.25,-13.751875,2.442543,97.49,34.03,516.75,tmct
2013-06-30 10:08:31.000,-12.889,-2.0,63.333,12.451875,2.428455,97.48,34.0,517.0,tmct
2013-06-30 10:08:31.250,-12.75,-2.0,63.25,1.669333,2.41949,97.47,34.0,517.25,tmct
2013-06-30 10:08:31.500,-13.0,-2.125,63.125,-2.25625,2.410525,97.46,34.0,517.5,tmct
2013-06-30 10:08:31.750,-12.875,-2.0,63.25,4.332667,2.40156,97.46,34.0,517.75,tmct
2013-06-30 10:08:32.000,-12.875,-2.0,63.375,-2.149375,2.398999,97.45,34.03,518.0,tmct
2013-06-30 10:08:32.250,-12.875,-2.0,63.375,11.2025,2.395157,97.44,34.03,518.25,tmct
2013-06-30 10:08:32.500,-12.75,-2.0,63.5,0.324,2.38363,97.44,34.03,518.5,tmct
2013-06-30 10:08:32.750,-12.75,-2.0,63.375,5.06375,2.381069,97.44,34.03,518.75,tmct
2013-06-30 10:08:33.000,-13.0,-2.0,63.625,2.366875,2.372104,97.43,34.03,519.0,tmct
2013-06-30 10:08:33.250,-13.0,-2.0,63.25,-9.675333,2.366981,97.42,34.03,519.25,tmct
2013-06-30 10:08:33.500,-13.0,-2.0,63.375,3.259375,2.363139,97.42,34.03,519.5,tmct
2013-06-30 10:08:33.750,-12.875,-2.0,63.25,-5.250667,2.356735,97.41,34.03,519.75,tmct
2013-06-30 10:08:34.000,-12.75,-2.0,63.375,-2.459375,2.352893,97.4,34.0,520.0,tmct
2013-06-30 10:08:34.250,-12.875,-2.125,63.25,3.979375,2.34777,97.39,34.0,520.25,tmct
2013-06-30 10:08:34.500,-13.0,-2.0,63.25,-6.776667,2.34777,97.38,34.0,520.5,tmct
2013-06-30 10:08:34.750,-13.0,-2.0,63.222,4.47625,2.345209,97.36,34.0,520.75,tmct
2013-06-30 10:08:35.000,-13.0,-2.0,63.125,-3.0775,2.338805,97.35,34.0,521.0,tmct
2013-06-30 10:08:35.250,-13.0,-2.0,63.375,-0.944,2.342647,97.34,34.0,521.25,tmct
2013-06-30 10:08:35.500,-13.0,-2.0,63.25,4.179375,2.338805,97.33,34.0,521.5,tmct
2013-06-30 10:08:35.750,-12.875,-2.0,63.375,-10.280667,2.336244,97.31,34.0,521.75,tmct
2013-06-30 10:08:36.000,-13.0,-2.0,63.25,3.735,2.333682,97.3,34.03,522.0,tmct
2013-06-30 10:08:36.250,-13.0,-2.0,63.5,1.81,2.327279,97.28,34.03,522.25,tmct
2013-06-30 10:08:36.500,-13.0,-2.0,63.375,-5.422,2.323436,97.27,34.03,522.5,tmct
2013-06-30 10:08:36.750,-13.0,-2.0,63.25,5.7775,2.317033,97.25,34.03,522.75,tmct
2013-06-30 10:08:37.000,-13.0,-2.0,63.25,-2.215625,2.320875,97.23,33.99,523.0,tmct
2013-06-30 10:08:37.250,-12.875,-2.0,63.375,4.867333,2.308068,97.21,33.99,523.25,tmct
2013-06-30 10:08:37.500,-13.0,-2.0,63.375,0.78125,2.310629,97.19,33.99,523.5,tmct
2013-06-30 10:08:37.750,-12.875,-2.0,63.5,-6.704,2.301664,97.17,33.99,523.75,tmct
2013-06-30 10:08:38.000,-13.0,-2.0,63.375,5.0125,2.300384,97.15,34.03,524.0,tmct
2013-06-30 10:08:38.250,-13.0,-2.0,63.25,-11.815625,2.295261,97.13,34.03,524.25,tmct
2013-06-30 10:08:38.500,-12.875,-2.0,63.125,-3.388667,2.295261,97.1,34.03,524.5,tmct
2013-06-30 10:08:38.750,-13.0,-2.0,63.556,3.67,2.291419,97.07,34.03,524.75,tmct
2013-06-30 10:08:39.000,-12.875,-2.0,63.375,-3.8375,2.286296,97.05,34.0,525.0,tmct
2013-06-30 10:08:39.250,-13.0,-2.0,63.25,8.748,2.281173,97.03,34.0,525.25,tmct
2013-06-30 10:08:39.500,-13.0,-2.0,63.625,-2.866875,2.281173,97.01,34.0,525.5,tmct
2013-06-30 10:08:39.750,-13.0,-2.0,63.5,1.376667,2.274769,96.99,34.0,525.75,tmct
2013-06-30 10:08:40.000,-13.0,-2.0,63.375,-1.306875,2.270927,96.97,34.0,526.0,tmct
2013-06-30 10:08:40.250,-12.875,-2.0,63.5,-4.32875,2.274769,96.95,34.0,526.25,tmct
2013-06-30 10:08:40.500,-12.875,-2.125,63.25,3.497333,2.281173,96.94,34.0,526.5,tmct
2013-06-30 10:08:40.750,-12.875,-2.0,63.625,-2.32125,2.288857,96.92,34.0,526.75,tmct
2013-06-30 10:08:41.000,-13.0,-2.0,63.375,24.496875,2.304226,96.9,33.99,527.0,tmct
2013-06-30 10:08:41.250,-12.875,-2.0,63.25,16.682667,2.315752,96.88,33.99,527.25,tmct
2013-06-30 10:08:41.500,-12.75,-2.0,63.125,-2.475625,2.31191,96.86,33.99,527.5,tmct
2013-06-30 10:08:41.750,-12.875,-2.0,63.625,-16.035333,2.317033,96.84,33.99,527.75,tmct
2013-06-30 10:08:42.000,-12.875,-2.0,63.25,-17.77875,2.314471,96.82,33.97,528.0,tmct
2013-06-30 10:08:42.250,-13.0,-2.0,63.375,10.091875,2.31191,96.8,33.97,528.25,tmct
2013-06-30 10:08:42.500,-12.778,-2.0,63.222,-1.080667,2.302945,96.77,33.97,528.5,tmct
2013-06-30 10:08:42.750,-13.0,-2.125,63.375,-10.021875,2.292699,96.75,33.97,528.75,tmct
2013-06-30 10:08:43.000,-12.75,-2.0,63.25,10.249375,2.290138,96.73,33.97,529.0,tmct
2013-06-30 10:08:43.250,-12.875,-2.0,63.125,5.902,2.281173,96.71,33.97,529.25,tmct
2013-06-30 10:08:43.500,-12.875,-2.0,63.375,-1.58625,2.278612,96.69,33.97,529.5,tmct
2013-06-30 10:08:43.750,-13.0,-2.125,63.375,1.852667,2.268366,96.67,33.97,529.75,tmct
2013-06-30 10:08:44.000,-13.0,-2.125,63.375,-10.140625,2.264524,96.65,33.99,530.0,tmct
2013-06-30 10:08:44.250,-13.0,-2.0,63.125,3.555,2.25812,96.63,33.99,530.25,tmct
2013-06-30 10:08:44.500,-13.0,-2.0,63.375,5.076,2.251717,96.61,33.99,530.5,tmct
2013-06-30 10:08:44.750,-12.875,-2.0,63.25,-4.1175,2.255559,96.6,33.99,530.75,tmct
2013-06-30 10:08:45.000,-13.0,-2.0,63.25,3.705625,2.252997,96.58,33.97,531.0,tmct
2013-06-30 10:08:45.250,-13.0,-2.0,63.25,-5.166667,2.249155,96.56,33.97,531.25,tmct
2013-06-30 10:08:45.500,-12.875,-2.125,63.25,3.125,2.246594,96.55,33.97,531.5,tmct
2013-06-30 10:08:45.750,-12.875,-2.0,63.375,5.046,2.241471,96.54,33.97,531.75,tmct
2013-06-30 10:08:46.000,-13.0,-2.0,63.25,-9.786875,2.242752,96.52,33.99,532.0,tmct
2013-06-30 10:08:46.250,-13.0,-2.0,63.375,2.545625,2.232506,96.5,33.99,532.25,tmct
2013-06-30 10:08:46.500,-12.889,-2.0,63.556,-8.622,2.235067,96.48,33.99,532.5,tmct
2013-06-30 10:08:46.750,-13.0,-2.0,63.25,23.4125,2.231225,96.47,33.99,532.75,tmct
2013-06-30 10:08:47.000,-13.0,-2.0,63.25,19.50875,2.226102,96.45,33.97,533.0,tmct
2013-06-30 10:08:47.250,-12.875,-2.0,63.375,-44.622667,2.219699,96.43,33.97,533.25,tmct
2013-06-30 10:08:47.500,-12.875,-2.0,63.375,-6.375625,2.217137,96.42,33.97,533.5,tmct
2013-06-30 10:08:47.750,-12.875,-2.0,63.75,4.050667,2.215857,96.41,33.97,533.75,tmct
2013-06-30 10:08:48.000,-13.0,-2.0,63.375,-5.190625,2.212014,96.4,33.97,534.0,tmct
2013-06-30 10:08:48.250,-12.875,-2.0,63.5,9.79625,2.210734,96.39,33.97,534.25,tmct
2013-06-30 10:08:48.500,-12.625,-2.0,63.375,-11.415333,2.212014,96.39,33.97,534.5,tmct
2013-06-30 10:08:48.750,-12.75,-2.0,63.375,3.93625,2.209453,96.38,33.97,534.75,tmct
2013-06-30 10:08:49.000,-13.0,-2.0,63.25,3.63625,2.206892,96.37,33.97,535.0,tmct
2013-06-30 10:08:49.250,-12.75,-2.0,63.5,-11.203333,2.215857,96.36,33.97,535.25,tmct
2013-06-30 10:08:49.500,-12.75,-2.0,63.75,8.0525,2.231225,96.35,33.97,535.5,tmct
2013-06-30 10:08:49.750,-12.625,-2.0,63.125,0.648667,2.254278,96.33,33.97,535.75,tmct
2013-06-30 10:08:50.000,-13.0,-2.0,63.25,0.721875,2.278612,96.32,33.97,536.0,tmct
2013-06-30 10:08:50.250,-12.889,-2.0,63.444,8.419375,2.317033,96.31,33.97,536.25,tmct
2013-06-30 10:08:50.500,-12.75,-2.0,63.5,-6.22,2.346489,96.29,33.97,536.5,tmct
2013-06-30 10:08:50.750,-12.875,-2.0,63.375,8.988125,2.359297,96.28,33.97,536.75,tmct
2013-06-30 10:08:51.000,-12.875,-2.0,63.375,1.976875,2.363139,96.27,33.97,537.0,tmct
2013-06-30 10:08:51.250,-12.875,-2.0,63.75,-8.882667,2.358016,96.26,33.97,537.25,tmct
2013-06-30 10:08:51.500,-13.0,-2.0,63.375,4.090625,2.351612,96.25,33.97,537.5,tmct
2013-06-30 10:08:51.750,-13.0,-2.0,63.25,-10.573333,2.336244,96.24,33.97,537.75,tmct
2013-06-30 10:08:52.000,-12.875,-2.0,63.25,3.79875,2.328559,96.23,33.97,538.0,tmct
2013-06-30 10:08:52.250,-13.0,-2.0,63.375,-4.28625,2.309349,96.22,33.97,538.25,tmct
2013-06-30 10:08:52.500,-12.875,-2.0,63.0,-4.181333,2.299103,96.21,33.97,538.5,tmct
2013-06-30 10:08:52.750,-12.875,-2.0,63.625,3.894375,2.291419,96.19,33.97,538.75,tmct
2013-06-30 10:08:53.000,-12.875,-2.0,63.25,-1.643125,2.297822,96.18,33.97,539.0,tmct
2013-06-30 10:08:53.250,-13.0,-2.0,63.25,11.993333,2.300384,96.17,33.97,539.25,tmct
2013-06-30 10:08:53.500,-12.875,-2.0,63.5,-1.80875,2.313191,96.15,33.97,539.5,tmct
2013-06-30 10:08:53.750,-12.875,-2.0,63.25,-1.287333,2.328559,96.14,33.97,539.75,tmct
2013-06-30 10:08:54.000,-12.875,-2.0,63.5,5.73125,2.343928,96.12,33.99,540.0,tmct
2013-06-30 10:08:54.250,-12.889,-2.0,63.444,-12.13625,2.341367,96.1,33.99,540.25,tmct
2013-06-30 10:08:54.500,-12.75,-2.0,63.25,6.63,2.342647,96.08,33.99,540.5,tmct
2013-06-30 10:08:54.750,-13.0,-2.0,63.625,3.5025,2.342647,96.05,33.99,540.75,tmct
2013-06-30 10:08:55.000,-13.0,-2.0,63.625,-6.7925,2.336244,96.03,33.99,541.0,tmct
2013-06-30 10:08:55.250,-13.0,-2.0,63.5,6.83,2.32984,96.0,33.99,541.25,tmct
2013-06-30 10:08:55.500,-12.875,-2.0,63.25,-5.2675,2.319594,95.98,33.99,541.5,tmct
2013-06-30 10:08:55.750,-13.0,-2.0,63.5,5.979333,2.309349,95.95,33.99,541.75,tmct
2013-06-30 10:08:56.000,-12.75,-2.0,63.375,1.62125,2.296541,95.93,33.97,542.0,tmct
2013-06-30 10:08:56.250,-12.75,-2.125,63.375,-6.804375,2.291419,95.91,33.97,542.25,tmct
2013-06-30 10:08:56.500,-13.0,-2.0,63.5,5.412667,2.283734,95.89,33.97,542.5,tmct
2013-06-30 10:08:56.750,-12.875,-2.0,63.5,-8.071875,2.277331,95.87,33.97,542.75,tmct
2013-06-30 10:08:57.000,-13.0,-2.0,63.375,3.235625,2.272208,95.85,33.99,543.0,tmct
2013-06-30 10:08:57.250,-13.0,-2.0,63.125,-0.152,2.263243,95.83,33.99,543.25,tmct
2013-06-30 10:08:57.500,-12.875,-2.0,63.5,-6.654375,2.261962,95.81,33.99,543.5,tmct
2013-06-30 10:08:57.750,-12.75,-2.0,63.25,11.357333,2.254278,95.8,33.99,543.75,tmct
2013-06-30 10:08:58.000,-12.889,-2.0,63.333,-4.23,2.247874,95.78,33.97,544.0,tmct
2013-06-30 10:08:58.250,-12.875,-2.0,63.5,4.33625,2.247874,95.76,33.97,544.25,tmct
2013-06-30 10:08:58.500,-13.0,-2.0,63.375,-0.307333,2.24019,95.75,33.97,544.5,tmct
2013-06-30 10:08:58.750,-12.75,-2.0,63.5,-7.02375,2.235067,95.74,33.97,544.75,tmct
2013-06-30 10:08:59.000,-12.75,-2.0,63.375,5.69,2.236348,95.72,34.0,545.0,tmct
2013-06-30 10:08:59.250,-12.875,-2.0,63.25,-11.336,2.227383,95.7,34.0,545.25,tmct
2013-06-30 10:08:59.500,-12.75,-2.0,63.375,2.783125,2.224822,95.69,34.0,545.5,tmct
2013-06-30 10:08:59.750,-13.0,-2.0,63.5,0.164,2.220979,95.67,34.0,545.75,tmct
2013-06-30 10:09:00.000,-12.875,-2.0,63.125,-5.686875,2.220979,95.65,33.95,546.0,tmct
2013-06-30 10:09:00.250,-13.0,-2.0,63.25,11.973125,2.213295,95.63,33.95,546.25,tmct
2013-06-30 10:09:00.500,-12.875,-2.0,63.375,-0.612667,2.218418,95.61,33.95,546.5,tmct
2013-06-30 10:09:00.750,-12.875,-2.0,63.375,2.156875,2.208172,95.6,33.95,546.75,tmct
2013-06-30 10:09:01.000,-13.0,-2.0,63.375,3.711875,2.206892,95.58,33.99,547.0,tmct
2013-06-30 10:09:01.250,-13.0,-2.0,63.375,-14.268,2.201769,95.57,33.99,547.25,tmct
2013-06-30 10:09:01.500,-13.0,-2.0,63.25,6.0975,2.203049,95.55,33.99,547.5,tmct
2013-06-30 10:09:01.750,-13.0,-2.0,63.25,-0.162,2.195365,95.54,33.99,547.75,tmct
2013-06-30 10:09:02.000,-12.889,-2.0,63.667,-13.845625,2.192804,95.53,33.95,548.0,tmct
2013-06-30 10:09:02.250,-12.875,-2.0,63.375,1.665,2.185119,95.52,33.95,548.25,tmct
2013-06-30 10:09:02.500,-12.625,-2.0,63.625,-5.307333,2.190242,95.5,33.95,548.5,tmct
2013-06-30 10:09:02.750,-12.75,-2.0,63.375,3.935,2.187681,95.49,33.95,548.75,tmct
2013-06-30 10:09:03.000,-13.0,-2.0,63.125,20.3825,2.182558,95.47,33.97,549.0,tmct
2013-06-30 10:09:03.250,-12.75,-2.0,63.625,0.604667,2.178716,95.45,33.97,549.25,tmct
2013-06-30 10:09:03.500,-12.875,-2.0,63.125,-12.816875,2.174874,95.43,33.97,549.5,tmct
2013-06-30 10:09:03.750,-13.0,-2.0,63.375,-12.48,2.176154,95.4,33.97,549.75,tmct
2013-06-30 10:09:04.000,-12.5,-2.125,63.5,2.54,2.174874,95.38,33.95,550.0,tmct
2013-06-30 10:09:04.250,-12.75,-2.0,63.25,10.220625,2.167189,95.35,33.95,550.25,tmct
2013-06-30 10:09:04.500,-13.0,-2.0,63.25,-5.765333,2.167189,95.33,33.95,550.5,tmct
2013-06-30 10:09:04.750,-12.875,-2.0,63.5,11.365,2.159505,95.3,33.95,550.75,tmct
2013-06-30 10:09:05.000,-12.75,-2.0,63.25,5.531875,2.156944,95.28,33.99,551.0,tmct
2013-06-30 10:09:05.250,-13.0,-2.0,63.375,-6.112,2.156944,95.26,33.99,551.25,tmct
2013-06-30 10:09:05.500,-12.875,-2.0,63.5,10.011875,2.151821,95.23,33.99,551.5,tmct
2013-06-30 10:09:05.750,-12.889,-2.0,63.444,1.134667,2.151821,95.21,33.99,551.75,tmct
2013-06-30 10:09:06.000,-13.0,-2.0,63.5,3.52375,2.149259,95.18,33.99,552.0,tmct
2013-06-30 10:09:06.250,-13.0,-2.0,63.25,19.2,2.147979,95.15,33.99,552.25,tmct
2013-06-30 10:09:06.500,-12.875,-2.0,63.625,1.77,2.146698,95.11,33.99,552.5,tmct
2013-06-30 10:09:06.750,-12.75,-2.0,63.25,-0.589375,2.141575,95.08,33.99,552.75,tmct
2013-06-30 10:09:07.000,-12.875,-2.0,63.375,-10.315,2.133891,95.05,33.99,553.0,tmct
2013-06-30 10:09:07.250,-13.0,-2.0,63.5,-14.139333,2.128768,95.02,33.99,553.25,tmct
2013-06-30 10:09:07.500,-13.0,-2.0,63.375,2.384375,2.130049,95.0,33.99,553.5,tmct
2013-06-30 10:09:07.750,-12.875,-2.0,63.125,-0.400667,2.126207,94.98,33.99,553.75,tmct
2013-06-30 10:09:08.000,-13.0,-2.0,63.25,-13.988125,2.122365,94.95,33.97,554.0,tmct
2013-06-30 10:09:08.250,-12.875,-2.0,63.625,6.516875,2.115961,94.92,33.97,554.25,tmct
2013-06-30 10:09:08.500,-13.0,-2.0,63.375,0.944,2.117242,94.89,33.97,554.5,tmct
2013-06-30 10:09:08.750,-13.0,-2.0,63.5,-4.57625,2.112119,94.85,33.97,554.75,tmct
2013-06-30 10:09:09.000,-13.0,-2.0,63.5,1.44125,2.121084,94.82,33.99,555.0,tmct
2013-06-30 10:09:09.250,-12.75,-2.0,63.25,-9.443333,2.122365,94.79,33.99,555.25,tmct
2013-06-30 10:09:09.500,-13.0,-2.0,63.5,8.134375,2.147979,94.76,33.99,555.5,tmct
2013-06-30 10:09:09.750,-12.889,-2.0,63.333,0.467333,2.163347,94.73,33.99,555.75,tmct
2013-06-30 10:09:10.000,-13.0,-2.0,63.375,-4.180625,2.192804,94.7,33.97,556.0,tmct
2013-06-30 10:09:10.250,-13.0,-2.0,63.5,8.22375,2.20433,94.67,33.97,556.25,tmct
2013-06-30 10:09:10.500,-12.625,-2.0,63.5,-10.149333,2.206892,94.64,33.97,556.5,tmct
2013-06-30 10:09:10.750,-12.75,-2.0,63.375,2.281875,2.215857,94.61,33.97,556.75,tmct
2013-06-30 10:09:11.000,-13.0,-2.125,63.5,-0.869375,2.212014,94.58,33.99,557.0,tmct
2013-06-30 10:09:11.250,-12.75,-2.0,63.375,-12.536,2.205611,94.55,33.99,557.25,tmct
2013-06-30 10:09:11.500,-12.875,-2.0,63.375,10.044375,2.197927,94.52,33.99,557.5,tmct
2013-06-30 10:09:11.750,-12.875,-2.0,63.5,3.234,2.190242,94.5,33.99,557.75,tmct
2013-06-30 10:09:12.000,-12.875,-2.0,63.375,-0.168125,2.185119,94.47,33.97,558.0,tmct
2013-06-30 10:09:12.250,-12.875,-2.0,63.5,6.648125,2.173593,94.44,33.97,558.25,tmct
2013-06-30 10:09:12.500,-13.0,-2.0,63.375,-6.538667,2.164628,94.41,33.97,558.5,tmct
2013-06-30 10:09:12.750,-12.875,-2.0,63.25,6.57125,2.156944,94.38,33.97,558.75,tmct
2013-06-30 10:09:13.000,-12.75,-2.0,63.5,5.768125,2.151821,94.35,33.99,559.0,tmct
2013-06-30 10:09:13.250,-12.75,-2.0,63.375,-12.732667,2.149259,94.32,33.99,559.25,tmct
2013-06-30 10:09:13.500,-12.889,-2.0,63.444,5.143125,2.141575,94.29,33.99,559.5,tmct
2013-06-30 10:09:13.750,-12.875,-2.0,63.25,0.781333,2.140294,94.26,33.99,559.75,tmct
2013-06-30 10:09:14.000,-12.75,-2.0,63.625,-15.561875,2.136452,94.23,33.99,560.0,tmct
2013-06-30 10:09:14.250,-12.75,-2.0,63.375,6.861875,2.124926,94.2,33.99,560.25,tmct
2013-06-30 10:09:14.500,-12.75,-2.0,63.75,4.302667,2.118522,94.17,33.99,560.5,tmct
2013-06-30 10:09:14.750,-12.875,-2.0,63.625,-3.505,2.11468,94.13,33.99,560.75,tmct
2013-06-30 10:09:15.000,-12.75,-2.0,63.375,7.82,2.1134,94.1,34.05,561.0,tmct
2013-06-30 10:09:15.250,-12.75,-2.0,63.375,-3.760667,2.110838,94.07,34.05,561.25,tmct
2013-06-30 10:09:15.500,-12.75,-2.0,63.5,1.314375,2.105715,94.04,34.05,561.5,tmct
2013-06-30 10:09:15.750,-12.75,-2.0,63.5,14.224,2.098031,94.0,34.05,561.75,tmct
2013-06-30 10:09:16.000,-12.625,-2.0,63.375,-0.82875,2.094189,93.97,34.0,562.0,tmct
2013-06-30 10:09:16.250,-12.875,-2.0,63.5,-2.849375,2.092908,93.94,34.0,562.25,tmct
2013-06-30 10:09:16.500,-12.875,-2.0,63.625,-5.832667,2.091627,93.9,34.0,562.5,tmct
2013-06-30 10:09:16.750,-12.75,-2.0,63.25,-16.795625,2.09675,93.87,34.0,562.75,tmct
2013-06-30 10:09:17.000,-13.0,-2.0,63.25,6.99625,2.094189,93.83,34.05,563.0,tmct
2013-06-30 10:09:17.250,-12.875,-2.0,63.25,10.450667,2.091627,93.8,34.05,563.25,tmct
2013-06-30 10:09:17.500,-12.889,-2.0,63.556,-12.27625,2.092908,93.76,34.05,563.5,tmct
2013-06-30 10:09:17.750,-12.75,-2.0,63.5,6.083333,2.094189,93.73,34.05,563.75,tmct
2013-06-30 10:09:18.000,-13.0,-2.0,63.25,5.56125,2.091627,93.7,34.05,564.0,tmct
2013-06-30 10:09:18.250,-13.0,-2.0,63.5,-6.575625,2.090347,93.67,34.05,564.25,tmct
2013-06-30 10:09:18.500,-12.875,-2.0,63.375,7.639333,2.091627,93.65,34.05,564.5,tmct
2013-06-30 10:09:18.750,-12.875,-2.125,63.25,-3.774375,2.086504,93.62,34.05,564.75,tmct
2013-06-30 10:09:19.000,-12.875,-2.0,63.5,-3.69125,2.087785,93.6,34.03,565.0,tmct
2013-06-30 10:09:19.250,-13.0,-2.0,63.375,5.404667,2.086504,93.58,34.03,565.25,tmct
2013-06-30 10:09:19.500,-12.875,-2.0,63.0,-11.609375,2.081382,93.55,34.03,565.5,tmct
2013-06-30 10:09:19.750,-12.625,-2.0,63.25,6.691333,2.083943,93.53,34.03,565.75,tmct
2013-06-30 10:09:20.000,-12.625,-2.125,63.25,0.773125,2.080101,93.5,34.05,566.0,tmct
2013-06-30 10:09:20.250,-13.5,-2.125,63.25,-8.809375,2.077539,93.47,34.05,566.25,tmct
2013-06-30 10:09:20.500,-14.0,-2.5,63.25,7.015333,2.074978,93.44,34.05,566.5,tmct
2013-06-30 10:09:20.750,-14.125,-2.375,62.875,-3.036875,2.072417,93.41,34.05,566.75,tmct
2013-06-30 10:09:21.000,-14.125,-2.625,63.125,-2.825,2.069855,93.38,34.07,567.0,tmct
2013-06-30 10:09:21.250,-14.222,-2.667,62.889,7.212,2.073697,93.35,34.07,567.25,tmct
2013-06-30 10:09:21.500,-14.125,-2.75,63.0,-6.5625,2.067294,93.33,34.07,567.5,tmct
2013-06-30 10:09:21.750,-14.125,-2.625,63.125,5.200667,2.064732,93.3,34.07,567.75,tmct
2013-06-30 10:09:22.000,-14.125,-2.875,63.0,1.025625,2.059609,93.28,34.09,568.0,tmct
2013-06-30 10:09:22.250,-14.0,-2.75,63.0,-3.364375,2.054487,93.26,34.09,568.25,tmct
2013-06-30 10:09:22.500,-14.25,-2.625,63.0,11.301333,2.050644,93.24,34.09,568.5,tmct
2013-06-30 10:09:22.750,-14.0,-2.875,63.125,-8.945,2.053206,93.22,34.09,568.75,tmct
2013-06-30 10:09:23.000,-14.25,-2.875,63.0,-8.183125,2.044241,93.2,34.09,569.0,tmct
2013-06-30 10:09:23.250,-14.25,-3.0,62.875,7.868,2.040399,93.18,34.09,569.25,tmct
2013-06-30 10:09:23.500,-14.125,-3.0,63.0,-3.066875,2.035276,93.15,34.09,569.5,tmct
2013-06-30 10:09:23.750,-14.5,-3.0,62.875,-4.696,2.028872,93.13,34.09,569.75,tmct
2013-06-30 10:09:24.000,-14.875,-2.875,62.75,7.301875,2.030153,93.1,34.07,570.0,tmct
2013-06-30 10:09:24.250,-16.0,-2.75,62.5,-6.165625,2.035276,93.07,34.07,570.25,tmct
2013-06-30 10:09:24.500,-15.75,-2.875,62.375,10.868667,2.04296,93.05,34.07,570.5,tmct
2013-06-30 10:09:24.750,-15.125,-3.0,62.75,5.12125,2.036556,93.02,34.07,570.75,tmct
2013-06-30 10:09:25.000,-15.375,-2.75,62.625,-2.526875,2.041679,93.0,34.11,571.0,tmct
2013-06-30 10:09:25.250,-15.333,-2.889,62.556,6.598667,2.037837,92.98,34.11,571.25,tmct
2013-06-30 10:09:25.500,-15.375,-3.0,62.25,-10.87875,2.037837,92.95,34.11,571.5,tmct
2013-06-30 10:09:25.750,-15.75,-3.0,62.625,5.411333,2.036556,92.93,34.11,571.75,tmct
2013-06-30 10:09:26.000,-15.625,-2.875,62.5,2.67625,2.045521,92.9,34.11,572.0,tmct
2013-06-30 10:09:26.250,-15.25,-3.0,62.625,-10.7625,2.058329,92.87,34.11,572.25,tmct
2013-06-30 10:09:26.500,-15.5,-3.0,62.625,10.405333,2.105715,92.85,34.11,572.5,tmct
2013-06-30 10:09:26.750,-15.5,-2.875,62.625,-1.169375,2.199207,92.82,34.11,572.75,tmct
2013-06-30 10:09:27.000,-15.75,-3.0,62.125,-7.211875,2.283734,92.8,34.15,573.0,tmct
2013-06-30 10:09:27.250,-15.875,-3.0,62.5,6.932,2.373384,92.78,34.15,573.25,tmct
2013-06-30 10:09:27.500,-15.5,-3.0,62.75,-4.96125,2.460473,92.75,34.15,573.5,tmct
2013-06-30 10:09:27.750,-15.875,-3.0,62.25,4.204,2.548842,92.73,34.15,573.75,tmct
2013-06-30 10:09:28.000,-15.875,-2.875,62.625,5.156875,2.628247,92.7,34.15,574.0,tmct
2013-06-30 10:09:28.250,-15.875,-3.0,62.25,-10.944375,2.703809,92.67,34.15,574.25,tmct
2013-06-30 10:09:28.500,-15.625,-3.0,62.5,4.741333,2.753757,92.64,34.15,574.5,tmct
2013-06-30 10:09:28.750,-15.75,-3.0,62.625,-1.09625,2.787055,92.61,34.15,574.75,tmct
2013-06-30 10:09:29.000,-15.556,-3.0,62.333,-10.058125,2.83188,92.58,34.18,575.0,tmct
2013-06-30 10:09:29.250,-15.75,-3.0,62.875,8.965333,2.862617,92.55,34.18,575.25,tmct
2013-06-30 10:09:29.500,-15.5,-3.0,62.625,-4.94625,2.858775,92.52,34.18,575.5,tmct
2013-06-30 10:09:29.750,-15.75,-3.0,62.375,-0.44,2.84981,92.49,34.18,575.75,tmct
2013-06-30 10:09:30.000,-15.625,-3.0,62.5,11.02875,2.828038,92.47,34.21,576.0,tmct
2013-06-30 10:09:30.250,-15.875,-3.0,62.5,-7.046875,2.802424,92.45,34.21,576.25,tmct
2013-06-30 10:09:30.500,-15.25,-2.875,62.625,7.401333,2.767844,92.43,34.21,576.5,tmct
2013-06-30 10:09:30.750,-15.5,-3.0,62.375,6.881875,2.733265,92.42,34.21,576.75,tmct
2013-06-30 10:09:31.000,-15.875,-3.0,62.5,-10.625625,2.694844,92.4,34.23,577.0,tmct
2013-06-30 10:09:31.250,-16.25,-2.75,62.125,6.594667,2.657703,92.38,34.23,577.25,tmct
2013-06-30 10:09:31.500,-11.25,-3.0,63.625,-3.34125,2.632089,92.37,34.23,577.5,tmct
2013-06-30 10:09:31.750,-8.25,-2.625,64.0,-10.022667,2.609036,92.35,34.23,577.75,tmct
2013-06-30 10:09:32.000,-5.75,-2.125,64.0,4.754375,2.582141,92.33,34.21,578.0,tmct
2013-06-30 10:09:32.250,-3.75,2.0,64.625,-11.380625,2.557807,92.31,34.21,578.25,tmct
2013-06-30 10:09:32.500,-7.625,2.5,64.125,13.636,2.551404,92.3,34.21,578.5,tmct
2013-06-30 10:09:32.750,-6.75,3.625,64.75,8.0,2.546281,92.28,34.21,578.75,tmct
2013-06-30 10:09:33.000,-10.111,-2.222,61.111,-10.956875,2.551404,92.27,34.25,579.0,tmct
2013-06-30 10:09:33.250,-9.5,-1.875,63.75,6.428667,2.553965,92.26,34.25,579.25,tmct
2013-06-30 10:09:33.500,-10.25,-2.0,63.875,-5.6075,2.556526,92.24,34.25,579.5,tmct
2013-06-30 10:09:33.750,-10.375,-2.0,64.0,-4.366,2.571895,92.23,34.25,579.75,tmct
2013-06-30 10:09:34.000,-10.875,-2.0,64.0,6.78375,2.596229,92.22,34.27,580.0,tmct
2013-06-30 10:09:34.250,-11.375,-2.0,64.0,-9.799375,2.623124,92.21,34.27,580.25,tmct
2013-06-30 10:09:34.500,-12.0,-2.0,63.75,8.224,2.643615,92.2,34.27,580.5,tmct
2013-06-30 10:09:34.750,-12.125,-2.0,63.875,7.069375,2.667949,92.19,34.27,580.75,tmct
2013-06-30 10:09:35.000,-12.0,-2.0,63.875,-4.275,2.675633,92.18,34.27,581.0,tmct
2013-06-30 10:09:35.250,-12.0,-2.0,63.625,9.950667,2.669229,92.17,34.27,581.25,tmct
2013-06-30 10:09:35.500,-12.125,-2.0,63.75,-5.031875,2.658984,92.15,34.27,581.5,tmct
2013-06-30 10:09:35.750,-12.0,-2.0,63.625,0.864,2.639773,92.14,34.27,581.75,tmct
2013-06-30 10:09:36.000,-12.125,-2.0,63.875,4.65625,2.623124,92.12,34.31,582.0,tmct
2013-06-30 10:09:36.250,-12.125,-2.0,63.25,-11.7975,2.596229,92.1,34.31,582.25,tmct
2013-06-30 10:09:36.500,-12.125,-2.0,63.625,7.998667,2.601351,92.09,34.31,582.5,tmct
2013-06-30 10:09:36.750,-12.111,-2.0,63.444,5.98,2.665387,92.07,34.31,582.75,tmct
2013-06-30 10:09:37.000,-12.25,-2.0,63.25,-7.7475,2.705089,92.05,34.31,583.0,first rest
2013-06-30 10:09:37.250,-12.625,-2.0,63.5,-2.360667,2.766564,92.03,34.31,583.25,first rest
2013-06-30 10:09:37.500,-12.5,-2.0,63.5,7.488125,2.830599,92.01,34.31,583.5,first rest
2013-06-30 10:09:37.750,-12.625,-2.125,63.625,-5.194667,2.988127,91.99,34.31,583.75,first rest
2013-06-30 10:09:38.000,-12.75,-2.0,63.625,11.219375,3.025767,91.97,34.31,584.0,first rest
2013-06-30 10:09:38.250,-12.5,-2.125,63.625,-1.15375,3.039855,91.95,34.31,584.25,first rest
2013-06-30 10:09:38.500,-12.5,-2.0,63.5,-12.482,3.062908,91.94,34.31,584.5,first rest
2013-06-30 10:09:38.750,-12.625,-2.125,63.375,6.50125,3.056504,91.92,34.31,584.75,first rest
2013-06-30 10:09:39.000,-12.75,-2.0,63.5,-4.80125,3.055223,91.9,34.34,585.0,first rest
2013-06-30 10:09:39.250,-12.875,-2.0,63.25,0.389333,3.089803,91.88,34.34,585.25,first rest
2013-06-30 10:09:39.500,-12.5,-2.125,63.5,5.305625,3.193541,91.85,34.34,585.5,first rest
2013-06-30 10:09:39.750,-12.75,-2.125,63.5,-16.103333,3.302401,91.83,34.34,585.75,first rest
2013-06-30 10:09:40.000,-12.375,-2.25,63.5,0.81875,3.365156,91.8,34.34,586.0,first rest
2013-06-30 10:09:40.250,-12.5,-2.0,63.25,4.575,3.394613,91.77,34.34,586.25,first rest
2013-06-30 10:09:40.500,-12.125,-2.25,63.625,-10.121333,3.385648,91.74,34.34,586.5,first rest
2013-06-30 10:09:40.750,-12.0,-2.111,63.556,20.47375,3.362595,91.7,34.34,586.75,first rest
2013-06-30 10:09:41.000,-12.125,-2.125,63.625,24.715,3.343384,91.67,34.34,587.0,first rest
2013-06-30 10:09:41.250,-12.125,-2.0,63.375,7.028667,3.294717,91.63,34.34,587.25,first rest
2013-06-30 10:09:41.500,-12.125,-2.25,63.625,-9.9225,3.249892,91.6,34.34,587.5,first rest
2013-06-30 10:09:41.750,-12.125,-2.0,63.625,-30.717333,3.196102,91.56,34.34,587.75,first rest
2013-06-30 10:09:42.000,-11.875,-2.0,63.625,-14.989375,3.146154,91.52,34.34,588.0,first rest
2013-06-30 10:09:42.250,-12.0,-2.0,63.625,-18.1125,3.101329,91.48,34.34,588.25,first rest
2013-06-30 10:09:42.500,-12.0,-2.125,63.875,-1.22,3.078276,91.45,34.34,588.5,first rest
2013-06-30 10:09:42.750,-12.0,-2.125,63.875,3.69625,3.050101,91.41,34.34,588.75,first rest
2013-06-30 10:09:43.000,-12.0,-2.125,63.875,2.1025,3.034732,91.37,34.34,589.0,first rest
2013-06-30 10:09:43.250,-12.0,-2.0,63.625,32.017333,3.016802,91.33,34.34,589.25,first rest
2013-06-30 10:09:43.500,-12.0,-2.25,63.75,-4.45125,3.006556,91.29,34.34,589.5,first rest
2013-06-30 10:09:43.750,-12.0,-2.0,63.625,8.036,2.997591,91.25,34.34,589.75,first rest
2013-06-30 10:09:44.000,-12.125,-2.0,63.75,1.439375,2.986065,91.22,34.37,590.0,first rest
2013-06-30 10:09:44.250,-12.0,-2.0,63.75,-65.053125,2.9771,91.19,34.37,590.25,first rest
2013-06-30 10:09:44.500,-12.0,-2.333,63.667,-19.793333,2.980942,91.15,34.37,590.5,first rest
2013-06-30 10:09:44.750,-12.0,-2.25,63.625,-27.273125,2.969416,91.11,34.37,590.75,first rest
2013-06-30 10:09:45.000,-11.875,-2.25,63.875,-41.649375,2.960451,91.05,34.39,591.0,first rest
2013-06-30 10:09:45.250,-12.0,-2.125,63.875,69.543333,2.952766,90.97,34.39,591.25,first rest
2013-06-30 10:09:45.500,-11.375,-2.5,63.75,33.9975,2.942521,90.88,34.39,591.5,first rest
2013-06-30 10:09:45.750,-10.875,-2.5,64.0,-8.828,2.938679,90.79,34.39,591.75,first rest
2013-06-30 10:09:46.000,-11.0,-2.5,64.0,39.23,2.928433,90.7,34.41,592.0,first rest
2013-06-30 10:09:46.250,-10.875,-2.75,64.0,8.098125,2.928433,90.62,34.41,592.25,first rest
2013-06-30 10:09:46.500,-10.5,-2.375,64.0,29.264,2.92331,90.55,34.41,592.5,first rest
2013-06-30 10:09:46.750,-10.75,-2.375,63.75,10.48375,2.915626,90.49,34.41,592.75,first rest
2013-06-30 10:09:47.000,-10.625,-2.375,63.875,-13.27375,2.915626,90.42,34.41,593.0,first rest
2013-06-30 10:09:47.250,-10.5,-2.75,63.75,27.620667,2.902818,90.35,34.41,593.25,first rest
2013-06-30 10:09:47.500,-10.625,-2.625,64.0,0.385625,2.897696,90.28,34.41,593.5,first rest
2013-06-30 10:09:47.750,-10.25,-2.875,64.0,9.322667,2.890011,90.21,34.41,593.75,first rest
2013-06-30 10:09:48.000,-10.125,-2.875,64.0,16.135625,2.884888,90.15,34.41,594.0,first rest
2013-06-30 10:09:48.250,-10.0,-2.75,64.0,-24.3075,2.878485,90.09,34.41,594.25,first rest
2013-06-30 10:09:48.500,-10.0,-2.778,64.0,16.544,2.878485,90.05,34.41,594.5,first rest
2013-06-30 10:09:48.750,-10.0,-2.875,64.0,16.174375,2.866959,90.0,34.41,594.75,first rest
2013-06-30 10:09:49.000,-10.0,-3.0,64.0,-28.281875,2.866959,89.97,34.41,595.0,first rest
2013-06-30 10:09:49.250,-10.0,-3.0,64.0,17.207333,2.861836,89.94,34.41,595.25,first rest
2013-06-30 10:09:49.500,-9.375,-3.0,64.125,9.02625,2.859274,89.92,34.41,595.5,first rest
2013-06-30 10:09:49.750,-9.0,-3.0,64.0,-36.737333,2.861836,89.9,34.41,595.75,first rest
2013-06-30 10:09:50.000,-9.25,-3.0,64.0,18.4675,2.881046,89.88,34.43,596.0,first rest
2013-06-30 10:09:50.250,-9.125,-2.875,64.0,6.824375,2.911783,89.86,34.43,596.25,first rest
2013-06-30 10:09:50.500,-9.0,-3.0,64.0,-45.354667,2.95917,89.84,34.43,596.5,first rest
2013-06-30 10:09:50.750,-9.125,-2.875,64.0,16.008125,2.996311,89.82,34.43,596.75,first rest
2013-06-30 10:09:51.000,-9.125,-3.0,64.0,4.99,3.041136,89.8,34.43,597.0,first rest
2013-06-30 10:09:51.250,-9.0,-3.0,64.0,-45.4,3.092364,89.78,34.43,597.25,first rest
2013-06-30 10:09:51.500,-9.25,-3.0,64.0,17.138125,3.143593,89.76,34.43,597.5,first rest
2013-06-30 10:09:51.750,-10.375,-3.0,64.0,9.762,3.198663,89.74,34.43,597.75,first rest
2013-06-30 10:09:52.000,-10.875,-2.875,64.0,-39.228125,3.234524,89.72,34.45,598.0,first rest
2013-06-30 10:09:52.250,-10.889,-3.0,64.0,9.9425,3.243489,89.7,34.45,598.25,first rest
2013-06-30 10:09:52.500,-10.5,-2.625,64.0,-27.617333,3.226839,89.69,34.45,598.5,first rest
2013-06-30 10:09:52.750,-10.375,-3.0,64.0,25.64125,3.216594,89.68,34.45,598.75,first rest
2013-06-30 10:09:53.000,-10.0,-2.875,64.0,10.766875,3.255015,89.68,34.41,599.0,first rest
2013-06-30 10:09:53.250,-10.0,-2.875,64.0,24.037333,3.422788,89.68,34.41,599.25,first rest
2013-06-30 10:09:53.500,-10.0,-3.0,64.0,81.73,3.588001,89.68,34.41,599.5,first rest
2013-06-30 10:09:53.750,-10.125,-2.875,64.0,26.248667,3.807201,89.69,34.41,599.75,first rest
2013-06-30 10:09:54.000,-10.25,-3.0,64.0,-342.09,3.94808,89.7,34.45,600.0,first rest
2013-06-30 10:09:54.250,-10.5,-3.0,64.0,22.283125,4.067444,89.71,34.45,600.25,first rest
2013-06-30 10:09:54.500,-10.75,-2.875,64.0,78.42,4.109708,89.72,34.45,600.5,first rest
2013-06-30 10:09:54.750,-11.0,-3.0,64.0,10.185,4.126357,89.73,34.45,600.75,first rest
2013-06-30 10:09:55.000,-10.75,-3.0,64.0,8.505625,4.126357,89.75,34.47,601.0,first rest
2013-06-30 10:09:55.250,-10.75,-2.875,64.0,-15.989333,4.110989,89.77,34.47,601.25,first rest
2013-06-30 10:09:55.500,-10.75,-2.875,64.0,-37.51125,4.080251,89.79,34.47,601.5,first rest
2013-06-30 10:09:55.750,-10.5,-3.0,64.0,28.83,4.034146,89.81,34.47,601.75,first rest
2013-06-30 10:09:56.000,-10.625,-2.875,64.0,10.60375,4.032865,89.83,34.47,602.0,first rest
2013-06-30 10:09:56.250,-10.444,-3.0,64.0,-11.793125,4.034146,89.85,34.47,602.25,first rest
2013-06-30 10:09:56.500,-10.25,-3.0,64.0,50.617333,4.044392,89.88,34.47,602.5,first rest
2013-06-30 10:09:56.750,-10.25,-3.0,64.0,3.671875,4.022619,89.91,34.47,602.75,first rest
2013-06-30 10:09:57.000,-10.25,-3.0,64.0,35.291875,3.973952,89.93,34.49,603.0,first rest
2013-06-30 10:09:57.250,-10.0,-2.875,64.0,42.698667,3.904794,89.95,34.49,603.25,first rest
2013-06-30 10:09:57.500,-10.125,-3.0,64.0,-10.98375,3.827951,89.98,34.49,603.5,first rest
2013-06-30 10:09:57.750,-10.0,-3.0,64.0,43.101333,3.767757,90.0,34.49,603.75,first rest
2013-06-30 10:09:58.000,-10.125,-3.0,64.0,27.67375,3.697318,90.03,34.5,604.0,first rest
2013-06-30 10:09:58.250,-10.125,-3.0,64.0,-6.46375,3.621756,90.06,34.5,604.25,first rest
2013-06-30 10:09:58.500,-10.0,-3.0,64.0,31.002,3.570527,90.09,34.5,604.5,first rest
2013-06-30 10:09:58.750,-10.0,-3.0,64.0,-3.41375,3.514176,90.12,34.5,604.75,first rest
2013-06-30 10:09:59.000,-10.0,-3.0,64.0,-15.9225,3.479596,90.15,34.53,605.0,first rest
2013-06-30 10:09:59.250,-10.0,-3.0,64.0,11.368667,3.460386,90.18,34.53,605.25,first rest
2013-06-30 10:09:59.500,-10.125,-2.875,64.0,-21.163125,3.448859,90.2,34.53,605.5,first rest
2013-06-30 10:09:59.750,-10.0,-3.0,64.0,3.904667,3.439636,90.22,34.53,605.75,first rest
2013-06-30 10:10:00.000,-10.0,-2.889,64.0,18.023125,3.429391,90.25,34.53,606.0,first rest
2013-06-30 10:10:00.250,-10.0,-2.875,64.0,-21.125625,3.417864,90.28,34.53,606.25,first rest
2013-06-30 10:10:00.500,-10.0,-3.0,64.0,18.510667,3.405057,90.31,34.53,606.5,first rest
2013-06-30 10:10:00.750,-10.0,-3.0,64.0,2.375,3.405057,90.34,34.53,606.75,first rest
2013-06-30 10:10:01.000,-10.0,-3.0,64.0,-32.9075,3.39225,90.37,34.53,607.0,first rest
2013-06-30 10:10:01.250,-10.0,-3.0,64.0,22.804,3.390969,90.4,34.53,607.25,first rest
2013-06-30 10:10:01.500,-10.0,-3.0,64.0,-1.805,3.390969,90.42,34.53,607.5,first rest
2013-06-30 10:10:01.750,-10.0,-3.0,64.0,-22.262667,3.380723,90.45,34.53,607.75,first rest
2013-06-30 10:10:02.000,-10.0,-3.0,64.0,8.825,3.379443,90.48,34.55,608.0,first rest
2013-06-30 10:10:02.250,-10.0,-2.875,64.0,-23.861875,3.37432,90.51,34.55,608.25,first rest
2013-06-30 10:10:02.500,-10.0,-3.0,64.0,-0.912667,3.365355,90.55,34.55,608.5,first rest
2013-06-30 10:10:02.750,-10.0,-3.0,64.0,-3.451875,3.365355,90.58,34.55,608.75,first rest
2013-06-30 10:10:03.000,-10.0,-3.0,64.0,13.358125,3.361513,90.62,34.55,609.0,first rest
2013-06-30 10:10:03.250,-10.0,-3.0,64.0,74.459333,3.364074,90.65,34.55,609.25,first rest
2013-06-30 10:10:03.500,-10.125,-3.0,64.0,-11.56125,3.360232,90.69,34.55,609.5,first rest
2013-06-30 10:10:03.750,-10.0,-3.0,64.0,-48.406667,3.361513,90.72,34.55,609.75,first rest
2013-06-30 10:10:04.000,-10.0,-3.0,64.0,-8.380625,3.361513,90.75,34.59,610.0,first rest
2013-06-30 10:10:04.250,-10.0,-3.0,64.0,-31.27375,3.347425,90.78,34.59,610.25,first rest
2013-06-30 10:10:04.500,-10.0,-3.0,64.0,17.897333,3.353828,90.82,34.59,610.5,first rest
2013-06-30 10:10:04.750,-10.0,-3.0,64.0,-3.775,3.346144,90.85,34.59,610.75,first rest
2013-06-30 10:10:05.000,-10.0,-2.75,64.0,-29.174375,3.348706,90.88,34.59,611.0,first rest
2013-06-30 10:10:05.250,-10.0,-3.0,64.0,11.347333,3.337179,90.91,34.59,611.25,first rest
2013-06-30 10:10:05.500,-10.0,-2.875,64.0,-20.898125,3.33846,90.93,34.59,611.5,first rest
2013-06-30 10:10:05.750,-10.0,-3.0,64.0,17.670667,3.33846,90.95,34.59,611.75,first rest
2013-06-30 10:10:06.000,-9.875,-3.0,64.0,-4.415625,3.337179,90.98,34.57,612.0,first rest
2013-06-30 10:10:06.250,-9.875,-3.0,64.0,-4.469375,3.330776,91.01,34.57,612.25,first rest
2013-06-30 10:10:06.500,-9.625,-2.875,64.0,12.809333,3.326934,91.04,34.57,612.5,first rest
2013-06-30 10:10:06.750,-9.875,-3.0,64.0,-25.365625,3.328214,91.07,34.57,612.75,first rest
2013-06-30 10:10:07.000,-9.25,-3.0,64.0,26.248125,3.323092,91.1,34.57,613.0,first rest
2013-06-30 10:10:07.250,-9.5,-3.0,64.0,3.828,3.324372,91.12,34.57,613.25,first rest
2013-06-30 10:10:07.500,-9.75,-3.0,64.0,34.11,3.325653,91.14,34.57,613.5,first rest
2013-06-30 10:10:07.750,-9.444,-3.0,64.0,40.274,3.321811,91.16,34.57,613.75,first rest
2013-06-30 10:10:08.000,-9.625,-3.0,64.0,-27.25375,3.316688,91.17,34.59,614.0,first rest
2013-06-30 10:10:08.250,-9.75,-3.0,64.0,20.48125,3.314126,91.18,34.59,614.25,first rest
2013-06-30 10:10:08.500,-9.625,-3.0,64.0,-19.550667,3.312846,91.19,34.59,614.5,first rest
2013-06-30 10:10:08.750,-9.75,-3.0,64.0,-37.07,3.311565,91.2,34.59,614.75,first rest
2013-06-30 10:10:09.000,-9.25,-3.0,64.0,30.11875,3.309004,91.22,34.57,615.0,first rest
2013-06-30 10:10:09.250,-9.625,-3.0,64.0,22.374,3.311565,91.24,34.57,615.25,first rest
2013-06-30 10:10:09.500,-9.5,-3.0,64.0,11.661875,3.301319,91.27,34.57,615.5,first rest
2013-06-30 10:10:09.750,-9.375,-3.0,64.0,-2.47,3.301319,91.29,34.57,615.75,first rest
2013-06-30 10:10:10.000,-9.5,-3.0,64.0,-8.9925,3.298758,91.32,34.59,616.0,first rest
2013-06-30 10:10:10.250,-9.75,-3.0,64.0,-12.44625,3.301319,91.34,34.59,616.25,first rest
2013-06-30 10:10:10.500,-9.5,-3.0,64.0,-29.217333,3.310284,91.36,34.59,616.5,first rest
2013-06-30 10:10:10.750,-9.5,-2.875,64.0,-1.786875,3.330776,91.38,34.59,616.75,first rest
2013-06-30 10:10:11.000,-9.5,-3.0,64.0,3.25875,3.335899,91.4,34.59,617.0,first rest
2013-06-30 10:10:11.250,-9.375,-3.0,64.0,7.850667,3.355109,91.42,34.59,617.25,first rest
2013-06-30 10:10:11.500,-9.375,-3.0,64.0,-1.425,3.433233,91.44,34.59,617.5,first rest
2013-06-30 10:10:11.750,-9.444,-3.0,64.0,-37.625333,3.597164,91.45,34.59,617.75,first rest
2013-06-30 10:10:12.000,-9.375,-3.0,64.0,-4.03125,3.795675,91.45,34.61,618.0,first rest
2013-06-30 10:10:12.250,-9.25,-3.0,64.0,-21.676875,3.981379,91.43,34.61,618.25,first rest
2013-06-30 10:10:12.500,-9.125,-3.0,64.0,-16.01,4.078971,91.4,34.61,618.5,first rest
2013-06-30 10:10:12.750,-9.5,-3.0,64.0,9.22,4.183989,91.36,34.61,618.75,first rest
2013-06-30 10:10:13.000,-9.5,-3.0,64.0,-25.00875,4.198077,91.32,34.63,619.0,first rest
2013-06-30 10:10:13.250,-9.25,-3.0,64.0,-0.411333,4.189112,91.28,34.63,619.25,first rest
2013-06-30 10:10:13.500,-9.375,-3.0,64.0,-56.37375,4.183989,91.25,34.63,619.5,first rest
2013-06-30 10:10:13.750,-9.25,-3.0,64.0,11.336667,4.136603,91.23,34.63,619.75,first rest
2013-06-30 10:10:14.000,-9.625,-3.0,64.0,21.099375,4.070006,91.2,34.65,620.0,first rest
2013-06-30 10:10:14.250,-9.375,-3.0,64.0,-12.98875,3.989321,91.18,34.65,620.25,first rest
2013-06-30 10:10:14.500,-9.375,-3.0,64.0,54.092667,3.931689,91.15,34.65,620.5,first rest
2013-06-30 10:10:14.750,-9.25,-3.0,64.0,46.75375,3.871495,91.13,34.65,620.75,first rest
2013-06-30 10:10:15.000,-9.0,-3.0,64.0,34.498125,3.830512,91.1,34.66,621.0,first rest
2013-06-30 10:10:15.250,-9.375,-3.0,64.0,14.194667,3.788249,91.07,34.66,621.25,first rest
2013-06-30 10:10:15.500,-9.444,-3.0,64.0,-36.12875,3.77288,91.04,34.66,621.5,first rest
2013-06-30 10:10:15.750,-9.125,-3.0,64.0,2.598667,3.742143,91.01,34.66,621.75,first rest
2013-06-30 10:10:16.000,-9.25,-3.0,64.0,-16.33375,3.71909,90.98,34.68,622.0,first rest
2013-06-30 10:10:16.250,-9.25,-3.0,64.0,-12.326875,3.724213,90.95,34.68,622.25,first rest
2013-06-30 10:10:16.500,-9.25,-3.0,64.0,-2.207333,3.721652,90.93,34.68,622.5,first rest
2013-06-30 10:10:16.750,-9.125,-3.0,64.0,-43.08625,3.712687,90.9,34.68,622.75,first rest
2013-06-30 10:10:17.000,-9.125,-3.0,64.0,13.253125,3.703722,90.88,34.68,623.0,first rest
2013-06-30 10:10:17.250,-9.125,-3.0,64.0,-2.390667,3.693476,90.86,34.68,623.25,first rest
2013-06-30 10:10:17.500,-9.125,-3.0,64.0,3.34125,3.688353,90.84,34.68,623.5,first rest
2013-06-30 10:10:17.750,-9.625,-3.0,64.0,11.884667,3.676826,90.82,34.68,623.75,first rest
2013-06-30 10:10:18.000,-9.25,-3.0,64.0,-27.771875,3.666581,90.8,34.68,624.0,first rest
2013-06-30 10:10:18.250,-9.75,-3.0,64.0,26.16125,3.661458,90.78,34.68,624.25,first rest
2013-06-30 10:10:18.500,-9.75,-3.0,64.0,0.522667,3.649931,90.75,34.68,624.5,first rest
2013-06-30 10:10:18.750,-9.75,-3.0,64.0,-5.61375,3.651212,90.73,34.68,624.75,first rest
2013-06-30 10:10:19.000,-10.0,-3.0,64.0,26.90875,3.644809,90.7,34.73,625.0,first rest
2013-06-30 10:10:19.250,-10.0,-3.0,64.0,-19.567333,3.649931,90.67,34.73,625.25,first rest
2013-06-30 10:10:19.500,-10.0,-3.0,64.0,17.09,3.655054,90.65,34.73,625.5,first rest
2013-06-30 10:10:19.750,-10.125,-3.0,64.0,16.122,3.6653,90.62,34.73,625.75,first rest
2013-06-30 10:10:20.000,-11.375,-2.875,63.75,-31.64625,3.672984,90.6,34.73,626.0,first rest
2013-06-30 10:10:20.250,-12.125,-3.0,63.75,29.245,3.670423,90.58,34.73,626.25,first rest
2013-06-30 10:10:20.500,-12.125,-2.5,63.25,10.856,3.671704,90.56,34.73,626.5,first rest
2013-06-30 10:10:20.750,-12.125,-2.625,63.5,-29.164375,3.667861,90.54,34.73,626.75,first rest
2013-06-30 10:10:21.000,-12.0,-2.75,63.75,28.659375,3.660177,90.52,34.77,627.0,first rest
2013-06-30 10:10:21.250,-12.25,-2.75,63.5,3.808,3.667861,90.5,34.77,627.25,first rest
2013-06-30 10:10:21.500,-12.125,-2.5,63.75,-26.726875,3.660177,90.47,34.77,627.5,first rest
2013-06-30 10:10:21.750,-12.0,-2.75,63.625,25.741333,3.658896,90.45,34.77,627.75,first rest
2013-06-30 10:10:22.000,-12.0,-2.625,63.5,1.281875,3.652493,90.42,34.77,628.0,first rest
2013-06-30 10:10:22.250,-12.0,-2.625,63.625,-27.613125,3.646089,90.39,34.77,628.25,first rest
2013-06-30 10:10:22.500,-12.0,-2.875,63.75,25.736,3.646089,90.37,34.77,628.5,first rest
2013-06-30 10:10:22.750,-12.0,-3.0,63.75,3.761875,3.649931,90.34,34.77,628.75,first rest
2013-06-30 10:10:23.000,-12.0,-2.625,63.875,-29.123125,3.648651,90.32,34.77,629.0,first rest
2013-06-30 10:10:23.250,-11.778,-2.778,63.778,23.986,3.638405,90.3,34.77,629.25,first rest
2013-06-30 10:10:23.500,-11.875,-3.0,63.375,0.88125,3.638405,90.27,34.77,629.5,first rest
2013-06-30 10:10:23.750,-11.75,-3.0,63.75,-22.082667,3.634563,90.25,34.77,629.75,first rest
2013-06-30 10:10:24.000,-11.375,-3.0,64.0,25.880625,3.634563,90.22,34.79,630.0,first rest
2013-06-30 10:10:24.250,-11.375,-2.75,63.875,-0.4575,3.624317,90.19,34.79,630.25,first rest
2013-06-30 10:10:24.500,-11.0,-2.75,63.875,-26.045333,3.632001,90.17,34.79,630.5,first rest
2013-06-30 10:10:24.750,-10.375,-2.875,64.0,15.89625,3.630721,90.14,34.79,630.75,first rest
2013-06-30 10:10:25.000,-10.125,-3.0,64.0,-7.8975,3.640966,90.12,34.81,631.0,first rest
2013-06-30 10:10:25.250,-10.0,-3.0,64.0,-15.218,3.652493,90.1,34.81,631.25,first rest
2013-06-30 10:10:25.500,-10.0,-3.0,64.0,22.333125,3.698599,90.07,34.81,631.5,first rest
2013-06-30 10:10:25.750,-10.0,-3.0,64.0,-12.006,3.778003,90.05,34.81,631.75,first rest
2013-06-30 10:10:26.000,-10.0,-3.0,64.0,-15.12,3.877899,90.02,34.83,632.0,first rest
2013-06-30 10:10:26.250,-10.0,-3.0,64.0,22.331875,3.954741,89.99,34.83,632.25,first rest
2013-06-30 10:10:26.500,-10.0,-3.0,64.0,-5.188,3.986759,89.96,34.83,632.5,first rest
2013-06-30 10:10:26.750,-10.0,-3.0,64.0,-14.561875,4.000847,89.93,34.83,632.75,first rest
2013-06-30 10:10:27.000,-10.0,-3.0,64.0,22.361875,4.000847,89.9,34.83,633.0,first rest
2013-06-30 10:10:27.250,-10.0,-3.0,64.0,-5.167333,3.979075,89.87,34.83,633.25,first rest
2013-06-30 10:10:27.500,-10.0,-3.0,64.0,-15.145625,3.975233,89.84,34.83,633.5,first rest
2013-06-30 10:10:27.750,-10.0,-3.0,64.0,14.07,3.945776,89.8,34.83,633.75,first rest
2013-06-30 10:10:28.000,-10.0,-3.0,64.0,-8.799375,3.913759,89.77,34.83,634.0,first rest
2013-06-30 10:10:28.250,-10.0,-3.0,64.0,-15.434375,3.883021,89.73,34.83,634.25,first rest
2013-06-30 10:10:28.500,-10.0,-3.0,64.0,13.332667,3.852284,89.69,34.83,634.5,first rest
2013-06-30 10:10:28.750,-10.0,-3.0,64.0,3.533125,3.839477,89.65,34.83,634.75,first rest
2013-06-30 10:10:29.000,-10.0,-3.0,64.0,14.16875,3.815144,89.6,34.84,635.0,first rest
2013-06-30 10:10:29.250,-10.0,-3.0,64.0,10.126,3.795933,89.55,34.84,635.25,first rest
2013-06-30 10:10:29.500,-10.0,-3.0,64.0,-25.668125,3.774161,89.5,34.84,635.5,first rest
2013-06-30 10:10:29.750,-10.0,-3.0,64.0,12.870667,3.766476,89.44,34.84,635.75,first rest
2013-06-30 10:10:30.000,-10.0,-3.0,64.0,8.460625,3.753669,89.38,34.87,636.0,first rest
2013-06-30 10:10:30.250,-10.0,-3.0,64.0,-18.438125,3.744704,89.32,34.87,636.25,first rest
2013-06-30 10:10:30.500,-10.0,-3.0,64.0,22.579333,3.739581,89.25,34.87,636.5,first rest
2013-06-30 10:10:30.750,-10.0,-3.0,64.0,8.68625,3.749827,89.19,34.87,636.75,first rest
2013-06-30 10:10:31.000,-10.0,-3.0,64.0,-9.235625,3.745985,89.12,34.89,637.0,first rest
2013-06-30 10:10:31.250,-10.0,-3.0,64.0,18.729333,3.740862,89.05,34.89,637.25,first rest
2013-06-30 10:10:31.500,-10.0,-3.0,64.0,-1.0925,3.730617,88.98,34.89,637.5,first rest
2013-06-30 10:10:31.750,-10.0,-3.0,64.0,-24.088667,3.731897,88.9,34.89,637.75,first rest
2013-06-30 10:10:32.000,-10.0,-3.0,64.0,11.256875,3.729336,88.83,34.93,638.0,first rest
2013-06-30 10:10:32.250,-10.0,-3.0,64.0,-9.01,3.71909,88.76,34.93,638.25,first rest
2013-06-30 10:10:32.500,-10.0,-3.0,64.0,-30.718,3.720371,88.68,34.93,638.5,first rest
2013-06-30 10:10:32.750,-10.0,-3.0,64.0,13.325625,3.717809,88.61,34.93,638.75,first rest
2013-06-30 10:10:33.000,-10.0,-3.0,64.0,0.434375,3.715248,88.53,34.95,639.0,first rest
2013-06-30 10:10:33.250,-10.0,-3.0,64.0,-6.494667,3.721652,88.45,34.95,639.25,first rest
2013-06-30 10:10:33.500,-10.0,-3.0,64.0,19.843125,3.725494,88.38,34.95,639.5,first rest
2013-06-30 10:10:33.750,-10.0,-3.0,64.0,-8.204667,3.728055,88.3,34.95,639.75,first rest
2013-06-30 10:10:34.000,-10.0,-3.0,64.0,-9.969375,3.724213,88.22,34.95,640.0,first rest
2013-06-30 10:10:34.250,-10.0,-3.0,64.0,19.118125,3.717809,88.14,34.95,640.25,first rest
2013-06-30 10:10:34.500,-10.0,-3.0,64.0,-10.010667,3.715248,88.06,34.95,640.5,first rest
2013-06-30 10:10:34.750,-10.0,-3.0,64.0,-13.7075,3.717809,87.98,34.95,640.75,first rest
2013-06-30 10:10:35.000,-9.778,-3.0,64.0,6.645,3.711406,87.9,34.95,641.0,first rest
2013-06-30 10:10:35.250,-10.25,-2.875,64.0,-21.828667,3.710125,87.83,34.95,641.25,first rest
2013-06-30 10:10:35.500,-10.625,-3.0,64.0,3.430625,3.711406,87.77,34.95,641.5,first rest
2013-06-30 10:10:35.750,-11.0,-3.0,64.0,17.730667,3.706283,87.71,34.95,641.75,first rest
2013-06-30 10:10:36.000,-11.0,-3.0,64.0,-9.538125,3.705002,87.65,34.95,642.0,first rest
2013-06-30 10:10:36.250,-10.875,-3.0,64.0,-14.586875,3.70116,87.59,34.95,642.25,first rest
2013-06-30 10:10:36.500,-11.0,-3.0,64.0,20.065333,3.705002,87.53,34.95,642.5,first rest
2013-06-30 10:10:36.750,-10.875,-2.875,64.0,-3.194375,3.694757,87.48,34.95,642.75,first rest
2013-06-30 10:10:37.000,-10.75,-3.0,64.0,0.96625,3.693476,87.42,34.95,643.0,first rest
2013-06-30 10:10:37.250,-10.75,-3.0,63.875,19.243333,3.689634,87.37,34.95,643.25,first rest
2013-06-30 10:10:37.500,-10.625,-3.0,64.0,-18.656875,3.694757,87.32,34.95,643.5,first rest
2013-06-30 10:10:37.750,-10.375,-3.0,64.0,4.932667,3.690914,87.27,34.95,643.75,first rest
2013-06-30 10:10:38.000,-10.0,-3.0,64.0,17.056875,3.689634,87.22,34.93,644.0,first rest
2013-06-30 10:10:38.250,-10.0,-3.0,64.0,-23.269375,3.679388,87.17,34.93,644.25,first rest
2013-06-30 10:10:38.500,-10.0,-3.0,64.0,4.760667,3.681949,87.13,34.93,644.5,first rest
2013-06-30 10:10:38.750,-10.0,-3.0,64.0,12.575,3.679388,87.09,34.93,644.75,first rest
2013-06-30 10:10:39.000,-10.0,-3.0,64.0,-23.19875,3.671704,87.05,34.95,645.0,first rest
2013-06-30 10:10:39.250,-10.0,-3.0,64.0,14.546667,3.670423,87.02,34.95,645.25,first rest
2013-06-30 10:10:39.500,-10.0,-3.0,64.0,9.881875,3.667861,86.98,34.95,645.5,first rest
2013-06-30 10:10:39.750,-10.0,-3.0,64.0,-27.839333,3.670423,86.96,34.95,645.75,first rest
2013-06-30 10:10:40.000,-10.0,-3.0,64.0,15.805625,3.6653,86.93,34.95,646.0,first rest
2013-06-30 10:10:40.250,-10.0,-3.0,64.0,12.719375,3.662739,86.91,34.95,646.25,first rest
2013-06-30 10:10:40.500,-9.875,-3.0,64.0,-36.606,3.666581,86.89,34.95,646.5,first rest
2013-06-30 10:10:40.750,-10.0,-3.0,64.0,3.84625,3.6653,86.87,34.95,646.75,first rest
2013-06-30 10:10:41.000,-10.0,-3.0,64.0,3.744375,3.661458,86.85,34.93,647.0,first rest
2013-06-30 10:10:41.250,-10.0,-3.0,64.0,-15.874,3.664019,86.83,34.93,647.25,first rest
2013-06-30 10:10:41.500,-10.0,-3.0,64.0,21.0725,3.670423,86.82,34.93,647.5,first rest
2013-06-30 10:10:41.750,-10.0,-3.0,64.0,11.032667,3.685791,86.81,34.93,647.75,first rest
2013-06-30 10:10:42.000,-10.0,-3.0,64.0,6.1425,3.713967,86.8,34.95,648.0,first rest
2013-06-30 10:10:42.250,-9.625,-3.0,64.0,0.30625,3.738301,86.8,34.95,648.25,first rest
2013-06-30 10:10:42.500,-10.0,-3.0,64.0,-70.326667,3.738301,86.79,34.95,648.5,first rest
2013-06-30 10:10:42.750,-9.889,-3.0,64.0,-132.398125,3.742143,86.8,34.95,648.75,first rest
2013-06-30 10:10:43.000,-10.0,-3.0,64.0,-103.55375,3.733178,86.8,34.93,649.0,first rest
2013-06-30 10:10:43.250,-9.875,-3.0,64.0,36.292667,3.728055,86.8,34.93,649.25,first rest
2013-06-30 10:10:43.500,-10.0,-3.0,64.0,101.988125,3.716529,86.81,34.93,649.5,first rest
2013-06-30 10:10:43.750,-10.0,-3.0,64.0,24.923333,3.706283,86.81,34.93,649.75,first rest
2013-06-30 10:10:44.000,-10.0,-2.875,64.0,-22.00125,3.694757,86.8,34.91,650.0,first rest
2013-06-30 10:10:44.250,-9.875,-3.0,64.0,106.960625,3.68323,86.79,34.91,650.25,first rest
2013-06-30 10:10:44.500,-10.0,-3.0,64.0,84.546667,3.68323,86.77,34.91,650.5,first rest
2013-06-30 10:10:44.750,-10.0,-3.0,64.0,-14.37625,3.6653,86.77,34.91,650.75,first rest
2013-06-30 10:10:45.000,-10.0,-3.0,64.0,73.768125,3.661458,86.78,34.91,651.0,first rest
2013-06-30 10:10:45.250,-10.0,-3.0,64.0,64.234667,3.655054,86.81,34.91,651.25,first rest
2013-06-30 10:10:45.500,-10.0,-3.0,64.0,-22.646875,3.6653,86.86,34.91,651.5,first rest
2013-06-30 10:10:45.750,-10.0,-3.0,64.0,9.659333,3.664019,86.9,34.91,651.75,first rest
2013-06-30 10:10:46.000,-10.125,-3.0,64.0,32.883125,3.661458,86.95,34.93,652.0,first rest
2013-06-30 10:10:46.250,-10.0,-3.0,64.0,4.120625,3.6653,86.98,34.93,652.25,first rest
2013-06-30 10:10:46.500,-10.0,-3.0,64.0,-28.923333,3.666581,87.01,34.93,652.5,first rest
2013-06-30 10:10:46.750,-10.25,-3.0,64.0,45.889375,3.656335,87.03,34.93,652.75,first rest
2013-06-30 10:10:47.000,-10.0,-3.0,64.0,23.92375,3.658896,87.05,34.93,653.0,first rest
2013-06-30 10:10:47.250,-10.25,-3.0,64.0,-40.064,3.646089,87.07,34.93,653.25,first rest
2013-06-30 10:10:47.500,-10.125,-2.875,64.0,-44.613125,3.648651,87.09,34.93,653.5,first rest
2013-06-30 10:10:47.750,-10.0,-3.0,64.0,-21.743333,3.640966,87.11,34.93,653.75,first rest
2013-06-30 10:10:48.000,-10.125,-3.0,63.875,-8.276875,3.634563,87.13,34.91,654.0,first rest
2013-06-30 10:10:48.250,-10.25,-3.0,64.0,-32.395625,3.628159,87.14,34.91,654.25,first rest
2013-06-30 10:10:48.500,-10.25,-3.0,64.0,-4.461333,3.630721,87.14,34.91,654.5,first rest
2013-06-30 10:10:48.750,-10.125,-3.0,64.0,-3.278125,3.628159,87.14,34.91,654.75,first rest
2013-06-30 10:10:49.000,-10.25,-3.0,64.0,-26.646875,3.619194,87.13,34.91,655.0,first rest
2013-06-30 10:10:49.250,-10.375,-3.0,64.0,-1.266,3.616633,87.12,34.91,655.25,first rest
2013-06-30 10:10:49.500,-10.875,-3.0,64.0,-5.289375,3.61151,87.1,34.91,655.5,first rest
2013-06-30 10:10:49.750,-10.625,-3.0,64.0,-31.376,3.610229,87.09,34.91,655.75,first rest
2013-06-30 10:10:50.000,-10.75,-3.0,64.0,1.30375,3.603826,87.07,34.95,656.0,first rest
2013-06-30 10:10:50.250,-10.625,-3.0,64.0,-6.189375,3.601264,87.06,34.95,656.25,first rest
2013-06-30 10:10:50.500,-10.556,-3.0,64.0,-24.518,3.594861,87.04,34.95,656.5,first rest
2013-06-30 10:10:50.750,-10.625,-3.0,64.0,7.29875,3.589738,87.03,34.95,656.75,first rest
2013-06-30 10:10:51.000,-10.5,-3.0,64.0,-7.420625,3.588457,87.02,34.93,657.0,first rest
2013-06-30 10:10:51.250,-10.375,-3.0,64.0,-9.16,3.591019,87.01,34.93,657.25,first rest
2013-06-30 10:10:51.500,-10.375,-3.0,64.0,15.09875,3.597422,87.0,34.93,657.5,first rest
2013-06-30 10:10:51.750,-10.75,-3.0,64.0,-16.949333,3.619194,86.99,34.93,657.75,first rest
2013-06-30 10:10:52.000,-10.75,-3.0,64.0,3.24,3.648651,86.97,34.95,658.0,first rest
2013-06-30 10:10:52.250,-10.875,-3.0,64.0,13.92,3.681949,86.95,34.95,658.25,first rest
2013-06-30 10:10:52.500,-11.0,-3.0,63.875,-26.335333,3.705002,86.93,34.95,658.5,first rest
2013-06-30 10:10:52.750,-11.125,-3.0,63.875,18.99125,3.720371,86.9,34.95,658.75,first rest
2013-06-30 10:10:53.000,-11.0,-3.0,64.0,11.151875,3.725494,86.88,34.99,659.0,first rest
2013-06-30 10:10:53.250,-11.0,-3.0,64.0,-25.040667,3.722932,86.85,34.99,659.25,first rest
2013-06-30 10:10:53.500,-11.0,-3.0,64.0,23.71625,3.717809,86.83,34.99,659.5,first rest
2013-06-30 10:10:53.750,-11.0,-3.0,64.0,11.330667,3.707564,86.8,34.99,659.75,first rest
2013-06-30 10:10:54.000,-11.0,-3.0,63.875,-22.015625,3.690914,86.78,34.97,660.0,first rest
2013-06-30 10:10:54.250,-11.0,-3.0,64.0,22.95125,3.676826,86.76,34.97,660.25,first rest
2013-06-30 10:10:54.500,-11.0,-3.0,64.0,14.528667,3.6653,86.73,34.97,660.5,first rest
2013-06-30 10:10:54.750,-11.0,-3.0,64.0,-26.55875,3.653774,86.71,34.97,660.75,first rest
2013-06-30 10:10:55.000,-11.0,-3.0,64.0,21.656875,3.640966,86.68,35.0,661.0,first rest
2013-06-30 10:10:55.250,-10.875,-3.0,63.875,16.93,3.624317,86.65,35.0,661.25,first rest
2013-06-30 10:10:55.500,-11.0,-3.0,64.0,-27.36875,3.619194,86.63,35.0,661.5,first rest
2013-06-30 10:10:55.750,-11.0,-3.0,64.0,18.847333,3.620475,86.6,35.0,661.75,first rest
2013-06-30 10:10:56.000,-11.0,-3.0,64.0,16.13375,3.608949,86.57,35.0,662.0,first rest
2013-06-30 10:10:56.250,-10.875,-3.0,64.0,-29.53375,3.605107,86.54,35.0,662.25,first rest
2013-06-30 10:10:56.500,-11.0,-3.0,64.0,14.025333,3.606387,86.51,35.0,662.5,first rest
2013-06-30 10:10:56.750,-10.75,-3.0,64.0,15.5275,3.601264,86.48,35.0,662.75,first rest
2013-06-30 10:10:57.000,-10.625,-3.0,64.0,-13.235625,3.605107,86.45,35.03,663.0,first rest
2013-06-30 10:10:57.250,-11.0,-3.0,64.0,24.397333,3.599984,86.42,35.03,663.25,first rest
2013-06-30 10:10:57.500,-10.5,-3.0,64.0,15.671875,3.605107,86.39,35.03,663.5,first rest
2013-06-30 10:10:57.750,-10.5,-3.0,64.0,-8.853333,3.597422,86.35,35.03,663.75,first rest
2013-06-30 10:10:58.000,-10.625,-3.0,64.0,-1.911875,3.589738,86.32,35.03,664.0,first rest
2013-06-30 10:10:58.250,-10.556,-3.0,64.0,-36.401875,3.584615,86.29,35.03,664.25,first rest
2013-06-30 10:10:58.500,-10.75,-3.0,64.0,-37.615333,3.582054,86.26,35.03,664.5,first rest
2013-06-30 10:10:58.750,-10.75,-3.0,64.0,11.946875,3.573089,86.23,35.03,664.75,first rest
2013-06-30 10:10:59.000,-10.625,-3.0,64.0,-25.715,3.567966,86.2,35.05,665.0,first rest
2013-06-30 10:10:59.250,-10.625,-3.0,64.0,16.158667,3.564124,86.18,35.05,665.25,first rest
2013-06-30 10:10:59.500,-10.75,-3.0,64.0,10.574375,3.55772,86.16,35.05,665.5,first rest
2013-06-30 10:10:59.750,-10.375,-3.0,64.0,-38.482,3.55772,86.14,35.05,665.75,first rest
2013-06-30 10:11:00.000,-10.75,-3.0,64.0,29.773125,3.551316,86.12,35.07,666.0,first rest
2013-06-30 10:11:00.250,-10.75,-3.0,64.0,13.953125,3.550036,86.1,35.07,666.25,first rest
2013-06-30 10:11:00.500,-10.375,-3.0,64.0,-0.186,3.546194,86.07,35.07,666.5,first rest
2013-06-30 10:11:00.750,-10.125,-3.0,64.0,31.1325,3.548755,86.05,35.07,666.75,first rest
2013-06-30 10:11:01.000,-10.375,-3.0,64.0,-9.788125,3.542351,86.03,35.09,667.0,first rest
2013-06-30 10:11:01.250,-10.625,-3.0,64.0,9.274,3.541071,86.01,35.09,667.25,first rest
2013-06-30 10:11:01.500,-10.625,-3.0,64.0,24.409375,3.537229,86.0,35.09,667.5,first rest
2013-06-30 10:11:01.750,-10.5,-3.0,64.0,-20.467333,3.537229,85.99,35.09,667.75,first rest
2013-06-30 10:11:02.000,-10.556,-3.0,64.0,29.018125,3.524421,85.97,35.09,668.0,first rest
2013-06-30 10:11:02.250,-10.25,-3.0,64.0,17.03125,3.525702,85.95,35.09,668.25,first rest
2013-06-30 10:11:02.500,-10.5,-3.0,64.0,-40.2,3.518018,85.93,35.09,668.5,first rest
2013-06-30 10:11:02.750,-10.625,-3.0,64.0,16.436875,3.52186,85.9,35.09,668.75,first rest
2013-06-30 10:11:03.000,-10.5,-3.0,64.0,9.99125,3.512895,85.88,35.13,669.0,first rest
2013-06-30 10:11:03.250,-10.625,-3.0,64.0,-34.725333,3.506491,85.86,35.13,669.25,first rest
2013-06-30 10:11:03.500,-10.375,-3.0,64.0,16.270625,3.506491,85.84,35.13,669.5,first rest
2013-06-30 10:11:03.750,-10.375,-3.0,64.0,12.019333,3.501369,85.82,35.13,669.75,first rest
2013-06-30 10:11:04.000,-10.625,-3.0,64.0,-34.826875,3.50393,85.8,35.13,670.0,first rest
2013-06-30 10:11:04.250,-10.375,-3.0,64.0,9.068125,3.494965,85.78,35.13,670.25,first rest
2013-06-30 10:11:04.500,-10.5,-3.0,64.0,5.874,3.502649,85.76,35.13,670.5,first rest
2013-06-30 10:11:04.750,-10.125,-3.0,64.0,-16.605625,3.486,85.74,35.13,670.75,first rest
2013-06-30 10:11:05.000,-10.375,-3.0,64.0,18.705,3.484719,85.72,35.16,671.0,first rest
2013-06-30 10:11:05.250,-10.125,-3.0,64.0,-5.885333,3.478316,85.7,35.16,671.25,first rest
2013-06-30 10:11:05.500,-10.5,-3.0,63.875,-31.27,3.474474,85.68,35.16,671.5,first rest
2013-06-30 10:11:05.750,-10.5,-3.0,64.0,17.970667,3.465509,85.67,35.16,671.75,first rest
2013-06-30 10:11:06.000,-10.556,-3.0,64.0,-1.26875,3.461667,85.65,35.16,672.0,first rest
2013-06-30 10:11:06.250,-10.75,-3.0,64.0,-21.614375,3.462947,85.63,35.16,672.25,first rest
2013-06-30 10:11:06.500,-10.375,-3.0,64.0,19.477333,3.46807,85.61,35.16,672.5,first rest
2013-06-30 10:11:06.750,-10.75,-3.0,64.0,-9.73875,3.464228,85.6,35.16,672.75,first rest
2013-06-30 10:11:07.000,-10.625,-3.0,64.0,-26.644375,3.465509,85.58,35.16,673.0,first rest
2013-06-30 10:11:07.250,-10.75,-3.0,64.0,19.693333,3.461667,85.57,35.16,673.25,first rest
2013-06-30 10:11:07.500,-10.625,-3.0,64.0,-10.404375,3.462947,85.56,35.16,673.5,first rest
2013-06-30 10:11:07.750,-10.875,-3.0,64.0,-4.265333,3.459105,85.55,35.16,673.75,first rest
2013-06-30 10:11:08.000,-10.625,-3.0,64.0,21.25375,3.451421,85.55,35.18,674.0,first rest
2013-06-30 10:11:08.250,-10.625,-3.0,64.0,-36.461875,3.446298,85.55,35.18,674.25,first rest
2013-06-30 10:11:08.500,-10.625,-3.0,64.0,11.858,3.452444,85.54,35.18,674.5,first rest
2013-06-30 10:11:08.750,-10.625,-3.0,64.0,0.4175,3.447321,85.54,35.18,674.75,first rest
2013-06-30 10:11:09.000,-10.625,-3.0,64.0,-29.766875,3.439636,85.53,35.23,675.0,first rest
2013-06-30 10:11:09.250,-11.0,-3.0,64.0,30.990667,3.438356,85.51,35.23,675.25,first rest
2013-06-30 10:11:09.500,-10.375,-3.0,64.0,-3.09,3.431952,85.49,35.23,675.5,first rest
2013-06-30 10:11:09.750,-10.778,-3.0,64.0,1.015333,3.434514,85.47,35.23,675.75,first rest
2013-06-30 10:11:10.000,-10.75,-3.0,64.0,24.45,3.433233,85.45,35.25,676.0,first rest
2013-06-30 10:11:10.250,-10.875,-3.0,64.0,-22.261875,3.431952,85.43,35.25,676.25,first rest
2013-06-30 10:11:10.500,-10.875,-3.0,64.0,26.47,3.426829,85.41,35.25,676.5,first rest
2013-06-30 10:11:10.750,-10.5,-3.0,64.0,10.60375,3.424268,85.39,35.25,676.75,first rest
2013-06-30 10:11:11.000,-10.75,-3.0,64.0,1.61,3.419145,85.37,35.23,677.0,first rest
2013-06-30 10:11:11.250,-10.625,-3.0,64.0,18.833333,3.422987,85.35,35.23,677.25,first rest
2013-06-30 10:11:11.500,-10.375,-3.0,64.0,-32.643125,3.412741,85.33,35.23,677.5,first rest
2013-06-30 10:11:11.750,-10.75,-3.0,64.0,18.090667,3.415303,85.32,35.23,677.75,first rest
2013-06-30 10:11:12.000,-10.5,-3.0,64.0,21.50125,3.419145,85.32,35.23,678.0,first rest
2013-06-30 10:11:12.250,-10.75,-3.0,64.0,-11.363125,3.420426,85.34,35.23,678.25,first rest
2013-06-30 10:11:12.500,-11.0,-3.0,64.0,37.902,3.431952,85.36,35.23,678.5,first rest
2013-06-30 10:11:12.750,-10.875,-3.0,64.0,1.155,3.42811,85.4,35.23,678.75,first rest
2013-06-30 10:11:13.000,-10.75,-3.0,64.0,-36.625625,3.434514,85.43,35.21,679.0,first rest
2013-06-30 10:11:13.250,-10.75,-3.0,64.0,-55.189333,3.435794,85.46,35.21,679.25,first rest
2013-06-30 10:11:13.500,-10.75,-3.0,64.0,21.408125,3.433233,85.48,35.21,679.5,first rest
2013-06-30 10:11:13.750,-10.889,-3.0,64.0,45.020667,3.431952,85.5,35.21,679.75,first rest
2013-06-30 10:11:14.000,-10.75,-3.0,63.875,4.6875,3.430671,85.52,35.25,680.0,first rest
2013-06-30 10:11:14.250,-11.0,-3.0,64.0,-10.72,3.420426,85.54,35.25,680.25,first rest
2013-06-30 10:11:14.500,-10.625,-3.0,64.0,8.698,3.415303,85.56,35.25,680.5,first rest
2013-06-30 10:11:14.750,-10.5,-3.0,64.0,-29.56625,3.408899,85.58,35.25,680.75,first rest
2013-06-30 10:11:15.000,-11.0,-3.0,64.0,13.88625,3.401215,85.6,35.25,681.0,first rest
2013-06-30 10:11:15.250,-10.875,-3.0,64.0,5.724,3.39225,85.62,35.25,681.25,first rest
2013-06-30 10:11:15.500,-10.75,-3.0,64.0,-29.22375,3.384566,85.63,35.25,681.5,first rest
2013-06-30 10:11:15.750,-10.875,-3.0,64.0,16.156667,3.379443,85.65,35.25,681.75,first rest
2013-06-30 10:11:16.000,-10.625,-3.0,64.0,-5.00125,3.375601,85.67,35.27,682.0,first rest
2013-06-30 10:11:16.250,-11.0,-3.0,64.0,-18.275,3.367916,85.69,35.27,682.25,first rest
2013-06-30 10:11:16.500,-10.5,-3.0,64.0,12.090667,3.362793,85.71,35.27,682.5,first rest
2013-06-30 10:11:16.750,-10.75,-3.0,64.0,-20.608125,3.361513,85.73,35.27,682.75,first rest
2013-06-30 10:11:17.000,-10.75,-3.0,64.0,24.310625,3.353828,85.75,35.29,683.0,first rest
2013-06-30 10:11:17.250,-10.875,-3.0,64.0,13.224667,3.352548,85.77,35.29,683.25,first rest
2013-06-30 10:11:17.500,-10.778,-3.0,64.0,-14.893125,3.344864,85.79,35.29,683.5,first rest
2013-06-30 10:11:17.750,-10.5,-3.0,64.0,24.074667,3.346144,85.8,35.29,683.75,first rest
2013-06-30 10:11:18.000,-10.625,-3.0,64.0,-14.110625,3.339741,85.82,35.29,684.0,first rest
2013-06-30 10:11:18.250,-11.0,-3.0,64.0,1.975,3.33846,85.84,35.29,684.25,first rest
2013-06-30 10:11:18.500,-10.5,-3.0,64.0,13.015333,3.334618,85.86,35.29,684.5,first rest
2013-06-30 10:11:18.750,-11.0,-3.0,64.0,-26.9625,3.335899,85.88,35.29,684.75,first rest
2013-06-30 10:11:19.000,-10.625,-3.0,64.0,17.761875,3.333337,85.9,35.29,685.0,first rest
2013-06-30 10:11:19.250,-10.625,-3.0,64.0,7.659333,3.323092,85.92,35.29,685.25,first rest
2013-06-30 10:11:19.500,-10.75,-3.0,64.0,-26.360625,3.324372,85.94,35.29,685.5,first rest
2013-06-30 10:11:19.750,-10.375,-3.0,64.0,19.35,3.321811,85.96,35.29,685.75,first rest
2013-06-30 10:11:20.000,-10.875,-3.0,64.0,1.163125,3.316688,85.98,35.27,686.0,first rest
2013-06-30 10:11:20.250,-10.375,-3.0,64.0,-4.401875,3.306442,86.0,35.27,686.25,first rest
2013-06-30 10:11:20.500,-10.75,-3.0,64.0,10.088667,3.306442,86.02,35.27,686.5,first rest
2013-06-30 10:11:20.750,-10.75,-3.0,64.0,-27.90875,3.297477,86.05,35.27,686.75,first rest
2013-06-30 10:11:21.000,-10.75,-3.0,64.0,14.67125,3.298758,86.07,35.31,687.0,first rest
2013-06-30 10:11:21.250,-10.5,-3.0,64.0,2.452667,3.285951,86.09,35.31,687.25,first rest
2013-06-30 10:11:21.500,-10.778,-3.0,64.0,-23.246875,3.287231,86.11,35.31,687.5,first rest
2013-06-30 10:11:21.750,-10.625,-3.0,64.0,22.024667,3.278266,86.13,35.31,687.75,first rest
2013-06-30 10:11:22.000,-10.75,-3.0,64.0,-8.31,3.270582,86.15,35.31,688.0,first rest
2013-06-30 10:11:22.250,-11.0,-3.0,64.0,1.088125,3.265459,86.17,35.31,688.25,first rest
2013-06-30 10:11:22.500,-11.0,-3.0,64.0,17.264667,3.261617,86.19,35.31,688.5,first rest
2013-06-30 10:11:22.750,-10.75,-3.0,64.0,-16.8225,3.262898,86.21,35.31,688.75,first rest
2013-06-30 10:11:23.000,-11.0,-3.0,64.0,23.241875,3.250091,86.23,35.33,689.0,first rest
2013-06-30 10:11:23.250,-10.875,-3.0,64.0,2.078,3.252652,86.25,35.33,689.25,first rest
2013-06-30 10:11:23.500,-11.0,-3.0,64.0,-19.164375,3.243687,86.28,35.33,689.5,first rest
2013-06-30 10:11:23.750,-10.875,-3.0,64.0,20.24,3.236003,86.3,35.33,689.75,first rest
2013-06-30 10:11:24.000,-10.875,-3.0,64.0,-5.135625,3.23088,86.33,35.33,690.0,first rest
2013-06-30 10:11:24.250,-10.75,-3.0,64.0,-2.611875,3.228318,86.36,35.33,690.25,first rest
2013-06-30 10:11:24.500,-10.5,-3.0,64.0,15.146,3.229599,86.38,35.33,690.5,first rest
2013-06-30 10:11:24.750,-10.75,-3.0,64.0,-15.94375,3.225757,86.41,35.33,690.75,first rest
2013-06-30 10:11:25.000,-10.875,-3.0,64.0,4.55875,3.216792,86.43,35.33,691.0,first rest
2013-06-30 10:11:25.250,-10.556,-3.0,64.0,10.007333,3.214231,86.45,35.33,691.25,first rest
2013-06-30 10:11:25.500,-11.0,-3.0,64.0,-22.76875,3.206546,86.48,35.33,691.5,first rest
2013-06-30 10:11:25.750,-11.0,-3.0,64.0,12.435333,3.202704,86.5,35.33,691.75,first rest
2013-06-30 10:11:26.000,-11.0,-3.0,64.0,4.13125,3.197582,86.53,35.37,692.0,first rest
2013-06-30 10:11:26.250,-11.0,-3.0,64.0,-15.833125,3.180932,86.56,35.37,692.25,first rest
2013-06-30 10:11:26.500,-11.0,-3.0,64.0,13.294,3.182213,86.59,35.37,692.5,first rest
2013-06-30 10:11:26.750,-11.0,-3.0,63.875,-10.0775,3.174529,86.62,35.37,692.75,first rest
2013-06-30 10:11:27.000,-11.0,-3.0,64.0,-23.445625,3.168125,86.65,35.39,693.0,first rest
2013-06-30 10:11:27.250,-11.0,-3.0,64.0,11.675333,3.164283,86.68,35.39,693.25,first rest
2013-06-30 10:11:27.500,-11.0,-3.0,64.0,-8.48875,3.163002,86.71,35.39,693.5,first rest
2013-06-30 10:11:27.750,-11.0,-2.875,64.0,-17.202667,3.152756,86.74,35.39,693.75,first rest
2013-06-30 10:11:28.000,-11.0,-3.0,64.0,14.591875,3.155318,86.78,35.37,694.0,first rest
2013-06-30 10:11:28.250,-11.125,-3.0,63.875,-12.715,3.146353,86.82,35.37,694.25,first rest
2013-06-30 10:11:28.500,-11.0,-3.0,63.875,2.802667,3.146353,86.86,35.37,694.5,first rest
2013-06-30 10:11:28.750,-11.375,-3.0,63.875,16.963125,3.145072,86.9,35.37,694.75,first rest
2013-06-30 10:11:29.000,-11.875,-3.0,63.875,-15.430625,3.14123,86.95,35.41,695.0,first rest
2013-06-30 10:11:29.250,-12.0,-3.0,63.778,22.523333,3.133546,87.0,35.41,695.25,first rest
2013-06-30 10:11:29.500,-12.25,-3.0,63.875,2.220625,3.132265,87.05,35.41,695.5,first rest
2013-06-30 10:11:29.750,-12.5,-3.0,63.375,-34.6,3.130984,87.1,35.41,695.75,first rest
2013-06-30 10:11:30.000,-12.375,-3.0,63.5,23.7575,3.1233,87.15,35.41,696.0,first rest
2013-06-30 10:11:30.250,-12.625,-3.0,63.375,2.403125,3.116896,87.2,35.41,696.25,first rest
2013-06-30 10:11:30.500,-12.25,-3.0,63.625,-11.670667,3.111773,87.26,35.41,696.5,first rest
2013-06-30 10:11:30.750,-12.5,-3.0,63.25,20.103125,3.110493,87.31,35.41,696.75,first rest
2013-06-30 10:11:31.000,-12.375,-3.0,63.75,-17.118125,3.109212,87.37,35.41,697.0,first rest
2013-06-30 10:11:31.250,-12.0,-2.875,63.75,7.921333,3.104089,87.43,35.41,697.25,first rest
2013-06-30 10:11:31.500,-12.0,-3.0,63.875,17.728125,3.096405,87.48,35.41,697.5,first rest
2013-06-30 10:11:31.750,-12.0,-3.0,63.625,-17.381333,3.097686,87.54,35.41,697.75,first rest
2013-06-30 10:11:32.000,-12.25,-3.0,63.125,21.82,3.084879,87.6,35.43,698.0,first rest
2013-06-30 10:11:32.250,-12.0,-3.0,63.625,-9.3325,3.086159,87.66,35.43,698.25,first rest
2013-06-30 10:11:32.500,-12.0,-3.0,63.875,-20.398,3.075914,87.72,35.43,698.5,first rest
2013-06-30 10:11:32.750,-12.0,-3.0,63.875,15.16875,3.073352,87.79,35.43,698.75,first rest
2013-06-30 10:11:33.000,-12.0,-3.0,63.889,-16.82625,3.066949,87.85,35.45,699.0,first rest
2013-06-30 10:11:33.250,-12.0,-3.0,63.75,15.752,3.052861,87.92,35.45,699.25,first rest
2013-06-30 10:11:33.500,-12.0,-3.0,63.75,12.096875,3.050299,87.98,35.45,699.5,first rest
2013-06-30 10:11:33.750,-12.0,-3.0,63.625,-26.801333,3.050299,88.05,35.45,699.75,first rest
2013-06-30 10:11:34.000,-12.125,-3.0,63.625,24.215,3.038773,88.12,35.47,700.0,first rest
2013-06-30 10:11:34.250,-12.0,-3.0,63.5,5.010625,3.03365,88.19,35.47,700.25,first rest
2013-06-30 10:11:34.500,-12.0,-3.0,63.625,-11.428,3.027246,88.25,35.47,700.5,first rest
2013-06-30 10:11:34.750,-12.0,-3.0,63.75,10.95125,3.024685,88.32,35.47,700.75,first rest
2013-06-30 10:11:35.000,-12.0,-3.0,63.75,-30.739375,3.019562,88.38,35.47,701.0,first rest
2013-06-30 10:11:35.250,-12.0,-3.0,63.625,-14.948667,3.005474,88.44,35.47,701.25,first rest
2013-06-30 10:11:35.500,-12.0,-3.0,63.875,36.43875,3.009316,88.5,35.47,701.5,first rest
2013-06-30 10:11:35.750,-12.0,-3.0,63.875,5.376667,3.006755,88.56,35.47,701.75,first rest
2013-06-30 10:11:36.000,-12.0,-2.875,63.875,-17.4375,3.004194,88.62,35.49,702.0,first rest
2013-06-30 10:11:36.250,-12.0,-3.0,63.625,19.563125,2.99779,88.68,35.49,702.25,first rest
2013-06-30 10:11:36.500,-12.0,-2.875,63.75,-10.298667,2.99779,88.73,35.49,702.5,first rest
2013-06-30 10:11:36.750,-12.0,-3.0,63.5,-1.14875,2.995229,88.79,35.49,702.75,first rest
2013-06-30 10:11:37.000,-12.0,-3.0,63.889,10.9475,3.004194,88.85,35.5,703.0,first rest
2013-06-30 10:11:37.250,-12.0,-3.0,63.625,-21.012,3.004194,88.91,35.5,703.25,first rest
2013-06-30 10:11:37.500,-12.0,-3.0,63.75,18.885625,3.000351,88.97,35.5,703.5,first rest
2013-06-30 10:11:37.750,-12.0,-3.0,63.625,-5.299333,2.99779,89.02,35.5,703.75,first rest
2013-06-30 10:11:38.000,-12.0,-3.0,63.75,-17.70625,2.996509,89.08,35.53,704.0,first rest
2013-06-30 10:11:38.250,-12.0,-3.0,63.875,15.4725,2.986264,89.13,35.53,704.25,first rest
2013-06-30 10:11:38.500,-12.0,-3.0,63.75,-18.020667,2.982421,89.18,35.53,704.5,first rest
2013-06-30 10:11:38.750,-12.0,-3.0,64.0,9.003125,2.976018,89.23,35.53,704.75,first rest
2013-06-30 10:11:39.000,-12.0,-3.0,63.75,14.881875,2.973456,89.28,35.53,705.0,first rest
2013-06-30 10:11:39.250,-12.0,-3.0,63.875,-30.284,2.965772,89.32,35.53,705.25,first rest
2013-06-30 10:11:39.500,-12.0,-3.0,63.5,26.225,2.959369,89.37,35.53,705.5,first rest
2013-06-30 10:11:39.750,-12.0,-3.0,63.875,10.589333,2.959369,89.41,35.53,705.75,first rest
2013-06-30 10:11:40.000,-12.0,-3.0,63.75,-17.278125,2.950404,89.45,35.55,706.0,first rest
2013-06-30 10:11:40.250,-12.0,-3.0,63.75,21.1825,2.95917,89.49,35.55,706.25,first rest
2013-06-30 10:11:40.500,-12.0,-3.0,63.875,-15.036667,2.955328,89.53,35.55,706.5,first rest
2013-06-30 10:11:40.750,-12.0,-3.0,63.889,1.85125,2.943801,89.56,35.55,706.75,first rest
2013-06-30 10:11:41.000,-12.0,-3.0,63.875,6.711875,2.939959,89.6,35.57,707.0,first rest
2013-06-30 10:11:41.250,-12.0,-3.0,63.5,-36.171333,2.939959,89.63,35.57,707.25,first rest
2013-06-30 10:11:41.500,-12.0,-3.0,64.0,20.888125,2.932275,89.67,35.57,707.5,first rest
2013-06-30 10:11:41.750,-12.0,-3.0,64.0,2.866667,2.929713,89.7,35.57,707.75,first rest
2013-06-30 10:11:42.000,-12.0,-3.0,63.5,-17.55875,2.925871,89.72,35.59,708.0,first rest
2013-06-30 10:11:42.250,-12.0,-3.0,63.75,22.54875,2.916906,89.74,35.59,708.25,first rest
2013-06-30 10:11:42.500,-12.0,-3.0,63.75,-4.974667,2.918187,89.75,35.59,708.5,first rest
2013-06-30 10:11:42.750,-12.0,-3.0,64.0,-2.60625,2.913064,89.76,35.59,708.75,first rest
2013-06-30 10:11:43.000,-12.0,-3.0,63.5,16.06625,2.904099,89.77,35.63,709.0,first rest
2013-06-30 10:11:43.250,-12.0,-3.0,63.875,-18.970667,2.902818,89.78,35.63,709.25,first rest
2013-06-30 10:11:43.500,-12.0,-3.0,63.625,18.1075,2.90538,89.79,35.63,709.5,first rest
2013-06-30 10:11:43.750,-12.0,-3.0,63.625,0.55,2.891292,89.79,35.63,709.75,first rest
2013-06-30 10:11:44.000,-12.0,-3.0,63.75,-26.38875,2.888731,89.8,35.65,710.0,first rest
2013-06-30 10:11:44.250,-12.0,-3.0,63.5,21.421875,2.879766,89.81,35.65,710.25,first rest
2013-06-30 10:11:44.500,-12.0,-3.0,63.75,-1.661333,2.886169,89.81,35.65,710.5,first rest
2013-06-30 10:11:44.750,-12.0,-3.0,63.778,-19.1725,2.873362,89.82,35.65,710.75,first rest
2013-06-30 10:11:45.000,-12.0,-3.0,63.75,21.126875,2.878485,89.83,35.65,711.0,first rest
2013-06-30 10:11:45.250,-12.0,-3.0,63.625,-4.334667,2.864397,89.84,35.65,711.25,first rest
2013-06-30 10:11:45.500,-12.0,-3.0,63.875,-7.9325,2.864397,89.85,35.65,711.5,first rest
2013-06-30 10:11:45.750,-12.0,-3.0,63.625,18.267333,2.857994,89.86,35.65,711.75,first rest
2013-06-30 10:11:46.000,-12.0,-2.875,63.875,-13.055625,2.856713,89.87,35.66,712.0,first rest
2013-06-30 10:11:46.250,-12.0,-3.0,63.625,9.35125,2.843906,89.88,35.66,712.25,first rest
2013-06-30 10:11:46.500,-12.0,-3.0,63.625,3.182,2.841344,89.89,35.66,712.5,first rest
2013-06-30 10:11:46.750,-12.0,-3.0,63.875,-36.06625,2.840064,89.89,35.66,712.75,first rest
2013-06-30 10:11:47.000,-12.0,-3.0,63.75,16.51875,2.838783,89.9,35.68,713.0,first rest
2013-06-30 10:11:47.250,-12.0,-3.0,63.75,5.246,2.83366,89.91,35.68,713.25,first rest
2013-06-30 10:11:47.500,-12.0,-3.0,63.875,-22.855625,2.824695,89.91,35.68,713.5,first rest
2013-06-30 10:11:47.750,-12.0,-3.0,63.875,19.693333,2.819572,89.92,35.68,713.75,first rest
2013-06-30 10:11:48.000,-12.0,-3.0,63.875,-2.965625,2.818291,89.92,35.66,714.0,first rest
2013-06-30 10:11:48.250,-12.0,-3.0,63.875,-8.91875,2.817011,89.92,35.66,714.25,first rest
2013-06-30 10:11:48.500,-12.0,-3.0,63.889,17.410667,2.811888,89.93,35.66,714.5,first rest
2013-06-30 10:11:48.750,-12.0,-3.0,63.625,-20.14375,2.802923,89.93,35.66,714.75,first rest
2013-06-30 10:11:49.000,-12.0,-3.0,63.75,13.74,2.805484,89.93,35.71,715.0,first rest
2013-06-30 10:11:49.250,-12.0,-3.0,63.875,-2.156,2.795238,89.93,35.71,715.25,first rest
2013-06-30 10:11:49.500,-12.0,-3.0,63.625,-25.925625,2.791396,89.93,35.71,715.5,first rest
2013-06-30 10:11:49.750,-12.0,-3.0,63.75,21.713333,2.783712,89.93,35.71,715.75,first rest
2013-06-30 10:11:50.000,-12.0,-3.0,64.0,-8.865,2.783712,89.93,35.71,716.0,first rest
2013-06-30 10:11:50.250,-12.0,-3.0,64.0,3.010625,2.778589,89.93,35.71,716.25,first rest
2013-06-30 10:11:50.500,-12.0,-3.0,64.0,23.099333,2.776028,89.94,35.71,716.5,first rest
2013-06-30 10:11:50.750,-12.0,-3.0,63.75,-33.68375,2.772186,89.94,35.71,716.75,first rest
2013-06-30 10:11:51.000,-12.0,-3.0,63.75,16.3475,2.770905,89.95,35.71,717.0,first rest
2013-06-30 10:11:51.250,-12.0,-3.0,63.5,10.532667,2.763221,89.96,35.71,717.25,first rest
2013-06-30 10:11:51.500,-12.0,-3.0,63.875,-5.47375,2.758098,89.96,35.71,717.5,first rest
2013-06-30 10:11:51.750,-12.0,-3.0,63.75,20.089333,2.752975,89.97,35.71,717.75,first rest
2013-06-30 10:11:52.000,-12.0,-3.0,63.875,-21.964375,2.752975,89.97,35.73,718.0,first rest
2013-06-30 10:11:52.250,-12.0,-3.0,63.875,8.35,2.754256,89.97,35.73,718.25,first rest
2013-06-30 10:11:52.500,-12.0,-3.0,63.778,16.534667,2.751694,89.98,35.73,718.5,first rest
2013-06-30 10:11:52.750,-12.0,-3.0,63.625,-29.594375,2.750413,89.98,35.73,718.75,first rest
2013-06-30 10:11:53.000,-12.0,-3.0,63.625,27.4925,2.749133,89.98,35.75,719.0,first rest
2013-06-30 10:11:53.250,-12.0,-3.0,64.0,6.919333,2.747852,89.98,35.75,719.25,first rest
2013-06-30 10:11:53.500,-12.0,-3.0,63.625,-35.03125,2.741449,89.98,35.75,719.5,first rest
2013-06-30 10:11:53.750,-12.0,-3.0,63.875,17.144,2.74401,89.98,35.75,719.75,first rest
2013-06-30 10:11:54.000,-12.0,-3.0,64.0,13.46625,2.732484,89.98,35.75,720.0,first rest
2013-06-30 10:11:54.250,-12.0,-3.0,63.75,1.079375,2.732484,89.98,35.75,720.25,first rest
2013-06-30 10:11:54.500,-12.0,-3.0,63.625,19.086,2.72608,89.98,35.75,720.5,first rest
2013-06-30 10:11:54.750,-12.0,-3.0,63.625,-9.254375,2.719676,89.97,35.75,720.75,first rest
2013-06-30 10:11:55.000,-12.0,-3.0,64.0,6.023125,2.715834,89.97,35.75,721.0,first rest
2013-06-30 10:11:55.250,-12.0,-3.0,63.625,-6.508,2.70815,89.96,35.75,721.25,first rest
2013-06-30 10:11:55.500,-12.0,-3.0,63.625,-24.319375,2.703027,89.95,35.75,721.5,first rest
2013-06-30 10:11:55.750,-12.0,-3.0,63.875,11.540667,2.701746,89.94,35.75,721.75,first rest
2013-06-30 10:11:56.000,-12.0,-3.0,63.875,-16.5775,2.696624,89.93,35.77,722.0,first rest
2013-06-30 10:11:56.250,-12.0,-3.0,63.889,4.569375,2.687659,89.92,35.77,722.25,first rest
2013-06-30 10:11:56.500,-12.0,-3.0,63.75,12.292667,2.686378,89.9,35.77,722.5,first rest
2013-06-30 10:11:56.750,-12.0,-3.0,63.75,-46.214375,2.682536,89.89,35.77,722.75,first rest
2013-06-30 10:11:57.000,-12.0,-3.0,63.5,22.56625,2.679974,89.88,35.81,723.0,first rest
2013-06-30 10:11:57.250,-12.0,-3.0,63.625,7.109333,2.677413,89.87,35.81,723.25,first rest
2013-06-30 10:11:57.500,-12.0,-3.0,63.625,-71.606875,2.671009,89.86,35.81,723.5,first rest
2013-06-30 10:11:57.750,-12.0,-3.0,63.75,29.288667,2.664606,89.84,35.81,723.75,first rest
2013-06-30 10:11:58.000,-12.0,-3.0,63.75,47.02375,2.663325,89.83,35.79,724.0,first rest
2013-06-30 10:11:58.250,-12.0,-3.0,63.625,-35.211875,2.658202,89.81,35.79,724.25,first rest
2013-06-30 10:11:58.500,-12.125,-3.0,63.875,17.760667,2.656921,89.79,35.79,724.5,first rest
2013-06-30 10:11:58.750,-12.0,-3.0,64.0,49.1575,2.650518,89.77,35.79,724.75,first rest
2013-06-30 10:11:59.000,-12.0,-3.0,63.875,-17.10375,2.647956,89.75,35.81,725.0,first rest
2013-06-30 10:11:59.250,-12.0,-3.0,63.5,5.878,2.641553,89.73,35.81,725.25,first rest
2013-06-30 10:11:59.500,-12.0,-3.0,63.625,29.260625,2.640272,89.7,35.81,725.5,first rest
2013-06-30 10:11:59.750,-12.0,-3.0,63.625,-24.032667,2.631307,89.67,35.81,725.75,first rest
2013-06-30 10:12:00.000,-12.0,-3.0,63.75,14.79375,2.631307,89.65,35.84,726.0,first rest
2013-06-30 10:12:00.250,-12.0,-3.0,63.778,12.579375,2.624903,89.63,35.84,726.25,first rest
2013-06-30 10:12:00.500,-12.0,-3.0,63.875,-31.274667,2.617219,89.6,35.84,726.5,first rest
2013-06-30 10:12:00.750,-12.0,-3.0,63.625,26.311875,2.614658,89.58,35.84,726.75,first rest
2013-06-30 10:12:01.000,-12.25,-3.0,63.625,1.433125,2.609535,89.55,35.84,727.0,first rest
2013-06-30 10:12:01.250,-12.0,-3.0,63.5,-24.534,2.609535,89.52,35.84,727.25,first rest
2013-06-30 10:12:01.500,-12.125,-3.0,63.5,20.58875,2.605693,89.49,35.84,727.5,first rest
2013-06-30 10:12:01.750,-12.25,-2.875,63.5,-9.065333,2.604412,89.46,35.84,727.75,first rest
2013-06-30 10:12:02.000,-12.125,-3.0,63.875,-17.870625,2.595447,89.43,35.83,728.0,first rest
2013-06-30 10:12:02.250,-12.125,-3.0,63.75,8.31,2.595447,89.4,35.83,728.25,first rest
2013-06-30 10:12:02.500,-12.125,-3.0,63.75,-27.948667,2.587763,89.38,35.83,728.5,first rest
2013-06-30 10:12:02.750,-12.125,-3.0,63.625,-4.351875,2.585202,89.35,35.83,728.75,first rest
2013-06-30 10:12:03.000,-12.125,-3.0,63.5,3.013125,2.581359,89.33,35.84,729.0,first rest
2013-06-30 10:12:03.250,-12.125,-3.0,63.625,-39.992667,2.573675,89.3,35.84,729.25,first rest
2013-06-30 10:12:03.500,-12.125,-3.0,63.875,14.1025,2.569833,89.28,35.84,729.5,first rest
2013-06-30 10:12:03.750,-12.0,-3.0,63.75,-6.182667,2.567271,89.25,35.84,729.75,first rest
2013-06-30 10:12:04.000,-12.111,-3.0,63.556,-34.798125,2.567271,89.23,35.87,730.0,first rest
2013-06-30 10:12:04.250,-12.5,-3.0,63.75,21.95125,2.565991,89.21,35.87,730.25,first rest
2013-06-30 10:12:04.500,-12.125,-3.0,63.75,-15.656667,2.576236,89.19,35.87,730.5,first rest
2013-06-30 10:12:04.750,-12.125,-3.0,63.625,-6.3225,2.56471,89.17,35.87,730.75,first rest
2013-06-30 10:12:05.000,-12.25,-3.0,63.625,25.90375,2.56471,89.15,35.91,731.0,first rest
2013-06-30 10:12:05.250,-12.0,-3.0,63.75,-26.034667,2.553184,89.13,35.91,731.25,first rest
2013-06-30 10:12:05.500,-12.0,-3.0,63.625,43.521875,2.558306,89.11,35.91,731.5,first rest
2013-06-30 10:12:05.750,-12.125,-3.0,63.625,22.032667,2.549341,89.09,35.91,731.75,first rest
2013-06-30 10:12:06.000,-12.0,-3.0,63.875,-37.154375,2.548061,89.07,35.93,732.0,first rest
2013-06-30 10:12:06.250,-12.0,-3.0,63.625,37.4,2.539096,89.06,35.93,732.25,first rest
2013-06-30 10:12:06.500,-12.0,-3.0,63.625,15.016,2.540376,89.04,35.93,732.5,first rest
2013-06-30 10:12:06.750,-12.0,-3.0,63.375,-24.36375,2.535254,89.03,35.93,732.75,first rest
2013-06-30 10:12:07.000,-12.125,-3.0,63.625,34.14,2.523727,89.02,35.95,733.0,first rest
2013-06-30 10:12:07.250,-12.25,-3.0,63.625,2.794,2.522446,89.0,35.95,733.25,first rest
2013-06-30 10:12:07.500,-12.0,-3.0,63.75,-16.163125,2.516043,88.99,35.95,733.5,first rest
2013-06-30 10:12:07.750,-12.0,-3.0,63.5,25.459333,2.518604,88.97,35.95,733.75,first rest
2013-06-30 10:12:08.000,-12.0,-3.0,63.778,-3.440625,2.512201,88.95,35.93,734.0,first rest
2013-06-30 10:12:08.250,-12.0,-3.0,63.75,-10.154375,2.51092,88.93,35.93,734.25,first rest
2013-06-30 10:12:08.500,-12.5,-3.0,63.625,19.156667,2.500674,88.92,35.93,734.5,first rest
2013-06-30 10:12:08.750,-12.5,-3.0,63.375,-21.39625,2.504516,88.91,35.93,734.75,first rest
2013-06-30 10:12:09.000,-12.125,-3.0,63.625,-1.974375,2.499393,88.9,35.97,735.0,first rest
2013-06-30 10:12:09.250,-12.125,-3.0,63.75,16.239333,2.489148,88.89,35.97,735.25,first rest
2013-06-30 10:12:09.500,-12.5,-3.0,63.5,-26.001875,2.485306,88.88,35.97,735.5,first rest
2013-06-30 10:12:09.750,-12.5,-3.0,63.375,9.241333,2.486586,88.87,35.97,735.75,first rest
2013-06-30 10:12:10.000,-12.75,-3.0,63.625,6.529375,2.485306,88.87,35.99,736.0,first rest
2013-06-30 10:12:10.250,-12.75,-3.0,63.75,-40.53875,2.47506,88.87,35.99,736.25,first rest
2013-06-30 10:12:10.500,-12.5,-3.0,63.625,23.289333,2.47506,88.87,35.99,736.5,first rest
2013-06-30 10:12:10.750,-12.5,-3.0,63.5,7.78375,2.466095,88.87,35.99,736.75,first rest
2013-06-30 10:12:11.000,-12.5,-3.0,63.625,-41.023125,2.468656,88.87,36.0,737.0,first rest
2013-06-30 10:12:11.250,-12.25,-3.0,63.75,33.034667,2.459692,88.87,36.0,737.25,first rest
2013-06-30 10:12:11.500,-12.625,-3.0,63.5,17.716875,2.45713,88.87,36.0,737.5,first rest
2013-06-30 10:12:11.750,-12.333,-3.0,63.333,-25.934667,2.454569,88.87,36.0,737.75,first rest
2013-06-30 10:12:12.000,-12.5,-3.0,63.5,40.745,2.465596,88.87,36.03,738.0,first rest
2013-06-30 10:12:12.250,-12.5,-3.0,63.5,1.706875,2.456631,88.87,36.03,738.25,first rest
2013-06-30 10:12:12.500,-12.5,-3.0,63.25,-40.19,2.457911,88.87,36.03,738.5,first rest
2013-06-30 10:12:12.750,-12.75,-3.0,63.25,16.82875,2.45535,88.87,36.03,738.75,first rest
2013-06-30 10:12:13.000,-12.625,-3.0,63.25,-9.45,2.450227,88.87,36.03,739.0,first rest
2013-06-30 10:12:13.250,-12.625,-3.0,63.375,-18.674667,2.445104,88.88,36.03,739.25,first rest
2013-06-30 10:12:13.500,-12.625,-3.0,63.75,20.804375,2.438701,88.88,36.03,739.5,first rest
2013-06-30 10:12:13.750,-12.625,-3.0,63.25,-21.312667,2.438701,88.89,36.03,739.75,first rest
2013-06-30 10:12:14.000,-12.375,-3.0,63.375,7.051875,2.433578,88.9,36.03,740.0,first rest
2013-06-30 10:12:14.250,-12.375,-3.0,63.375,15.425625,2.427174,88.9,36.03,740.25,first rest
2013-06-30 10:12:14.500,-12.375,-3.0,63.375,-36.616,2.425894,88.91,36.03,740.5,first rest
2013-06-30 10:12:14.750,-12.375,-2.875,63.375,27.8575,2.425894,88.91,36.03,740.75,first rest
2013-06-30 10:12:15.000,-12.375,-3.0,63.5,12.685,2.422051,88.92,36.07,741.0,first rest
2013-06-30 10:12:15.250,-12.25,-3.0,63.625,-42.756,2.418209,88.93,36.07,741.25,first rest
2013-06-30 10:12:15.500,-12.375,-3.0,63.25,30.601875,2.418209,88.95,36.07,741.5,first rest
2013-06-30 10:12:15.750,-12.444,-3.0,63.222,4.466667,2.405402,88.96,36.07,741.75,first rest
2013-06-30 10:12:16.000,-12.625,-2.875,63.625,-39.638125,2.40156,88.97,36.09,742.0,first rest
2013-06-30 10:12:16.250,-12.5,-3.0,63.5,23.339375,2.404122,88.97,36.09,742.25,first rest
2013-06-30 10:12:16.500,-12.75,-2.875,63.5,-2.728667,2.40156,88.98,36.09,742.5,first rest
2013-06-30 10:12:16.750,-12.5,-3.0,63.5,-22.0525,2.391315,88.98,36.09,742.75,first rest
2013-06-30 10:12:17.000,-12.875,-3.0,63.375,26.415,2.388753,88.98,36.13,743.0,first rest
2013-06-30 10:12:17.250,-12.375,-3.0,63.375,-15.098,2.381069,88.99,36.13,743.25,first rest
2013-06-30 10:12:17.500,-12.375,-3.0,63.5,18.176875,2.382349,89.0,36.13,743.5,first rest
2013-06-30 10:12:17.750,-12.5,-3.0,63.125,24.740667,2.377227,89.01,36.13,743.75,first rest
2013-06-30 10:12:18.000,-12.625,-3.0,63.5,-39.05875,2.374665,89.02,36.13,744.0,first rest
2013-06-30 10:12:18.250,-12.5,-3.0,63.75,25.653125,2.370823,89.03,36.13,744.25,first rest
2013-06-30 10:12:18.500,-12.5,-3.0,63.375,15.809333,2.368262,89.03,36.13,744.5,first rest
2013-06-30 10:12:18.750,-12.125,-3.0,63.125,-44.116875,2.364419,89.03,36.13,744.75,first rest
2013-06-30 10:12:19.000,-12.625,-3.0,63.5,26.24375,2.364419,89.03,36.15,745.0,first rest
2013-06-30 10:12:19.250,-12.5,-3.0,63.25,9.826,2.359297,89.03,36.15,745.25,first rest
2013-06-30 10:12:19.500,-12.444,-3.0,63.556,-49.561875,2.355454,89.04,36.15,745.5,first rest
2013-06-30 10:12:19.750,-12.375,-3.0,63.375,25.090667,2.355454,89.04,36.15,745.75,first rest
2013-06-30 10:12:20.000,-12.0,-3.0,63.5,16.94,2.349051,89.05,36.16,746.0,first rest
2013-06-30 10:12:20.250,-12.375,-3.0,63.375,-27.389375,2.345209,89.06,36.16,746.25,first rest
2013-06-30 10:12:20.500,-12.375,-3.0,63.375,38.460667,2.342647,89.06,36.16,746.5,first rest
2013-06-30 10:12:20.750,-12.375,-3.0,63.5,6.4175,2.334963,89.07,36.16,746.75,first rest
2013-06-30 10:12:21.000,-12.375,-3.0,63.5,-29.51375,2.331121,89.07,36.18,747.0,first rest
2013-06-30 10:12:21.250,-12.375,-3.0,63.5,25.897333,2.32984,89.07,36.18,747.25,first rest
2013-06-30 10:12:21.500,-12.5,-3.0,63.625,-10.004375,2.325998,89.08,36.18,747.5,first rest
2013-06-30 10:12:21.750,-12.375,-3.0,63.25,-33.949333,2.320875,89.08,36.18,747.75,first rest
2013-06-30 10:12:22.000,-12.5,-3.0,63.375,20.833125,2.317033,89.08,36.18,748.0,first rest
2013-06-30 10:12:22.250,-12.625,-3.0,63.5,-17.774375,2.314471,89.08,36.18,748.25,first rest
2013-06-30 10:12:22.500,-12.125,-3.0,63.75,-0.838,2.309349,89.09,36.18,748.5,first rest
2013-06-30 10:12:22.750,-9.5,-3.125,63.625,17.584375,2.309349,89.09,36.18,748.75,first rest
2013-06-30 10:12:23.000,-13.0,-3.375,63.625,-31.318125,2.309349,89.1,36.21,749.0,first rest
2013-06-30 10:12:23.250,-13.625,-5.375,62.875,33.672667,2.300384,89.11,36.21,749.25,first rest
2013-06-30 10:12:23.500,-14.889,-3.556,62.667,13.32375,2.300384,89.11,36.21,749.5,first rest
2013-06-30 10:12:23.750,-15.75,2.75,62.625,-35.403333,2.290138,89.12,36.21,749.75,first rest
2013-06-30 10:12:24.000,-17.25,-0.625,62.5,31.91625,2.292699,89.12,36.23,750.0,first rest
2013-06-30 10:12:24.250,-13.125,1.5,63.375,-7.80875,2.291419,89.12,36.23,750.25,first rest
2013-06-30 10:12:24.500,-15.0,-0.25,62.875,-24.475333,2.299103,89.12,36.23,750.5,first rest
2013-06-30 10:12:24.750,-14.5,-0.125,63.0,19.923125,2.282454,89.12,36.23,750.75,first rest
2013-06-30 10:12:25.000,-17.125,-3.0,62.125,-21.301875,2.281173,89.12,36.23,751.0,first rest
2013-06-30 10:12:25.250,-19.125,2.0,61.625,22.683333,2.27605,89.12,36.23,751.25,first rest
2013-06-30 10:12:25.500,-22.125,-1.375,60.5,9.590625,2.278612,89.12,36.23,751.5,first rest
2013-06-30 10:12:25.750,-22.5,-1.125,60.625,-30.883333,2.269647,89.12,36.23,751.75,first rest
2013-06-30 10:12:26.000,-23.125,-1.0,60.125,33.888125,2.267085,89.12,36.27,752.0,first rest
2013-06-30 10:12:26.250,-23.625,-1.0,60.0,-5.73875,2.268366,89.12,36.27,752.25,first rest
2013-06-30 10:12:26.500,-23.25,-1.0,60.125,-24.814667,2.261962,89.11,36.27,752.5,first rest
2013-06-30 10:12:26.750,-23.125,-1.0,60.25,23.463125,2.25812,89.11,36.27,752.75,first rest
2013-06-30 10:12:27.000,-23.5,-1.0,60.25,-22.038125,2.254278,89.1,36.25,753.0,first rest
2013-06-30 10:12:27.250,-23.111,-1.556,60.111,3.063333,2.251717,89.09,36.25,753.25,first rest
2013-06-30 10:12:27.500,-23.125,-1.75,60.125,16.065,2.245313,89.09,36.25,753.5,first rest
2013-06-30 10:12:27.750,-23.0,-2.0,60.0,-28.428,2.244032,89.08,36.25,753.75,first rest
2013-06-30 10:12:28.000,-23.5,-1.875,60.0,28.08,2.24019,89.08,36.25,754.0,first rest
2013-06-30 10:12:28.250,-23.125,-2.0,60.0,-2.50125,2.238909,89.08,36.25,754.25,first rest
2013-06-30 10:12:28.500,-23.375,-2.0,60.0,-4.292,2.237629,89.08,36.25,754.5,first rest
2013-06-30 10:12:28.750,-23.125,-2.0,60.0,29.08875,2.199207,89.07,36.25,754.75,first rest
2013-06-30 10:12:29.000,-23.0,-2.0,60.0,-25.779375,2.090347,89.07,36.27,755.0,first rest
2013-06-30 10:12:29.250,-23.125,-2.0,60.0,10.902667,2.044241,89.06,36.27,755.25,first rest
2013-06-30 10:12:29.500,-23.125,-1.875,60.0,8.08,1.812432,89.05,36.27,755.5,first rest
2013-06-30 10:12:29.750,-23.25,-1.75,60.0,-46.29,2.135585,89.04,36.27,755.75,first rest
2013-06-30 10:12:30.000,-23.125,-2.0,60.0,20.545,2.138146,89.03,36.27,756.0,first rest
2013-06-30 10:12:30.250,-23.125,-1.5,60.0,1.91375,2.141988,89.02,36.27,756.25,first rest
2013-06-30 10:12:30.500,-23.125,-2.0,60.0,-14.367333,2.152234,89.01,36.27,756.5,first rest
2013-06-30 10:12:30.750,-23.125,-2.0,60.0,27.61625,2.174006,89.01,36.27,756.75,first rest
2013-06-30 10:12:31.000,-23.5,-2.0,60.0,-19.9175,2.206024,89.0,36.27,757.0,first rest
2013-06-30 10:12:31.250,-23.556,-1.889,60.0,18.342667,2.230357,88.99,36.27,757.25,first rest
2013-06-30 10:12:31.500,-23.625,-1.875,60.0,7.2225,2.238042,88.99,36.27,757.5,first rest
2013-06-30 10:12:31.750,-23.75,-1.875,60.0,-47.202667,2.247007,88.98,36.27,757.75,first rest
2013-06-30 10:12:32.000,-23.75,-2.0,60.0,30.310625,2.261095,88.97,36.25,758.0,first rest
2013-06-30 10:12:32.250,-23.5,-2.0,60.0,4.81,2.257252,88.96,36.25,758.25,first rest
2013-06-30 10:12:32.500,-23.875,-2.0,60.0,-38.294,2.259814,88.95,36.25,758.5,first rest
2013-06-30 10:12:32.750,-23.5,-2.0,60.0,25.744375,2.25341,88.94,36.25,758.75,first rest
2013-06-30 10:12:33.000,-23.75,-2.0,60.0,-9.255,2.261095,88.93,36.31,759.0,first rest
2013-06-30 10:12:33.250,-23.25,-1.875,60.0,-19.016667,2.266217,88.93,36.31,759.25,first rest
2013-06-30 10:12:33.500,-23.625,-2.0,60.0,21.73375,2.259814,88.93,36.31,759.5,first rest
2013-06-30 10:12:33.750,-23.75,-2.0,60.0,-20.67,2.258533,88.93,36.31,759.75,first rest
2013-06-30 10:12:34.000,-23.25,-1.875,60.0,17.399375,2.257252,88.93,36.34,760.0,first rest
2013-06-30 10:12:34.250,-23.25,-2.0,60.0,-5.534375,2.258533,88.93,36.34,760.25,first rest
2013-06-30 10:12:34.500,-23.375,-2.0,60.0,-30.491333,2.263656,88.93,36.34,760.5,first rest
2013-06-30 10:12:34.750,-23.625,-2.0,60.0,49.49125,2.263656,88.93,36.34,760.75,first rest
2013-06-30 10:12:35.000,-23.667,-2.0,60.0,-8.96,2.25341,88.93,36.39,761.0,first rest
2013-06-30 10:12:35.250,-23.5,-2.0,60.0,-10.640667,2.25213,88.93,36.39,761.25,first rest
2013-06-30 10:12:35.500,-23.5,-2.0,60.0,21.9925,2.241884,88.94,36.39,761.5,first rest
2013-06-30 10:12:35.750,-23.375,-2.0,60.0,-30.428,2.23548,88.94,36.39,761.75,first rest
2013-06-30 10:12:36.000,-23.5,-2.0,60.0,18.321875,2.226515,88.95,36.43,762.0,first rest
2013-06-30 10:12:36.250,-23.25,-2.0,60.0,14.3425,2.220112,88.96,36.43,762.25,first rest
2013-06-30 10:12:36.500,-23.375,-2.0,60.0,-13.890667,2.207304,88.96,36.43,762.5,first rest
2013-06-30 10:12:36.750,-23.375,-2.0,60.0,23.563125,2.200901,88.97,36.43,762.75,first rest
2013-06-30 10:12:37.000,-23.375,-2.0,60.0,-24.735625,2.194497,88.98,36.43,763.0,first rest
2013-06-30 10:12:37.250,-23.25,-2.0,60.0,12.64,2.184252,88.99,36.43,763.25,first rest
2013-06-30 10:12:37.500,-23.5,-2.0,60.0,15.349375,2.176567,89.0,36.43,763.5,first rest
2013-06-30 10:12:37.750,-23.625,-2.0,60.0,-35.874,2.167602,89.01,36.43,763.75,first rest
2013-06-30 10:12:38.000,-23.625,-2.0,60.0,30.783125,2.16376,89.02,36.45,764.0,first rest
2013-06-30 10:12:38.250,-23.875,-2.0,60.0,-2.17375,2.159918,89.03,36.45,764.25,first rest
2013-06-30 10:12:38.500,-24.0,-2.0,60.0,-26.579333,2.158638,89.04,36.45,764.5,first rest
2013-06-30 10:12:38.750,-24.0,-2.0,60.0,16.338125,2.152234,89.06,36.45,764.75,first rest
2013-06-30 10:12:39.000,-24.0,-2.0,60.0,-17.945,2.153515,89.07,36.45,765.0,first rest
2013-06-30 10:12:39.250,-24.0,-2.0,60.0,13.372,2.149673,89.08,36.45,765.25,first rest
2013-06-30 10:12:39.500,-24.0,-2.0,60.0,21.36,2.150953,89.1,36.45,765.5,first rest
2013-06-30 10:12:39.750,-24.0,-2.0,60.0,-28.098,2.143269,89.11,36.45,765.75,first rest
2013-06-30 10:12:40.000,-24.0,-2.0,60.0,23.338125,2.135585,89.12,36.47,766.0,first rest
2013-06-30 10:12:40.250,-24.5,-2.0,60.0,0.838125,2.130462,89.13,36.47,766.25,first rest
2013-06-30 10:12:40.500,-24.875,-2.0,59.625,-36.142,2.124058,89.15,36.47,766.5,first rest
2013-06-30 10:12:40.750,-25.25,-2.25,59.5,25.535,2.117655,89.16,36.47,766.75,first rest
2013-06-30 10:12:41.000,-25.25,-2.375,59.375,-2.684375,2.111251,89.18,36.45,767.0,first rest
2013-06-30 10:12:41.250,-24.75,-2.875,59.625,-31.206667,2.106128,89.2,36.45,767.25,first rest
2013-06-30 10:12:41.500,-25.375,-2.625,59.375,27.36125,2.098444,89.22,36.45,767.5,first rest
2013-06-30 10:12:41.750,-26.625,-2.375,58.875,-2.348,2.093321,89.25,36.45,767.75,first rest
2013-06-30 10:12:42.000,-23.875,-1.75,61.25,-32.090625,2.084356,89.27,36.45,768.0,first rest
2013-06-30 10:12:42.250,-35.375,-2.125,54.625,25.023125,2.081795,89.29,36.45,768.25,first rest
2013-06-30 10:12:42.500,-34.625,-3.0,54.75,0.143333,2.077952,89.32,36.45,768.5,first rest
2013-06-30 10:12:42.750,-30.222,-3.111,56.667,-20.275,2.070268,89.34,36.45,768.75,first rest
2013-06-30 10:12:43.000,-29.375,-3.375,57.5,25.214375,2.067707,89.37,36.45,769.0,first rest
2013-06-30 10:12:43.250,-27.375,-3.0,58.625,-8.693333,2.063864,89.41,36.45,769.25,first rest
2013-06-30 10:12:43.500,-25.875,-3.0,59.125,-1.03375,2.057461,89.44,36.45,769.5,first rest
2013-06-30 10:12:43.750,-24.75,-3.125,59.5,12.416667,2.052338,89.49,36.45,769.75,first rest
2013-06-30 10:12:44.000,-22.5,-3.375,60.5,-32.449375,2.049777,89.53,36.45,770.0,first rest
2013-06-30 10:12:44.250,-20.5,-3.0,61.0,14.269375,2.03825,89.57,36.45,770.25,first rest
2013-06-30 10:12:44.500,-20.625,-3.0,60.875,12.590667,2.043373,89.61,36.45,770.5,first rest
2013-06-30 10:12:44.750,-20.5,-2.875,61.25,-37.275,2.033128,89.66,36.45,770.75,first rest
2013-06-30 10:12:45.000,-20.5,-3.0,61.25,23.740625,2.030566,89.7,36.47,771.0,first rest
2013-06-30 10:12:45.250,-20.125,-3.0,61.5,6.057333,2.022882,89.74,36.47,771.25,first rest
2013-06-30 10:12:45.500,-20.375,-3.0,61.125,-32.720625,2.028005,89.79,36.47,771.5,first rest
2013-06-30 10:12:45.750,-19.5,-2.875,61.625,32.445333,2.028005,89.83,36.47,771.75,first rest
2013-06-30 10:12:46.000,-22.0,-3.375,60.5,6.078125,2.029285,89.88,36.43,772.0,first rest
2013-06-30 10:12:46.250,-20.0,-3.0,61.375,-8.78,2.031847,89.93,36.43,772.25,first rest
2013-06-30 10:12:46.500,-20.875,-3.125,61.125,19.824667,2.03697,89.97,36.43,772.5,first rest
2013-06-30 10:12:46.750,-19.889,-3.0,61.111,-21.95375,2.033128,90.02,36.43,772.75,first rest
2013-06-30 10:12:47.000,-20.375,-3.0,61.125,16.956875,2.025443,90.07,36.45,773.0,first rest
2013-06-30 10:12:47.250,-19.375,-3.625,61.625,11.716667,2.011355,90.12,36.45,773.25,first rest
2013-06-30 10:12:47.500,-19.5,-3.125,61.375,-31.01625,2.015198,90.17,36.45,773.5,first rest
2013-06-30 10:12:47.750,-20.5,-2.375,61.25,34.591333,2.01904,90.22,36.45,773.75,first rest
2013-06-30 10:12:48.000,-20.0,-2.0,61.375,9.2325,2.026724,90.27,36.43,774.0,first rest
2013-06-30 10:12:48.250,-20.625,-2.625,61.125,-18.289375,2.083075,90.32,36.43,774.25,first rest
2013-06-30 10:12:48.500,-19.875,-2.75,61.375,35.951333,2.084356,90.36,36.43,774.5,first rest
2013-06-30 10:12:48.750,-18.75,-3.0,61.75,-12.536875,2.09076,90.41,36.43,774.75,first rest
2013-06-30 10:12:49.000,-17.625,-3.0,62.0,-6.95375,2.107409,90.45,36.45,775.0,first rest
2013-06-30 10:12:49.250,-18.375,-3.375,61.5,-75.159333,2.12662,90.49,36.45,775.25,first rest
2013-06-30 10:12:49.500,-17.75,-2.75,62.125,-273.555625,2.14455,90.53,36.45,775.5,first rest
2013-06-30 10:12:49.750,-18.875,-2.625,61.875,-65.122667,2.16376,90.57,36.45,775.75,first rest
2013-06-30 10:12:50.000,-18.75,-2.75,62.0,218.7275,2.172725,90.6,36.43,776.0,first rest
2013-06-30 10:12:50.250,-19.0,-2.625,62.0,59.43625,2.189374,90.63,36.43,776.25,first rest
2013-06-30 10:12:50.500,-19.0,-2.778,61.889,72.119333,2.198339,90.67,36.43,776.5,first rest
2013-06-30 10:12:50.750,-19.0,-2.375,62.0,31.215625,2.204743,90.7,36.43,776.75,first rest
2013-06-30 10:12:51.000,-18.75,-2.375,62.0,30.014375,2.212427,90.73,36.43,777.0,first rest
2013-06-30 10:12:51.250,-18.75,-2.375,62.0,16.544667,2.225235,90.76,36.43,777.25,first rest
2013-06-30 10:12:51.500,-18.375,-2.875,62.0,80.80125,2.223954,90.8,36.43,777.5,first rest
2013-06-30 10:12:51.750,-18.375,-2.75,62.0,61.602,2.222673,90.83,36.43,777.75,first rest
2013-06-30 10:12:52.000,-18.125,-2.75,62.0,-65.361875,2.198339,90.87,36.41,778.0,first rest
2013-06-30 10:12:52.250,-18.125,-2.875,62.0,-51.788125,2.175287,90.9,36.41,778.25,first rest
2013-06-30 10:12:52.500,-18.125,-2.75,62.0,10.862,2.167602,90.94,36.41,778.5,first rest
2013-06-30 10:12:52.750,-18.125,-2.875,62.0,-13.723125,2.158638,90.97,36.41,778.75,first rest
2013-06-30 10:12:53.000,-17.75,-2.625,62.0,20.65625,2.143269,91.0,36.41,779.0,first rest
2013-06-30 10:12:53.250,-18.0,-3.0,62.0,2.065333,2.138146,91.03,36.41,779.25,first rest
2013-06-30 10:12:53.500,-18.0,-2.875,62.0,10.15125,2.131742,91.05,36.41,779.5,first rest
2013-06-30 10:12:53.750,-18.0,-3.0,62.0,48.216,2.12662,91.08,36.41,779.75,first rest
2013-06-30 10:12:54.000,-18.0,-3.0,62.0,-15.39125,2.120216,91.1,36.41,780.0,first rest
2013-06-30 10:12:54.250,-18.0,-3.0,62.0,-35.6475,2.111251,91.13,36.41,780.25,first rest
2013-06-30 10:12:54.500,-17.889,-3.0,62.0,-20.429333,2.102286,91.16,36.41,780.5,first rest
2013-06-30 10:12:54.750,-18.0,-2.875,62.0,-38.239375,2.09204,91.19,36.41,780.75,first rest
2013-06-30 10:12:55.000,-17.875,-3.0,62.0,15.408125,2.081795,91.23,36.39,781.0,first rest
2013-06-30 10:12:55.250,-18.0,-3.0,62.0,-6.214667,2.075391,91.27,36.39,781.25,first rest
2013-06-30 10:12:55.500,-18.0,-3.0,62.0,-10.37625,2.071549,91.32,36.39,781.5,first rest
2013-06-30 10:12:55.750,-18.0,-3.0,62.0,6.677333,2.071549,91.37,36.39,781.75,first rest
2013-06-30 10:12:56.000,-18.0,-3.0,62.0,-21.5525,2.075391,91.43,36.39,782.0,first rest
2013-06-30 10:12:56.250,-18.0,-3.0,62.0,7.650625,2.079233,91.49,36.39,782.25,first rest
2013-06-30 10:12:56.500,-18.0,-2.875,62.0,-3.680667,2.07411,91.55,36.39,782.5,first rest
2013-06-30 10:12:56.750,-17.875,-3.0,62.0,-16.236875,2.072829,91.61,36.39,782.75,first rest
2013-06-30 10:12:57.000,-18.0,-3.0,62.0,7.566875,2.066426,91.67,36.39,783.0,first rest
2013-06-30 10:12:57.250,-17.875,-2.875,62.0,-19.541333,2.067707,91.73,36.39,783.25,first rest
2013-06-30 10:12:57.500,-18.0,-3.0,62.0,-2.8775,2.067707,91.79,36.39,783.5,first rest
2013-06-30 10:12:57.750,-17.875,-3.0,62.0,-7.246,2.062584,91.86,36.39,783.75,first rest
2013-06-30 10:12:58.000,-18.0,-3.0,62.0,-15.18375,2.053619,91.92,36.34,784.0,first rest
2013-06-30 10:12:58.250,-18.0,-3.0,62.0,20.54375,2.051057,91.98,36.34,784.25,first rest
2013-06-30 10:12:58.500,-18.0,-3.0,62.0,-0.515333,2.040812,92.05,36.34,784.5,first rest
2013-06-30 10:12:58.750,-18.0,-3.0,62.0,20.8475,2.042092,92.11,36.34,784.75,first rest
2013-06-30 10:12:59.000,-18.0,-3.0,62.0,-6.50125,2.035689,92.18,36.37,785.0,first rest
2013-06-30 10:12:59.250,-18.0,-3.0,62.0,-22.094,2.033128,92.25,36.37,785.25,first rest
2013-06-30 10:12:59.500,-18.375,-3.0,62.0,6.91125,2.028005,92.31,36.37,785.5,first rest
2013-06-30 10:12:59.750,-18.375,-3.0,61.875,-24.854667,2.024163,92.38,36.37,785.75,first rest
2013-06-30 10:13:00.000,-18.375,-3.0,62.0,15.855,2.017759,92.45,36.34,786.0,first rest
2013-06-30 10:13:00.250,-18.0,-3.0,62.0,-4.39875,2.015198,92.52,36.34,786.25,first rest
2013-06-30 10:13:00.500,-18.0,-3.0,62.0,-0.332,2.010075,92.58,36.34,786.5,first rest
2013-06-30 10:13:00.750,-18.0,-3.0,62.0,9.6125,2.004952,92.64,36.34,786.75,first rest
2013-06-30 10:13:01.000,-17.875,-3.0,62.0,-25.151875,1.998548,92.7,36.33,787.0,first rest
2013-06-30 10:13:01.250,-17.375,-3.0,62.0,21.344,2.00239,92.75,36.33,787.25,first rest
2013-06-30 10:13:01.500,-17.375,-3.0,62.0,0.56625,1.995987,92.81,36.33,787.5,first rest
2013-06-30 10:13:01.750,-17.375,-3.0,62.0,19.959333,1.988302,92.86,36.33,787.75,first rest
2013-06-30 10:13:02.000,-17.25,-3.0,62.0,15.77125,1.98446,92.93,36.31,788.0,first rest
2013-06-30 10:13:02.250,-17.0,-3.0,62.0,-4.868125,1.98446,93.01,36.31,788.25,first rest
2013-06-30 10:13:02.500,-17.0,-3.0,62.0,16.380667,1.979337,93.09,36.31,788.5,first rest
2013-06-30 10:13:02.750,-17.375,-3.0,62.0,-16.976875,1.979337,93.18,36.31,788.75,first rest
2013-06-30 10:13:03.000,-17.0,-3.0,62.0,12.978125,1.974215,93.27,36.33,789.0,first rest
2013-06-30 10:13:03.250,-17.0,-3.0,62.0,2.862667,1.974215,93.35,36.33,789.25,first rest
2013-06-30 10:13:03.500,-17.0,-3.0,62.0,-13.665,1.969092,93.43,36.33,789.5,first rest
2013-06-30 10:13:03.750,-17.25,-3.0,62.0,7.494667,1.96525,93.5,36.33,789.75,first rest
2013-06-30 10:13:04.000,-17.0,-3.0,62.0,-23.87125,1.963969,93.57,36.33,790.0,first rest
2013-06-30 10:13:04.250,-17.0,-3.0,62.0,-1.19375,1.955004,93.64,36.33,790.25,first rest
2013-06-30 10:13:04.500,-17.25,-3.0,62.0,-3.696,1.962688,93.72,36.33,790.5,first rest
2013-06-30 10:13:04.750,-17.125,-3.0,62.0,-29.369375,1.952442,93.8,36.33,790.75,first rest
2013-06-30 10:13:05.000,-17.0,-3.0,62.0,10.915,1.952442,93.88,36.29,791.0,first rest
2013-06-30 10:13:05.250,-17.0,-3.0,62.0,-5.855333,1.953723,93.96,36.29,791.25,first rest
2013-06-30 10:13:05.500,-17.125,-3.0,62.0,-13.726875,1.956285,94.05,36.29,791.5,first rest
2013-06-30 10:13:05.750,-17.0,-3.0,62.0,9.3,1.961407,94.14,36.29,791.75,first rest
2013-06-30 10:13:06.000,-17.0,-3.0,62.0,-16.455625,1.972934,94.22,36.31,792.0,first rest
2013-06-30 10:13:06.250,-17.0,-3.0,62.0,16.573125,1.98446,94.3,36.31,792.25,first rest
2013-06-30 10:13:06.500,-17.125,-3.0,62.0,1.675333,1.995987,94.38,36.31,792.5,first rest
2013-06-30 10:13:06.750,-17.0,-3.0,62.0,-11.26625,2.00111,94.47,36.31,792.75,first rest
2013-06-30 10:13:07.000,-17.0,-3.0,62.0,23.803125,2.011355,94.55,36.29,793.0,first rest
2013-06-30 10:13:07.250,-17.0,-3.0,62.0,-7.750667,2.015198,94.64,36.29,793.25,first rest
2013-06-30 10:13:07.500,-17.0,-3.0,62.0,28.55,2.024163,94.72,36.29,793.5,first rest
2013-06-30 10:13:07.750,-17.125,-3.0,62.0,28.464,2.029285,94.81,36.29,793.75,first rest
2013-06-30 10:13:08.000,-17.0,-3.0,62.0,-30.45875,2.022882,94.9,36.29,794.0,first rest
2013-06-30 10:13:08.250,-17.0,-3.0,62.0,52.3175,2.016478,94.99,36.29,794.25,first rest
2013-06-30 10:13:08.500,-17.0,-3.0,62.0,24.228,2.015198,95.08,36.29,794.5,first rest
2013-06-30 10:13:08.750,-17.0,-3.0,62.0,-45.57,2.008794,95.16,36.29,794.75,first rest
2013-06-30 10:13:09.000,-17.125,-3.0,62.0,-28.814375,1.998548,95.25,36.31,795.0,first rest
2013-06-30 10:13:09.250,-17.125,-3.0,62.0,25.39,1.997267,95.34,36.31,795.25,first rest
2013-06-30 10:13:09.500,-17.0,-3.0,62.0,58.485,1.994706,95.43,36.31,795.5,first rest
2013-06-30 10:13:09.750,-17.125,-3.0,62.0,22.490667,1.987022,95.51,36.31,795.75,first rest
2013-06-30 10:13:10.000,-17.0,-3.0,62.0,65.21375,1.98318,95.6,36.31,796.0,first rest
2013-06-30 10:13:10.250,-17.0,-3.0,62.0,-7.503125,1.978057,95.69,36.31,796.25,first rest
2013-06-30 10:13:10.500,-17.125,-3.0,62.0,-90.523333,1.972934,95.77,36.31,796.5,first rest
2013-06-30 10:13:10.750,-17.0,-3.0,62.0,40.979375,1.971653,95.86,36.31,796.75,first rest
2013-06-30 10:13:11.000,-17.0,-3.0,62.0,-9.85875,1.963969,95.95,36.27,797.0,first rest
2013-06-30 10:13:11.250,-17.375,-3.0,62.0,-68.006,1.963969,96.04,36.27,797.25,first rest
2013-06-30 10:13:11.500,-17.0,-3.0,62.0,-73.606875,1.957565,96.13,36.27,797.5,first rest
2013-06-30 10:13:11.750,-17.0,-3.0,62.0,-26.529333,1.955004,96.23,36.27,797.75,first rest
2013-06-30 10:13:12.000,-17.0,-3.0,62.0,-22.099375,1.951162,96.33,36.29,798.0,first rest
2013-06-30 10:13:12.250,-17.0,-3.0,62.0,45.41125,1.951162,96.43,36.29,798.25,first rest
2013-06-30 10:13:12.500,-17.125,-3.0,62.0,11.997333,1.94732,96.53,36.29,798.5,first rest
2013-06-30 10:13:12.750,-17.125,-3.0,62.0,-2.006875,1.944758,96.63,36.29,798.75,first rest
2013-06-30 10:13:13.000,-17.0,-3.0,62.0,63.05125,1.939635,96.73,36.31,799.0,first rest
2013-06-30 10:13:13.250,-17.125,-3.0,62.0,58.916667,1.942197,96.82,36.31,799.25,first rest
2013-06-30 10:13:13.500,-17.0,-3.0,62.0,-67.605,1.939635,96.9,36.31,799.5,first rest
2013-06-30 10:13:13.750,-17.0,-3.0,62.0,-65.739333,1.934512,96.99,36.31,799.75,first rest
2013-06-30 10:13:14.000,-17.125,-3.0,62.0,-16.563125,1.93067,97.07,36.31,800.0,first rest
2013-06-30 10:13:14.250,-17.0,-3.0,62.0,41.2025,1.92939,97.16,36.31,800.25,first rest
2013-06-30 10:13:14.500,-17.0,-3.0,62.0,22.535333,1.925547,97.24,36.31,800.5,first rest
2013-06-30 10:13:14.750,-17.0,-3.0,62.0,-31.484375,1.919144,97.33,36.31,800.75,first rest
2013-06-30 10:13:15.000,-17.0,-3.0,62.0,-24.3675,1.917863,97.43,36.29,801.0,first rest
2013-06-30 10:13:15.250,-17.375,-3.0,62.0,-45.633333,1.917863,97.53,36.29,801.25,first rest
2013-06-30 10:13:15.500,-17.125,-3.0,62.0,34.41875,1.919144,97.63,36.29,801.5,first rest
2013-06-30 10:13:15.750,-17.0,-3.0,62.0,-14.966667,1.91146,97.73,36.29,801.75,first rest
2013-06-30 10:13:16.000,-17.0,-3.0,62.0,8.8275,1.907617,97.83,36.29,802.0,first rest
2013-06-30 10:13:16.250,-17.0,-3.0,62.0,24.80375,1.908898,97.93,36.29,802.25,first rest
2013-06-30 10:13:16.500,-17.125,-3.0,62.0,-1.378667,1.906337,98.02,36.29,802.5,first rest
2013-06-30 10:13:16.750,-17.125,-3.0,62.0,22.209375,1.901214,98.14,36.29,802.75,first rest
2013-06-30 10:13:17.000,-17.0,-3.0,62.0,-41.67625,1.901214,98.27,36.27,803.0,first rest
2013-06-30 10:13:17.250,-17.0,-3.0,62.0,26.276667,1.89481,98.43,36.27,803.25,first rest
2013-06-30 10:13:17.500,-17.0,-3.0,62.0,1.3175,1.89353,98.61,36.27,803.5,first rest
2013-06-30 10:13:17.750,-17.0,-3.0,62.0,3.9,1.892249,98.8,36.27,803.75,first rest
2013-06-30 10:13:18.000,-17.125,-3.0,62.0,8.87,1.892249,98.98,36.29,804.0,first rest
2013-06-30 10:13:18.250,-17.0,-3.0,62.0,1.139375,1.887126,99.15,36.29,804.25,first rest
2013-06-30 10:13:18.500,-17.0,-3.0,62.0,35.197333,1.885845,99.32,36.29,804.5,first rest
2013-06-30 10:13:18.750,-17.0,-3.0,62.0,-9.126875,1.884565,99.47,36.29,804.75,first rest
2013-06-30 10:13:19.000,-17.0,-3.0,62.0,34.421875,1.885845,99.63,36.27,805.0,first rest
2013-06-30 10:13:19.250,-17.125,-3.0,62.0,-4.95,1.878161,99.79,36.27,805.25,first rest
2013-06-30 10:13:19.500,-17.0,-3.0,62.0,-5.5475,1.878161,99.95,36.27,805.5,first rest
2013-06-30 10:13:19.750,-17.0,-3.0,62.0,0.183333,1.879442,100.11,36.27,805.75,first rest
2013-06-30 10:13:20.000,-17.125,-3.0,62.0,-5.128125,1.874319,100.28,36.29,806.0,first rest
2013-06-30 10:13:20.250,-17.0,-3.0,62.0,19.2225,1.873038,100.45,36.29,806.25,first rest
2013-06-30 10:13:20.500,-17.25,-3.0,62.0,-4.591333,1.870477,100.62,36.29,806.5,first rest
2013-06-30 10:13:20.750,-17.0,-3.0,62.0,12.515625,1.865354,100.8,36.29,806.75,first rest
2013-06-30 10:13:21.000,-17.0,-3.0,62.0,-24.49375,1.865354,100.97,36.27,807.0,first rest
2013-06-30 10:13:21.250,-17.0,-3.0,62.0,-7.709333,1.864073,101.15,36.27,807.25,first rest
2013-06-30 10:13:21.500,-17.0,-3.0,62.0,-10.0025,1.861512,101.32,36.27,807.5,first rest
2013-06-30 10:13:21.750,-17.0,-3.0,62.0,-0.294667,1.860231,101.5,36.27,807.75,first rest
2013-06-30 10:13:22.000,-17.0,-3.0,62.0,-7.01,1.860231,101.68,36.27,808.0,first rest
2013-06-30 10:13:22.250,-17.0,-3.0,62.0,-6.7325,1.856389,101.86,36.27,808.25,first rest
2013-06-30 10:13:22.500,-17.0,-3.0,62.0,2.764667,1.853827,102.04,36.27,808.5,first rest
2013-06-30 10:13:22.750,-17.0,-3.0,62.0,-19.104375,1.852547,102.23,36.27,808.75,first rest
2013-06-30 10:13:23.000,-17.0,-3.0,62.0,11.833125,1.851266,102.42,36.27,809.0,first rest
2013-06-30 10:13:23.250,-17.25,-3.0,62.0,-25.686,1.847424,102.61,36.27,809.25,first rest
2013-06-30 10:13:23.500,-17.0,-3.0,62.0,5.398125,1.846143,102.81,36.27,809.5,first rest
2013-06-30 10:13:23.750,-17.125,-3.0,62.0,-7.199333,1.844862,103.01,36.27,809.75,first rest
2013-06-30 10:13:24.000,-17.0,-3.0,62.0,13.760625,1.842301,103.2,36.27,810.0,first rest
2013-06-30 10:13:24.250,-17.0,-3.0,62.0,14.5275,1.83974,103.39,36.27,810.25,first rest
2013-06-30 10:13:24.500,-17.0,-3.0,62.0,-0.072667,1.84102,103.59,36.27,810.5,first rest
2013-06-30 10:13:24.750,-17.0,-3.0,62.0,3.1,1.833336,103.79,36.27,810.75,first rest
2013-06-30 10:13:25.000,-17.0,-3.0,62.0,-17.2675,1.832055,104.02,36.29,811.0,first rest
2013-06-30 10:13:25.250,-17.0,-3.0,62.0,13.508667,1.834617,104.27,36.29,811.25,first rest
2013-06-30 10:13:25.500,-17.0,-3.0,62.0,-27.0025,1.832055,104.55,36.29,811.5,first rest
2013-06-30 10:13:25.750,-17.125,-3.0,62.0,-0.626667,1.832055,104.83,36.29,811.75,first rest
2013-06-30 10:13:26.000,-17.125,-3.0,62.0,-2.929375,1.830775,105.12,36.29,812.0,first rest
2013-06-30 10:13:26.250,-17.0,-3.0,62.0,28.683125,1.830775,105.4,36.29,812.25,first rest
2013-06-30 10:13:26.500,-17.0,-3.0,62.0,0.878667,1.828213,105.69,36.29,812.5,first rest
2013-06-30 10:13:26.750,-17.0,-3.0,62.0,8.283125,1.832055,105.98,36.29,812.75,first rest
2013-06-30 10:13:27.000,-17.0,-3.0,62.0,4.868125,1.832055,106.3,36.27,813.0,first rest
2013-06-30 10:13:27.250,-17.0,-3.0,62.0,11.412,1.824371,106.65,36.27,813.25,first rest
2013-06-30 10:13:27.500,-17.0,-3.0,62.0,14.551875,1.826932,107.01,36.27,813.5,first rest
2013-06-30 10:13:27.750,-17.0,-3.0,62.0,13.259333,1.825652,107.39,36.27,813.75,first rest
2013-06-30 10:13:28.000,-17.0,-3.0,62.0,6.455625,1.824371,107.77,36.27,814.0,first rest
2013-06-30 10:13:28.250,-17.0,-3.0,62.0,-13.66375,1.816687,108.14,36.27,814.25,first rest
2013-06-30 10:13:28.500,-17.125,-3.0,62.0,15.663333,1.814125,108.51,36.27,814.5,first rest
2013-06-30 10:13:28.750,-17.0,-3.0,62.0,-9.608125,1.816687,108.88,36.27,814.75,first rest
2013-06-30 10:13:29.000,-17.0,-3.0,62.0,-13.521875,1.811564,109.25,36.29,815.0,first rest
2013-06-30 10:13:29.250,-17.0,-3.0,62.0,21.974667,1.807722,109.63,36.29,815.25,first rest
2013-06-30 10:13:29.500,-17.0,-3.0,62.0,-0.616875,1.806441,110.01,36.29,815.5,first rest
2013-06-30 10:13:29.750,-17.0,-3.0,62.0,-30.718667,1.807722,110.39,36.29,815.75,first rest
2013-06-30 10:13:30.000,-17.0,-3.0,62.0,12.116875,1.802599,110.78,36.27,816.0,first rest
2013-06-30 10:13:30.250,-17.0,-3.0,62.0,8.579375,1.798757,111.17,36.27,816.25,first rest
2013-06-30 10:13:30.500,-17.0,-3.0,62.0,-9.101333,1.796195,111.55,36.27,816.5,first rest
2013-06-30 10:13:30.750,-17.0,-3.0,62.0,-35.765,1.796195,111.94,36.27,816.75,first rest
2013-06-30 10:13:31.000,-17.125,-3.0,62.0,15.136875,1.797476,112.32,36.29,817.0,first rest
2013-06-30 10:13:31.250,-17.0,-3.0,62.0,9.663333,1.792353,112.7,36.29,817.25,first rest
2013-06-30 10:13:31.500,-17.0,-3.0,62.0,-19.659375,1.791072,113.08,36.29,817.5,first rest
2013-06-30 10:13:31.750,-17.0,-3.0,62.0,-40.506,1.789792,113.47,36.29,817.75,first rest
2013-06-30 10:13:32.000,-17.0,-3.0,62.0,24.49125,1.789792,113.85,36.27,818.0,first rest
2013-06-30 10:13:32.250,-17.0,-3.0,62.0,30.750625,1.788511,114.23,36.27,818.25,first rest
2013-06-30 10:13:32.500,-17.0,-3.0,62.0,-8.520667,1.782107,114.62,36.27,818.5,first rest
2013-06-30 10:13:32.750,-17.0,-3.0,62.0,-17.9125,1.784669,115.0,36.27,818.75,first rest
2013-06-30 10:13:33.000,-17.0,-3.0,62.0,26.02625,1.782107,115.38,36.31,819.0,first rest
2013-06-30 10:13:33.250,-17.0,-3.0,62.0,5.910667,1.779546,115.76,36.31,819.25,first rest
2013-06-30 10:13:33.500,-17.125,-3.0,62.0,-35.851875,1.783388,116.13,36.31,819.5,first rest
2013-06-30 10:13:33.750,-17.0,-3.0,62.0,11.313333,1.782107,116.51,36.31,819.75,first rest
2013-06-30 10:13:34.000,-17.0,-3.0,62.0,26.36,1.780827,116.88,36.29,820.0,first rest
2013-06-30 10:13:34.250,-17.0,-3.0,62.0,-2.665625,1.78595,117.25,36.29,820.25,first rest
2013-06-30 10:13:34.500,-17.0,-3.0,62.0,-41.819333,1.779546,117.63,36.29,820.5,first rest
2013-06-30 10:13:34.750,-17.0,-3.0,62.0,23.243125,1.775704,118.0,36.29,820.75,first rest
2013-06-30 10:13:35.000,-17.0,-3.0,62.0,26.5275,1.770581,118.38,36.31,821.0,first rest
2013-06-30 10:13:35.250,-17.0,-3.0,62.0,-10.552,1.771862,118.76,36.31,821.25,first rest
2013-06-30 10:13:35.500,-17.0,-3.0,62.0,-33.955,1.76802,119.13,36.31,821.5,first rest
2013-06-30 10:13:35.750,-17.0,-3.0,62.0,23.882,1.76802,119.51,36.31,821.75,first rest
2013-06-30 10:13:36.000,-17.125,-3.0,62.0,7.078125,1.761616,119.88,36.31,822.0,first rest
2013-06-30 10:13:36.250,-17.125,-3.0,62.0,-34.454375,1.762897,120.25,36.31,822.25,first rest
2013-06-30 10:13:36.500,-17.0,-3.0,62.0,-2.000667,1.755212,120.63,36.31,822.5,first rest
2013-06-30 10:13:36.750,-17.0,-3.0,62.0,28.921875,1.752651,121.0,36.31,822.75,first rest
2013-06-30 10:13:37.000,-17.0,-3.0,62.0,4.545625,1.755212,121.38,36.27,823.0,first rest
2013-06-30 10:13:37.250,-17.0,-3.0,62.0,-13.064,1.744967,121.76,36.27,823.25,first rest
2013-06-30 10:13:37.500,-17.125,-3.0,62.0,15.06875,1.75009,122.13,36.27,823.5,first rest
2013-06-30 10:13:37.750,-17.0,-3.0,62.0,-10.324667,1.746247,122.51,36.27,823.75,first rest
2013-06-30 10:13:38.000,-17.0,-3.0,62.0,-15.5225,1.747528,122.88,36.29,824.0,first rest
2013-06-30 10:13:38.250,-17.0,-3.0,62.0,18.42875,1.742405,123.25,36.29,824.25,first rest
2013-06-30 10:13:38.500,-17.0,-3.0,62.0,-10.292,1.743686,123.63,36.29,824.5,first rest
2013-06-30 10:13:38.750,-17.0,-3.0,62.0,-8.169375,1.738563,124.0,36.29,824.75,first rest
2013-06-30 10:13:39.000,-17.0,-3.0,62.0,17.1475,1.739844,124.38,36.31,825.0,first rest
2013-06-30 10:13:39.250,-17.0,-3.0,62.0,-19.59,1.73344,124.76,36.31,825.25,first rest
2013-06-30 10:13:39.500,-17.125,-3.0,62.0,-12.0025,1.73344,125.14,36.31,825.5,first rest
2013-06-30 10:13:39.750,-17.0,-3.0,62.0,12.218667,1.734721,125.52,36.31,825.75,first rest
2013-06-30 10:13:40.000,-17.0,-3.0,62.0,-13.225,1.73344,125.9,36.29,826.0,first rest
2013-06-30 10:13:40.250,-17.0,-3.0,62.0,16.814375,1.727037,126.28,36.29,826.25,first rest
2013-06-30 10:13:40.500,-17.125,-3.0,62.0,28.144667,1.727037,126.65,36.29,826.5,first rest
2013-06-30 10:13:40.750,-17.0,-3.0,62.0,-16.40375,1.730879,127.03,36.29,826.75,first rest
2013-06-30 10:13:41.000,-17.111,-3.0,62.0,23.609375,1.720633,127.4,36.29,827.0,first rest
2013-06-30 10:13:41.250,-17.0,-3.0,62.0,2.602,1.721914,127.77,36.29,827.25,first rest
2013-06-30 10:13:41.500,-17.0,-3.0,62.0,-30.23875,1.719352,128.14,36.29,827.5,first rest
2013-06-30 10:13:41.750,-17.125,-3.0,62.0,22.400667,1.718072,128.51,36.29,827.75,first rest
2013-06-30 10:13:42.000,-17.0,-3.0,62.0,-2.44125,1.71423,128.88,36.27,828.0,first rest
2013-06-30 10:13:42.250,-17.0,-3.0,62.0,-19.7325,1.712949,129.25,36.27,828.25,first rest
2013-06-30 10:13:42.500,-17.0,-3.0,62.0,8.414,1.712949,129.61,36.27,828.5,first rest
2013-06-30 10:13:42.750,-17.0,-3.0,62.0,-14.13,1.712949,129.98,36.27,828.75,first rest
2013-06-30 10:13:43.000,-17.0,-3.0,62.0,1.098125,1.706545,130.35,36.29,829.0,first rest
2013-06-30 10:13:43.250,-17.125,-3.0,62.0,23.153333,1.709107,130.73,36.29,829.25,first rest
2013-06-30 10:13:43.500,-17.0,-3.0,62.0,-0.63625,1.706545,131.11,36.29,829.5,first rest
2013-06-30 10:13:43.750,-17.125,-3.0,62.0,24.037333,1.702703,131.49,36.29,829.75,first rest
2013-06-30 10:13:44.000,-17.0,-3.0,62.0,1.78,1.703984,131.87,36.29,830.0,first rest
2013-06-30 10:13:44.250,-17.0,-3.0,62.0,-27.545625,1.69758,132.24,36.29,830.25,first rest
2013-06-30 10:13:44.500,-17.125,-3.0,62.0,15.890667,1.703984,132.61,36.29,830.5,first rest
2013-06-30 10:13:44.750,-17.0,-3.0,62.0,-9.8,1.69758,132.98,36.29,830.75,first rest
2013-06-30 10:13:45.000,-17.0,-3.0,62.0,-18.6825,1.693738,133.35,36.27,831.0,first rest
2013-06-30 10:13:45.250,-17.125,-3.0,62.0,-0.163333,1.693738,133.72,36.27,831.25,first rest
2013-06-30 10:13:45.500,-17.0,-3.0,62.0,-18.759375,1.693738,134.09,36.27,831.5,first rest
2013-06-30 10:13:45.750,-17.0,-3.0,62.0,10.216,1.688615,134.45,36.27,831.75,first rest
2013-06-30 10:13:46.000,-17.125,-3.0,62.0,23.580625,1.686054,134.82,36.29,832.0,first rest
2013-06-30 10:13:46.250,-17.125,-3.0,62.0,0.074375,1.684773,135.18,36.29,832.25,first rest
2013-06-30 10:13:46.500,-17.375,-3.0,62.0,28.198,1.684773,135.54,36.29,832.5,first rest
2013-06-30 10:13:46.750,-17.125,-3.0,62.0,-5.044375,1.67965,135.91,36.29,832.75,first rest
2013-06-30 10:13:47.000,-17.0,-3.0,62.0,-20.505,1.67837,136.27,36.27,833.0,first rest
2013-06-30 10:13:47.250,-17.25,-3.0,62.0,13.534667,1.675808,136.64,36.27,833.25,first rest
2013-06-30 10:13:47.500,-17.0,-3.0,62.0,-20.436875,1.675808,137.01,36.27,833.5,first rest
2013-06-30 10:13:47.750,-17.0,-3.0,62.0,-18.346,1.674528,137.37,36.27,833.75,first rest
2013-06-30 10:13:48.000,-17.125,-3.0,62.0,5.560625,1.671966,137.72,36.29,834.0,first rest
2013-06-30 10:13:48.250,-17.125,-3.0,62.0,-18.283125,1.669405,138.06,36.29,834.25,first rest
2013-06-30 10:13:48.500,-17.125,-3.0,62.0,22.044,1.668124,138.39,36.29,834.5,first rest
2013-06-30 10:13:48.750,-17.111,-3.0,62.0,23.38625,1.666843,138.72,36.29,834.75,first rest
2013-06-30 10:13:49.000,-17.0,-3.0,62.0,0.059375,1.664282,139.05,36.29,835.0,first rest
2013-06-30 10:13:49.250,-17.125,-3.0,62.0,24.616667,1.66172,139.39,36.29,835.25,first rest
2013-06-30 10:13:49.500,-17.0,-3.0,62.0,-17.09875,1.659159,139.73,36.29,835.5,first rest
2013-06-30 10:13:49.750,-17.0,-3.0,62.0,-11.414667,1.657878,140.08,36.29,835.75,first rest
2013-06-30 10:13:50.000,-17.0,-3.0,62.0,8.613125,1.656597,140.42,36.29,836.0,first rest
2013-06-30 10:13:50.250,-17.0,-3.0,62.0,-28.89625,1.655317,140.76,36.29,836.25,first rest
2013-06-30 10:13:50.500,-17.0,-3.0,62.0,1.104667,1.652755,141.1,36.29,836.5,first rest
2013-06-30 10:13:50.750,-17.125,-3.0,62.0,-7.770625,1.654036,141.43,36.29,836.75,first rest
2013-06-30 10:13:51.000,-17.0,-3.0,62.0,-25.01875,1.648913,141.77,36.27,837.0,first rest
2013-06-30 10:13:51.250,-17.125,-3.0,62.0,24.248667,1.650194,142.11,36.27,837.25,first rest
2013-06-30 10:13:51.500,-17.0,-3.0,62.0,19.12,1.647632,142.45,36.27,837.5,first rest
2013-06-30 10:13:51.750,-17.0,-3.0,62.0,1.044667,1.647632,142.79,36.27,837.75,first rest
2013-06-30 10:13:52.000,-17.125,-3.0,62.0,28.67,1.641229,143.12,36.27,838.0,first rest
2013-06-30 10:13:52.250,-17.0,-3.0,62.0,-13.900625,1.645071,143.45,36.27,838.25,first rest
2013-06-30 10:13:52.500,-17.0,-3.0,62.0,-3.772,1.64379,143.77,36.27,838.5,first rest
2013-06-30 10:13:52.750,-17.0,-3.0,62.0,7.853125,1.641229,144.1,36.27,838.75,first rest
2013-06-30 10:13:53.000,-17.0,-3.0,62.0,-31.776875,1.633545,144.42,36.27,839.0,first rest
2013-06-30 10:13:53.250,-17.0,-3.0,62.0,3.9,1.637387,144.75,36.27,839.25,first rest
2013-06-30 10:13:53.500,-17.0,-3.0,62.0,-6.44625,1.630983,145.07,36.27,839.5,first rest
2013-06-30 10:13:53.750,-17.0,-3.0,62.0,-17.993333,1.629702,145.4,36.27,839.75,first rest
2013-06-30 10:13:54.000,-17.125,-3.0,62.0,31.79875,1.628422,145.72,36.27,840.0,first rest
2013-06-30 10:13:54.250,-17.25,-2.875,62.0,4.71375,1.62458,146.04,36.27,840.25,first rest
2013-06-30 10:13:54.500,-17.125,-3.0,62.125,12.556,1.62586,146.35,36.27,840.5,first rest
2013-06-30 10:13:54.750,-17.25,-3.0,62.0,15.84375,1.622018,146.66,36.27,840.75,first rest
2013-06-30 10:13:55.000,-17.25,-3.0,62.0,-23.433125,1.620737,146.97,36.27,841.0,first rest
2013-06-30 10:13:55.250,-17.0,-3.0,62.0,12.624667,1.614334,147.27,36.27,841.25,first rest
2013-06-30 10:13:55.500,-17.125,-3.0,62.0,-6.88875,1.614334,147.56,36.27,841.5,first rest
2013-06-30 10:13:55.750,-17.125,-3.0,62.0,-20.456,1.616895,147.86,36.27,841.75,first rest
2013-06-30 10:13:56.000,-17.0,-3.0,62.0,-2.748125,1.611773,148.15,36.27,842.0,first rest
2013-06-30 10:13:56.250,-17.25,-3.0,62.0,-25.778125,1.613053,148.44,36.27,842.25,first rest
2013-06-30 10:13:56.500,-17.222,-3.0,62.0,17.566667,1.60793,148.74,36.27,842.5,first rest
2013-06-30 10:13:56.750,-17.0,-3.0,62.0,17.673125,1.604088,149.03,36.27,842.75,first rest
2013-06-30 10:13:57.000,-17.125,-3.0,62.0,2.824375,1.604088,149.32,36.27,843.0,first rest
2013-06-30 10:13:57.250,-17.0,-3.0,62.0,17.856,1.602808,149.61,36.27,843.25,first rest
2013-06-30 10:13:57.500,-17.125,-3.0,62.0,-9.431875,1.601527,149.9,36.27,843.5,first rest
2013-06-30 10:13:57.750,-17.0,-3.0,62.0,-0.392,1.597685,150.19,36.27,843.75,first rest
2013-06-30 10:13:58.000,-17.0,-3.0,62.0,0.49625,1.593843,150.48,36.29,844.0,first rest
2013-06-30 10:13:58.250,-17.25,-3.0,62.0,-24.153125,1.597685,150.77,36.29,844.25,first rest
2013-06-30 10:13:58.500,-17.0,-3.0,62.0,2.398,1.592562,151.06,36.29,844.5,first rest
2013-06-30 10:13:58.750,-17.0,-3.0,62.0,-9.38375,1.595123,151.36,36.29,844.75,first rest
2013-06-30 10:13:59.000,-17.125,-3.0,62.0,-17.421875,1.586158,151.65,36.29,845.0,first rest
2013-06-30 10:13:59.250,-17.125,-3.0,62.0,23.156667,1.584877,151.94,36.29,845.25,first rest
2013-06-30 10:13:59.500,-17.25,-3.0,62.0,16.7,1.58872,152.24,36.29,845.5,first rest
2013-06-30 10:13:59.750,-17.125,-3.0,62.0,8.720667,1.584877,152.53,36.29,845.75,first rest
2013-06-30 10:14:00.000,-17.0,-3.0,62.0,9.8925,1.583597,152.83,36.29,846.0,first rest
2013-06-30 10:14:00.250,-17.222,-3.0,62.0,-22.95125,1.577193,153.13,36.29,846.25,first rest
2013-06-30 10:14:00.500,-17.125,-3.0,62.0,1.430667,1.573351,153.42,36.29,846.5,first rest
2013-06-30 10:14:00.750,-17.0,-3.0,62.0,9.34875,1.574632,153.73,36.29,846.75,first rest
2013-06-30 10:14:01.000,-17.125,-3.0,62.0,-25.94375,1.568228,154.03,36.31,847.0,first rest
2013-06-30 10:14:01.250,-17.0,-3.0,62.0,8.000667,1.57079,154.34,36.31,847.25,first rest
2013-06-30 10:14:01.500,-17.125,-3.0,62.0,-3.9875,1.569509,154.65,36.31,847.5,first rest
2013-06-30 10:14:01.750,-17.125,-3.0,62.0,-26.058667,1.564386,154.95,36.31,847.75,first rest
2013-06-30 10:14:02.000,-17.0,-3.0,62.0,24.850625,1.563105,155.25,36.29,848.0,first rest
2013-06-30 10:14:02.250,-17.0,-3.0,62.0,19.798125,1.561825,155.54,36.29,848.25,first rest
2013-06-30 10:14:02.500,-17.125,-3.0,62.0,-5.350667,1.557982,155.82,36.29,848.5,first rest
2013-06-30 10:14:02.750,-17.0,-3.0,62.0,24.128125,1.557982,156.09,36.29,848.75,first rest
2013-06-30 10:14:03.000,-17.0,-3.0,62.0,-9.58,1.55414,156.37,36.31,849.0,first rest
2013-06-30 10:14:03.250,-17.0,-3.0,62.0,-12.413333,1.55286,156.65,36.31,849.25,first rest
2013-06-30 10:14:03.500,-17.125,-3.0,62.0,12.46125,1.55286,156.93,36.31,849.5,first rest
2013-06-30 10:14:03.750,-17.0,-3.0,62.0,-17.898,1.543895,157.22,36.31,849.75,first rest
2013-06-30 10:14:04.000,-17.125,-3.0,62.0,-1.72375,1.545175,157.5,36.31,850.0,first rest
2013-06-30 10:14:04.250,-17.222,-3.0,62.0,-5.54125,1.542614,157.78,36.31,850.25,first rest
2013-06-30 10:14:04.500,-17.125,-3.0,62.0,-34.192667,1.545175,158.06,36.31,850.5,first rest
2013-06-30 10:14:04.750,-17.0,-3.0,62.0,17.30625,1.541333,158.34,36.31,850.75,first rest
2013-06-30 10:14:05.000,-17.0,-3.0,62.0,8.34125,1.540053,158.62,36.31,851.0,first rest
2013-06-30 10:14:05.250,-17.0,-3.0,62.0,4.452,1.537491,158.89,36.31,851.25,first rest
2013-06-30 10:14:05.500,-17.0,-3.0,62.0,29.855625,1.538772,159.16,36.31,851.5,first rest
2013-06-30 10:14:05.750,-17.0,-3.0,62.0,-9.927333,1.53493,159.43,36.31,851.75,first rest
2013-06-30 10:14:06.000,-17.125,-3.0,62.0,-3.11875,1.533649,159.7,36.33,852.0,first rest
2013-06-30 10:14:06.250,-17.0,-3.0,62.0,6.611875,1.533649,159.97,36.33,852.25,first rest
2013-06-30 10:14:06.500,-17.0,-3.0,62.0,-26.839333,1.528526,160.24,36.33,852.5,first rest
2013-06-30 10:14:06.750,-17.0,-3.0,62.0,14.75625,1.524684,160.5,36.33,852.75,first rest
2013-06-30 10:14:07.000,-17.0,-3.0,62.0,1.70375,1.522123,160.77,36.33,853.0,first rest
2013-06-30 10:14:07.250,-17.0,-3.0,62.0,-34.502667,1.520842,161.03,36.33,853.25,first rest
2013-06-30 10:14:07.500,-17.0,-3.0,62.0,10.46875,1.51828,161.3,36.33,853.5,first rest
2013-06-30 10:14:07.750,-17.0,-3.0,62.0,4.006,1.515719,161.56,36.33,853.75,first rest
2013-06-30 10:14:08.000,-17.111,-3.0,62.0,-4.35375,1.513157,161.82,36.33,854.0,first rest
2013-06-30 10:14:08.250,-17.0,-3.0,62.0,36.6125,1.510596,162.08,36.33,854.25,first rest
2013-06-30 10:14:08.500,-17.25,-3.0,62.0,6.976,1.511877,162.35,36.33,854.5,first rest
2013-06-30 10:14:08.750,-17.0,-3.0,62.0,-6.5875,1.509315,162.61,36.33,854.75,first rest
2013-06-30 10:14:09.000,-17.0,-3.0,62.0,5.598125,1.506754,162.87,36.33,855.0,first rest
2013-06-30 10:14:09.250,-17.125,-3.0,62.0,-19.487333,1.508035,163.13,36.33,855.25,first rest
2013-06-30 10:14:09.500,-17.0,-3.0,62.0,0.158125,1.502912,163.39,36.33,855.5,first rest
2013-06-30 10:14:09.750,-17.0,-3.0,62.0,8.715333,1.50035,163.64,36.33,855.75,first rest
2013-06-30 10:14:10.000,-17.0,-3.0,62.0,-20.140625,1.496508,163.9,36.37,856.0,first rest
2013-06-30 10:14:10.250,-17.0,-3.0,62.0,3.349375,1.50035,164.16,36.37,856.25,first rest
2013-06-30 10:14:10.500,-17.0,-3.0,62.0,0.412667,1.495227,164.41,36.37,856.5,first rest
2013-06-30 10:14:10.750,-17.0,-3.0,62.0,-28.143125,1.492666,164.67,36.37,856.75,first rest
2013-06-30 10:14:11.000,-17.0,-3.0,62.0,8.618125,1.491385,164.92,36.34,857.0,first rest
2013-06-30 10:14:11.250,-17.0,-3.0,62.0,21.141333,1.484982,165.17,36.34,857.25,first rest
2013-06-30 10:14:11.500,-17.25,-3.0,62.0,-7.90875,1.486262,165.42,36.34,857.5,first rest
2013-06-30 10:14:11.750,-17.0,-3.0,62.0,21.736,1.486262,165.67,36.34,857.75,first rest
2013-06-30 10:14:12.000,-17.0,-3.0,62.0,8.21875,1.48114,165.92,36.34,858.0,first rest
2013-06-30 10:14:12.250,-17.0,-3.0,62.0,-30.326875,1.48242,166.16,36.34,858.25,first rest
2013-06-30 10:14:12.500,-17.0,-3.0,62.0,11.682667,1.483701,166.41,36.34,858.5,first rest
2013-06-30 10:14:12.750,-17.25,-3.0,62.0,2.195625,1.479859,166.65,36.34,858.75,first rest
2013-06-30 10:14:13.000,-17.0,-3.0,62.0,-30.235625,1.48242,166.9,36.34,859.0,first rest
2013-06-30 10:14:13.250,-17.125,-3.0,62.0,19.86,1.473455,167.15,36.34,859.25,first rest
2013-06-30 10:14:13.500,-17.0,-3.0,62.0,-2.400625,1.473455,167.41,36.34,859.5,first rest
2013-06-30 10:14:13.750,-17.0,-3.0,62.0,-39.603333,1.472175,167.67,36.34,859.75,first rest
2013-06-30 10:14:14.000,-17.0,-3.0,62.0,17.69,1.470894,167.93,36.41,860.0,first rest
2013-06-30 10:14:14.250,-17.125,-3.0,62.0,8.02625,1.468333,168.18,36.41,860.25,first rest
2013-06-30 10:14:14.500,-17.0,-3.0,62.0,-5.854667,1.467052,168.44,36.41,860.5,first rest
2013-06-30 10:14:14.750,-17.0,-3.0,62.0,43.284375,1.46449,168.68,36.41,860.75,first rest
2013-06-30 10:14:15.000,-17.0,-3.0,62.0,6.906875,1.46449,168.93,36.39,861.0,first rest
2013-06-30 10:14:15.250,-17.0,-3.0,62.0,-2.293333,1.46321,169.18,36.39,861.25,first rest
2013-06-30 10:14:15.500,-17.125,-3.0,62.0,4.888125,1.458087,169.42,36.39,861.5,first rest
2013-06-30 10:14:15.750,-17.0,-3.0,62.0,-26.312,1.455525,169.67,36.39,861.75,first rest
2013-06-30 10:14:16.000,-17.125,-3.0,62.0,13.10125,1.452964,169.92,36.41,862.0,first rest
2013-06-30 10:14:16.250,-17.125,-3.0,62.0,6.65875,1.450402,170.17,36.41,862.25,first rest
2013-06-30 10:14:16.500,-17.0,-3.0,62.0,-32.58,1.44528,170.42,36.41,862.5,first rest
2013-06-30 10:14:16.750,-17.125,-3.0,62.0,9.7425,1.447841,170.66,36.41,862.75,first rest
2013-06-30 10:14:17.000,-17.0,-3.0,62.0,-0.1075,1.443999,170.87,36.39,863.0,first rest
2013-06-30 10:14:17.250,-17.125,-3.0,62.0,-16.580667,1.44656,171.06,36.39,863.25,first rest
2013-06-30 10:14:17.500,-17.125,-3.0,62.0,35.093125,1.438876,171.23,36.39,863.5,first rest
2013-06-30 10:14:17.750,-17.125,-3.0,62.0,12.530667,1.459168,171.39,36.39,863.75,first rest
2013-06-30 10:14:18.000,-17.0,-3.0,62.0,-9.38375,1.460449,171.55,36.45,864.0,first rest
2013-06-30 10:14:18.250,-17.25,-3.0,62.125,7.480625,1.459168,171.73,36.45,864.25,first rest
2013-06-30 10:14:18.500,-17.25,-3.0,62.0,-18.182,1.451484,171.91,36.45,864.5,first rest
2013-06-30 10:14:18.750,-17.75,-3.0,62.0,-0.461875,1.450203,172.11,36.45,864.75,first rest
2013-06-30 10:14:19.000,-17.875,-3.0,62.0,6.60125,1.447642,172.3,36.43,865.0,first rest
2013-06-30 10:14:19.250,-17.75,-3.0,62.0,-23.410667,1.447642,172.49,36.43,865.25,first rest
2013-06-30 10:14:19.500,-17.375,-3.0,62.0,1.956875,1.446361,172.68,36.43,865.5,first rest
2013-06-30 10:14:19.750,-17.667,-3.0,62.0,-1.386667,1.442519,172.86,36.43,865.75,first rest
2013-06-30 10:14:20.000,-17.75,-3.0,62.0,-24.12375,1.441238,173.05,36.45,866.0,first rest
2013-06-30 10:14:20.250,-17.625,-3.0,62.0,21.053125,1.441238,173.23,36.45,866.25,first rest
2013-06-30 10:14:20.500,-17.75,-3.0,62.0,22.313333,1.434835,173.42,36.45,866.5,first rest
2013-06-30 10:14:20.750,-17.5,-3.0,62.0,-12.5525,1.430993,173.6,36.45,866.75,first rest
2013-06-30 10:14:21.000,-17.5,-3.0,62.0,15.921875,1.429712,173.78,36.47,867.0,first rest
2013-06-30 10:14:21.250,-17.75,-3.0,62.0,-2.036,1.436115,173.96,36.47,867.25,first rest
2013-06-30 10:14:21.500,-17.625,-3.0,62.0,-24.1575,1.433554,174.13,36.47,867.5,first rest
2013-06-30 10:14:21.750,-17.75,-3.0,62.0,15.600667,1.424589,174.3,36.47,867.75,first rest
2013-06-30 10:14:22.000,-17.25,-3.0,62.125,-4.11125,1.423308,174.48,36.49,868.0,first rest
2013-06-30 10:14:22.250,-17.25,-3.0,62.0,-17.6825,1.420747,174.66,36.49,868.25,first rest
2013-06-30 10:14:22.500,-17.125,-3.0,62.125,12.348,1.422028,174.83,36.49,868.5,first rest
2013-06-30 10:14:22.750,-16.375,-2.875,62.625,-12.30625,1.415624,175.01,36.49,868.75,first rest
2013-06-30 10:14:23.000,-16.375,-3.0,62.0,-14.82375,1.419466,175.17,36.49,869.0,first rest
2013-06-30 10:14:23.250,-16.25,-3.0,62.25,17.762,1.416905,175.33,36.49,869.25,first rest
2013-06-30 10:14:23.500,-16.556,-3.0,62.111,4.411875,1.414343,175.48,36.49,869.5,first rest
2013-06-30 10:14:23.750,-16.5,-3.0,62.25,15.662667,1.410501,175.63,36.49,869.75,first rest
2013-06-30 10:14:24.000,-16.625,-3.0,62.0,11.9475,1.406659,175.78,36.5,870.0,first rest
2013-06-30 10:14:24.250,-16.25,-3.0,62.125,-10.965625,1.406659,175.94,36.5,870.25,first rest
2013-06-30 10:14:24.500,-16.75,-3.0,62.0,11.677333,1.40794,176.1,36.5,870.5,first rest
2013-06-30 10:14:24.750,-16.375,-3.0,62.25,0.36875,1.406659,176.25,36.5,870.75,first rest
2013-06-30 10:14:25.000,-16.625,-3.0,62.125,-28.986875,1.397694,176.38,36.53,871.0,first rest
2013-06-30 10:14:25.250,-16.25,-3.0,62.125,19.303333,1.396413,176.48,36.53,871.25,first rest
2013-06-30 10:14:25.500,-16.5,-3.0,62.0,2.1575,1.395133,176.56,36.53,871.5,first rest
2013-06-30 10:14:25.750,-16.625,-3.0,62.0,-30.962,1.395133,176.63,36.53,871.75,first rest
2013-06-30 10:14:26.000,-16.75,-3.0,62.0,10.366875,1.397694,176.7,36.53,872.0,first rest
2013-06-30 10:14:26.250,-16.625,-3.0,62.0,0.05375,1.397694,176.78,36.53,872.25,first rest
2013-06-30 10:14:26.500,-16.875,-3.0,62.125,-14.915333,1.39129,176.85,36.53,872.5,first rest
2013-06-30 10:14:26.750,-16.75,-3.0,62.0,32.104375,1.387448,176.92,36.53,872.75,first rest
2013-06-30 10:14:27.000,-16.875,-3.0,62.0,9.206875,1.39001,176.97,36.55,873.0,first rest
2013-06-30 10:14:27.250,-16.875,-3.0,62.0,-6.605333,1.388729,176.99,36.55,873.25,first rest
2013-06-30 10:14:27.500,-16.778,-3.0,62.0,13.798125,1.39001,176.99,36.55,873.5,first rest
2013-06-30 10:14:27.750,-16.75,-3.0,62.0,-13.251333,1.387448,176.98,36.55,873.75,first rest
2013-06-30 10:14:28.000,-16.75,-3.0,62.0,-4.471875,1.384887,176.97,36.55,874.0,first rest
2013-06-30 10:14:28.250,-16.5,-3.0,62.0,9.729375,1.388729,176.96,36.55,874.25,first rest
2013-06-30 10:14:28.500,-16.75,-3.0,62.0,-18.388,1.382325,176.96,36.55,874.5,first rest
2013-06-30 10:14:28.750,-16.625,-3.0,62.0,-0.66625,1.382325,176.95,36.55,874.75,first rest
2013-06-30 10:14:29.000,-16.5,-3.0,62.0,-2.158125,1.384887,176.95,36.55,875.0,first rest
2013-06-30 10:14:29.250,-16.75,-3.0,62.0,-26.534,1.379764,176.95,36.55,875.25,first rest
2013-06-30 10:14:29.500,-16.75,-3.0,62.0,9.6625,1.382325,176.94,36.55,875.5,first rest
2013-06-30 10:14:29.750,-16.625,-3.0,62.0,16.014667,1.379764,176.93,36.55,875.75,first rest
2013-06-30 10:14:30.000,-16.25,-3.0,62.25,0.5725,1.383606,176.93,36.59,876.0,first rest
2013-06-30 10:14:30.250,-16.625,-3.0,62.25,29.000625,1.381045,176.93,36.59,876.25,first rest
2013-06-30 10:14:30.500,-16.375,-3.0,62.0,-1.573333,1.392571,176.93,36.59,876.5,first rest
2013-06-30 10:14:30.750,-16.375,-3.0,62.125,-22.175625,1.396413,176.93,36.59,876.75,first rest
2013-06-30 10:14:31.000,-16.5,-3.0,62.0,12.97625,1.40922,176.93,36.61,877.0,first rest
2013-06-30 10:14:31.250,-16.667,-3.0,62.0,-9.872667,1.420747,176.93,36.61,877.25,first rest
2013-06-30 10:14:31.500,-16.375,-3.0,62.125,-12.003125,1.442519,176.94,36.61,877.5,first rest
2013-06-30 10:14:31.750,-16.5,-3.0,62.125,14.230667,1.446361,176.94,36.61,877.75,first rest
2013-06-30 10:14:32.000,-16.0,-3.0,62.25,-12.100625,1.447642,176.95,36.61,878.0,first rest
2013-06-30 10:14:32.250,-16.25,-3.0,62.125,-12.561875,1.446361,176.96,36.61,878.25,first rest
2013-06-30 10:14:32.500,-16.0,-3.0,62.25,2.059333,1.448923,176.96,36.61,878.5,first rest
2013-06-30 10:14:32.750,-16.0,-3.0,62.25,-11.5925,1.4438,176.97,36.61,878.75,first rest
2013-06-30 10:14:33.000,-16.375,-3.0,62.25,15.693125,1.436115,176.98,36.61,879.0,first rest
2013-06-30 10:14:33.250,-16.0,-3.0,62.125,26.53,1.430993,176.99,36.61,879.25,first rest
2013-06-30 10:14:33.500,-16.25,-3.0,62.125,-7.795,1.42715,177.0,36.61,879.5,first rest
2013-06-30 10:14:33.750,-16.375,-3.0,62.0,15.318667,1.422028,177.01,36.61,879.75,first rest
2013-06-30 10:14:34.000,-16.125,-3.0,62.125,-2.958125,1.416905,177.02,36.61,880.0,first rest
2013-06-30 10:14:34.250,-16.375,-3.0,62.0,-22.0075,1.40922,177.03,36.61,880.25,first rest
2013-06-30 10:14:34.500,-16.625,-3.0,62.0,16.386,1.406659,177.04,36.61,880.5,first rest
2013-06-30 10:14:34.750,-16.375,-3.0,62.125,-2.6475,1.405378,177.04,36.61,880.75,first rest
2013-06-30 10:14:35.000,-16.875,-3.0,62.0,-17.47,1.398975,177.05,36.61,881.0,first rest
2013-06-30 10:14:35.250,-16.444,-3.0,62.0,9.438,1.397694,177.06,36.61,881.25,first rest
2013-06-30 10:14:35.500,-16.375,-3.0,62.0,-13.56,1.392571,177.06,36.61,881.5,first rest
2013-06-30 10:14:35.750,-16.375,-3.0,62.125,-13.525333,1.395133,177.07,36.61,881.75,first rest
2013-06-30 10:14:36.000,-16.25,-3.0,62.0,13.930625,1.387448,177.08,36.63,882.0,first rest
2013-06-30 10:14:36.250,-16.5,-3.0,62.0,4.586875,1.384887,177.09,36.63,882.25,first rest
2013-06-30 10:14:36.500,-16.375,-3.0,62.0,23.807333,1.382325,177.1,36.63,882.5,first rest
2013-06-30 10:14:36.750,-16.25,-3.0,62.0,19.466875,1.378483,177.1,36.63,882.75,first rest
2013-06-30 10:14:37.000,-16.375,-3.0,62.0,-19.118125,1.377203,177.1,36.61,883.0,first rest
2013-06-30 10:14:37.250,-16.5,-3.0,62.0,10.053333,1.375922,177.09,36.61,883.25,first rest
2013-06-30 10:14:37.500,-16.625,-3.0,62.0,-4.39875,1.374641,177.08,36.61,883.5,first rest
2013-06-30 10:14:37.750,-16.5,-3.0,62.0,-21.444,1.366957,177.07,36.61,883.75,first rest
2013-06-30 10:14:38.000,-16.5,-3.0,62.0,9.18875,1.364395,177.05,36.63,884.0,first rest
2013-06-30 10:14:38.250,-16.375,-3.0,62.0,-14.815,1.361834,177.03,36.63,884.25,first rest
2013-06-30 10:14:38.500,-16.25,-3.0,62.125,-22.466667,1.359273,177.02,36.63,884.5,first rest
2013-06-30 10:14:38.750,-16.625,-3.0,62.125,7.059375,1.360553,177.0,36.63,884.75,first rest
2013-06-30 10:14:39.000,-16.111,-3.0,62.0,-0.960625,1.360553,176.98,36.63,885.0,first rest
2013-06-30 10:14:39.250,-16.375,-3.0,62.0,10.220667,1.35415,176.96,36.63,885.25,first rest
2013-06-30 10:14:39.500,-16.375,-3.0,62.0,29.379375,1.35543,176.94,36.63,885.5,first rest
2013-06-30 10:14:39.750,-16.625,-3.0,62.0,-1.066667,1.351588,176.92,36.63,885.75,first rest
2013-06-30 10:14:40.000,-16.5,-3.0,62.0,7.224375,1.351588,176.9,36.59,886.0,first rest
2013-06-30 10:14:40.250,-16.5,-3.0,62.125,-1.07375,1.347746,176.88,36.59,886.25,first rest
2013-06-30 10:14:40.500,-16.375,-3.0,62.0,-30.068,1.350308,176.86,36.59,886.5,first rest
2013-06-30 10:14:40.750,-16.5,-3.0,62.0,13.175625,1.341343,176.84,36.59,886.75,first rest
2013-06-30 10:14:41.000,-16.125,-3.0,62.0,-3.830625,1.341343,176.82,36.61,887.0,first rest
2013-06-30 10:14:41.250,-16.375,-3.0,62.0,-30.577333,1.340062,176.8,36.61,887.25,first rest
2013-06-30 10:14:41.500,-16.0,-3.0,62.0,7.75875,1.341343,176.77,36.61,887.5,first rest
2013-06-30 10:14:41.750,-16.375,-3.0,62.125,-6.486,1.3375,176.75,36.61,887.75,first rest
2013-06-30 10:14:42.000,-16.375,-3.0,62.0,-8.28375,1.333658,176.73,36.61,888.0,first rest
2013-06-30 10:14:42.250,-16.25,-3.0,62.125,29.955625,1.329816,176.72,36.61,888.25,first rest
2013-06-30 10:14:42.500,-16.5,-3.0,62.125,15.746,1.328535,176.7,36.61,888.5,first rest
2013-06-30 10:14:42.750,-17.0,-3.0,62.0,9.98125,1.325974,176.68,36.61,888.75,first rest
2013-06-30 10:14:43.000,-16.889,-3.0,62.0,7.26,1.328535,176.65,36.59,889.0,first rest
2013-06-30 10:14:43.250,-16.875,-3.0,62.0,-26.355333,1.323413,176.6,36.59,889.25,first rest
2013-06-30 10:14:43.500,-17.0,-3.0,62.0,6.444375,1.324693,176.55,36.59,889.5,first rest
2013-06-30 10:14:43.750,-17.0,-3.0,62.0,5.265333,1.322132,176.49,36.59,889.75,first rest
2013-06-30 10:14:44.000,-17.0,-3.0,62.0,-25.25625,1.31957,176.43,36.57,890.0,first rest
2013-06-30 10:14:44.250,-16.75,-3.0,62.0,16.309375,1.31829,176.38,36.57,890.25,first rest
2013-06-30 10:14:44.500,-16.5,-3.0,62.25,-4.852667,1.31957,176.34,36.57,890.5,first rest
2013-06-30 10:14:44.750,-16.5,-3.0,62.0,-34.0175,1.317009,176.3,36.57,890.75,first rest
2013-06-30 10:14:45.000,-16.125,-3.0,62.125,13.195625,1.31957,176.27,36.57,891.0,first rest
2013-06-30 10:14:45.250,-16.375,-3.0,62.125,5.094667,1.323413,176.23,36.57,891.25,first rest
2013-06-30 10:14:45.500,-16.375,-3.0,62.125,-1.85875,1.325974,176.2,36.57,891.5,first rest
2013-06-30 10:14:45.750,-16.25,-3.0,62.0,29.246667,1.329816,176.16,36.57,891.75,first rest
2013-06-30 10:14:46.000,-16.125,-3.0,62.0,3.11375,1.333658,176.13,36.57,892.0,first rest
2013-06-30 10:14:46.250,-16.25,-3.0,62.0,10.72,1.333658,176.1,36.57,892.25,first rest
2013-06-30 10:14:46.500,-16.375,-3.0,62.0,0.388667,1.333658,176.07,36.57,892.5,first rest
2013-06-30 10:14:46.750,-16.444,-3.0,62.111,-27.905,1.33622,176.03,36.57,892.75,first rest
2013-06-30 10:14:47.000,-16.5,-3.0,62.0,15.69125,1.341343,176.0,36.61,893.0,first rest
2013-06-30 10:14:47.250,-16.125,-3.0,62.0,-1.426,1.327255,175.96,36.61,893.25,first rest
2013-06-30 10:14:47.500,-16.25,-3.0,62.25,-34.711875,1.328535,175.93,36.61,893.5,first rest
2013-06-30 10:14:47.750,-16.25,-3.0,62.0,14.832667,1.325974,175.9,36.61,893.75,first rest
2013-06-30 10:14:48.000,-16.125,-3.0,62.0,-5.95625,1.324693,175.88,36.57,894.0,first rest
2013-06-30 10:14:48.250,-16.125,-3.0,62.125,-18.6725,1.322132,175.87,36.57,894.25,first rest
2013-06-30 10:14:48.500,-16.25,-3.0,62.0,6.286,1.322132,175.88,36.57,894.5,first rest
2013-06-30 10:14:48.750,-16.25,-3.0,62.0,-9.848125,1.320851,175.89,36.57,894.75,first rest
2013-06-30 10:14:49.000,-16.25,-3.0,62.25,11.894375,1.31957,175.9,36.59,895.0,first rest
2013-06-30 10:14:49.250,-16.375,-3.0,62.0,12.891333,1.31829,175.91,36.59,895.25,first rest
2013-06-30 10:14:49.500,-16.0,-3.0,62.125,0.629375,1.317009,175.91,36.59,895.5,first rest
2013-06-30 10:14:49.750,-16.25,-3.0,62.0,7.859333,1.314448,175.92,36.59,895.75,first rest
2013-06-30 10:14:50.000,-16.5,-3.0,62.125,-1.868125,1.310605,175.93,36.59,896.0,first rest
2013-06-30 10:14:50.250,-16.125,-3.0,62.0,16.19,1.308044,175.95,36.59,896.25,first rest
2013-06-30 10:14:50.500,-16.375,-3.0,62.25,5.360667,1.305483,175.96,36.59,896.5,first rest
2013-06-30 10:14:50.750,-16.333,-3.0,62.0,-17.444375,1.302921,175.98,36.59,896.75,first rest
2013-06-30 10:14:51.000,-16.125,-3.0,62.25,35.22,1.30036,176.0,36.59,897.0,first rest
2013-06-30 10:14:51.250,-16.25,-3.0,62.25,11.000667,1.30036,176.01,36.59,897.25,first rest
2013-06-30 10:14:51.500,-16.25,-3.0,62.125,-22.0625,1.295237,176.02,36.59,897.5,first rest
2013-06-30 10:14:51.750,-16.375,-3.0,62.125,-14.398,1.296518,176.04,36.59,897.75,first rest
2013-06-30 10:14:52.000,-16.375,-3.0,62.125,-12.390625,1.293956,176.05,36.59,898.0,first rest
2013-06-30 10:14:52.250,-16.125,-3.0,62.375,15.06375,1.297798,176.07,36.59,898.25,first rest
2013-06-30 10:14:52.500,-16.25,-3.0,62.125,-5.175333,1.299079,176.09,36.59,898.5,first rest
2013-06-30 10:14:52.750,-16.375,-3.0,62.125,-2.466875,1.296518,176.12,36.59,898.75,first rest
2013-06-30 10:14:53.000,-16.125,-3.0,62.125,42.580625,1.290114,176.15,36.59,899.0,first rest
2013-06-30 10:14:53.250,-16.125,-3.0,62.0,15.142667,1.292675,176.18,36.59,899.25,first rest
2013-06-30 10:14:53.500,-16.0,-3.0,62.0,-7.91125,1.28371,176.21,36.59,899.5,first rest
2013-06-30 10:14:53.750,-16.125,-3.0,62.0,17.652,1.288833,176.24,36.59,899.75,first rest
2013-06-30 10:14:54.000,-16.375,-3.0,62.125,-3.994375,1.284991,176.27,36.61,900.0,first rest
2013-06-30 10:14:54.250,-16.375,-3.0,62.0,-13.735,1.279868,176.3,36.61,900.25,first rest
2013-06-30 10:14:54.500,-16.333,-3.0,62.222,3.105333,1.279868,176.33,36.61,900.5,first rest
2013-06-30 10:14:54.750,-16.125,-3.0,62.125,-27.954375,1.272184,176.36,36.61,900.75,first rest
2013-06-30 10:14:55.000,-16.375,-3.0,62.0,-7.263125,1.274745,176.37,36.57,901.0,first rest
2013-06-30 10:14:55.250,-16.375,-3.0,62.25,-20.348,1.273465,176.37,36.57,901.25,first rest
2013-06-30 10:14:55.500,-16.25,-3.0,62.125,-6.3525,1.269623,176.36,36.57,901.5,first rest
2013-06-30 10:14:55.750,-16.0,-3.0,62.25,10.782,1.267061,176.34,36.57,901.75,first rest
2013-06-30 10:14:56.000,-16.375,-3.0,62.0,-27.411875,1.2645,176.32,36.55,902.0,first rest
2013-06-30 10:14:56.250,-16.125,-3.0,62.125,-14.373125,1.26578,176.29,36.55,902.25,first rest
2013-06-30 10:14:56.500,-16.25,-3.0,62.25,4.106667,1.26578,176.26,36.55,902.5,first rest
2013-06-30 10:14:56.750,-16.25,-3.0,62.0,-3.741875,1.260658,176.23,36.55,902.75,first rest
2013-06-30 10:14:57.000,-16.25,-3.0,62.0,19.431875,1.263219,176.2,36.55,903.0,first rest
2013-06-30 10:14:57.250,-16.25,-3.0,62.125,6.784,1.256815,176.16,36.55,903.25,first rest
2013-06-30 10:14:57.500,-16.375,-3.0,62.0,11.68125,1.254254,176.13,36.55,903.5,first rest
2013-06-30 10:14:57.750,-16.125,-3.0,62.25,4.167333,1.252973,176.09,36.55,903.75,first rest
2013-06-30 10:14:58.000,-16.25,-3.0,62.375,-15.175,1.254254,176.05,36.57,904.0,first rest
2013-06-30 10:14:58.250,-16.0,-3.0,62.0,12.141875,1.252973,176.01,36.57,904.25,first rest
2013-06-30 10:14:58.500,-16.222,-3.0,62.111,-16.826,1.249131,175.97,36.57,904.5,first rest
2013-06-30 10:14:58.750,-16.5,-3.0,62.25,2.001875,1.24785,175.92,36.57,904.75,first rest
2013-06-30 10:14:59.000,-16.125,-3.0,62.0,9.110625,1.245289,175.88,36.53,905.0,first rest
2013-06-30 10:14:59.250,-16.25,-3.0,62.25,-17.648,1.244008,175.84,36.53,905.25,first rest
2013-06-30 10:14:59.500,-16.375,-3.0,62.0,17.365,1.240166,175.79,36.53,905.5,first rest
2013-06-30 10:14:59.750,-16.375,-3.0,62.25,0.813333,1.240166,175.75,36.53,905.75,first rest
2013-06-30 10:15:00.000,-16.75,-3.0,62.0,-19.9925,1.235043,175.7,36.53,906.0,first rest
2013-06-30 10:15:00.250,-16.0,-3.0,62.0,10.13625,1.236324,175.65,36.53,906.25,first rest
2013-06-30 10:15:00.500,-16.25,-3.0,62.0,16.518,1.233763,175.61,36.53,906.5,first rest
2013-06-30 10:15:00.750,-16.25,-3.0,62.0,-18.3275,1.232482,175.56,36.53,906.75,first rest
2013-06-30 10:15:01.000,-16.25,-3.0,62.0,7.686875,1.229921,175.52,36.53,907.0,first rest
2013-06-30 10:15:01.250,-16.125,-3.0,62.125,-24.320667,1.22864,175.48,36.53,907.25,first rest
2013-06-30 10:15:01.500,-16.375,-3.0,62.0,-4.936875,1.226078,175.44,36.53,907.5,first rest
2013-06-30 10:15:01.750,-16.125,-3.0,62.125,21.627333,1.224798,175.4,36.53,907.75,first rest
2013-06-30 10:15:02.000,-16.125,-3.0,62.0,-5.96,1.223517,175.37,36.5,908.0,first rest
2013-06-30 10:15:02.250,-16.222,-3.0,62.333,4.76375,1.226078,175.34,36.5,908.25,first rest
2013-06-30 10:15:02.500,-16.375,-3.0,62.125,29.005333,1.219675,175.31,36.5,908.5,first rest
2013-06-30 10:15:02.750,-16.125,-3.0,62.0,-17.178125,1.220955,175.27,36.5,908.75,first rest
2013-06-30 10:15:03.000,-16.25,-3.0,62.25,20.0625,1.222236,175.23,36.5,909.0,first rest
2013-06-30 10:15:03.250,-16.125,-3.0,62.0,-0.482,1.215833,175.18,36.5,909.25,first rest
2013-06-30 10:15:03.500,-16.375,-3.0,62.0,-19.13,1.220955,175.13,36.5,909.5,first rest
2013-06-30 10:15:03.750,-16.25,-3.0,62.0,11.798,1.213271,175.08,36.5,909.75,first rest
2013-06-30 10:15:04.000,-16.0,-3.0,62.125,-18.201875,1.217113,175.03,36.5,910.0,first rest
2013-06-30 10:15:04.250,-16.375,-3.0,62.125,-16.238125,1.214552,174.99,36.5,910.25,first rest
2013-06-30 10:15:04.500,-16.125,-3.0,62.125,7.118,1.218394,174.95,36.5,910.5,first rest
2013-06-30 10:15:04.750,-16.25,-3.0,62.375,-16.650625,1.21199,174.91,36.5,910.75,first rest
2013-06-30 10:15:05.000,-16.375,-3.0,62.125,22.83,1.213271,174.87,36.5,911.0,first rest
2013-06-30 10:15:05.250,-16.125,-3.0,62.125,26.705333,1.206868,174.83,36.5,911.25,first rest
2013-06-30 10:15:05.500,-16.375,-3.0,62.125,-11.76875,1.205587,174.79,36.5,911.5,first rest
2013-06-30 10:15:05.750,-16.125,-3.0,62.0,24.019333,1.204306,174.77,36.5,911.75,first rest
2013-06-30 10:15:06.000,-16.125,-3.0,62.0,-5.1325,1.199183,174.75,36.5,912.0,first rest
2013-06-30 10:15:06.250,-16.444,-3.0,62.0,-13.139375,1.196622,174.75,36.5,912.25,first rest
2013-06-30 10:15:06.500,-16.125,-3.0,62.125,16.382667,1.196622,174.76,36.5,912.5,first rest
2013-06-30 10:15:06.750,-16.375,-3.0,62.25,-14.874375,1.197903,174.78,36.5,912.75,first rest
2013-06-30 10:15:07.000,-16.25,-3.0,62.25,1.42625,1.196622,174.8,36.5,913.0,first rest
2013-06-30 10:15:07.250,-16.25,-3.0,62.25,4.042667,1.19406,174.82,36.5,913.25,first rest
2013-06-30 10:15:07.500,-16.25,-3.0,62.0,-31.571875,1.190218,174.84,36.5,913.5,first rest
2013-06-30 10:15:07.750,-16.0,-3.0,62.375,7.442667,1.19406,174.85,36.5,913.75,first rest
2013-06-30 10:15:08.000,-16.375,-3.0,62.375,2.518125,1.190218,174.87,36.5,914.0,first rest
2013-06-30 10:15:08.250,-16.625,-3.125,62.0,8.068125,1.191499,174.89,36.5,914.25,first rest
2013-06-30 10:15:08.500,-16.375,-3.0,62.0,34.082667,1.188938,174.91,36.5,914.5,first rest
2013-06-30 10:15:08.750,-16.5,-3.0,62.0,-6.385625,1.187657,174.93,36.5,914.75,first rest
2013-06-30 10:15:09.000,-16.375,-3.0,62.0,8.324375,1.188938,174.95,36.5,915.0,first rest
2013-06-30 10:15:09.250,-16.25,-3.0,62.125,-6.709333,1.187657,174.97,36.5,915.25,first rest
2013-06-30 10:15:09.500,-16.25,-3.0,62.0,-13.323125,1.181253,174.99,36.5,915.5,first rest
2013-06-30 10:15:09.750,-16.125,-3.0,62.125,1.398,1.178692,175.0,36.5,915.75,first rest
2013-06-30 10:15:10.000,-16.222,-3.0,62.0,-29.475,1.179973,175.02,36.5,916.0,first rest
2013-06-30 10:15:10.250,-16.0,-3.0,62.125,8.825625,1.179973,175.04,36.5,916.25,first rest
2013-06-30 10:15:10.500,-16.125,-3.0,62.125,3.763333,1.179973,175.05,36.5,916.5,first rest
2013-06-30 10:15:10.750,-16.0,-3.0,62.125,2.966875,1.177411,175.07,36.5,916.75,first rest
2013-06-30 10:15:11.000,-16.0,-3.0,62.0,21.099375,1.17613,175.08,36.53,917.0,first rest
2013-06-30 10:15:11.250,-16.0,-3.0,62.25,0.696,1.169727,175.09,36.53,917.25,first rest
2013-06-30 10:15:11.500,-16.125,-3.0,62.5,17.431875,1.173569,175.11,36.53,917.5,first rest
2013-06-30 10:15:11.750,-16.0,-3.0,62.0,-8.856667,1.171008,175.12,36.53,917.75,first rest
2013-06-30 10:15:12.000,-16.0,-3.0,62.0,-9.475,1.168446,175.13,36.5,918.0,first rest
2013-06-30 10:15:12.250,-16.125,-3.0,62.125,2.79625,1.165885,175.14,36.5,918.25,first rest
2013-06-30 10:15:12.500,-16.0,-3.0,62.0,-16.038667,1.165885,175.16,36.5,918.5,first rest
2013-06-30 10:15:12.750,-16.25,-3.0,62.125,-0.93875,1.163323,175.17,36.5,918.75,first rest
2013-06-30 10:15:13.000,-16.0,-3.0,62.125,-5.45625,1.163323,175.18,36.53,919.0,first rest
2013-06-30 10:15:13.250,-16.0,-3.0,62.5,-25.826667,1.162043,175.19,36.53,919.25,first rest
2013-06-30 10:15:13.500,-16.125,-3.0,62.0,-1.1375,1.160762,175.2,36.53,919.5,first rest
2013-06-30 10:15:13.750,-16.0,-3.0,62.0,10.389333,1.163323,175.21,36.53,919.75,first rest
2013-06-30 10:15:14.000,-16.0,-3.0,62.111,-2.3175,1.155639,175.22,36.53,920.0,first rest
2013-06-30 10:15:14.250,-16.25,-3.0,62.125,16.5825,1.15692,175.23,36.53,920.25,first rest
2013-06-30 10:15:14.500,-16.0,-3.0,62.0,15.984,1.162043,175.23,36.53,920.5,first rest
2013-06-30 10:15:14.750,-16.0,-3.0,62.25,-11.2375,1.160762,175.24,36.53,920.75,first rest
2013-06-30 10:15:15.000,-16.125,-3.0,62.125,13.6175,1.158201,175.25,36.53,921.0,first rest
2013-06-30 10:15:15.250,-16.0,-3.0,62.125,2.304667,1.158201,175.26,36.53,921.25,first rest
2013-06-30 10:15:15.500,-16.125,-3.0,62.125,-31.038125,1.158201,175.27,36.53,921.5,first rest
2013-06-30 10:15:15.750,-16.25,-3.0,62.125,13.248667,1.160762,175.28,36.53,921.75,first rest
2013-06-30 10:15:16.000,-16.125,-3.0,62.125,4.828125,1.151797,175.28,36.53,922.0,first rest
2013-06-30 10:15:16.250,-16.125,-3.0,62.0,-32.66,1.158201,175.28,36.53,922.25,first rest
2013-06-30 10:15:16.500,-15.875,-3.0,62.25,17.692,1.159481,175.27,36.53,922.5,first rest
2013-06-30 10:15:16.750,-16.25,-3.0,62.25,10.38,1.155639,175.26,36.53,922.75,first rest
2013-06-30 10:15:17.000,-16.625,-3.0,62.0,-35.12125,1.158201,175.25,36.53,923.0,first rest
2013-06-30 10:15:17.250,-17.25,-3.125,61.875,10.648,1.163323,175.24,36.53,923.25,first rest
2013-06-30 10:15:17.500,-17.125,-3.25,62.75,22.44875,1.162043,175.23,36.53,923.5,first rest
2013-06-30 10:15:17.750,-20.333,-3.222,61.333,-1.892,1.165885,175.21,36.53,923.75,first rest
2013-06-30 10:15:18.000,-29.125,-2.25,57.875,15.525,1.162043,175.2,36.5,924.0,first rest
2013-06-30 10:15:18.250,-28.0,-2.75,58.25,19.833125,1.164604,175.19,36.5,924.25,first rest
2013-06-30 10:15:18.500,-30.0,-2.5,57.125,-14.994,1.164604,175.17,36.5,924.5,first rest
2013-06-30 10:15:18.750,-32.375,-2.375,55.875,2.68125,1.163323,175.16,36.5,924.75,first rest
2013-06-30 10:15:19.000,-30.125,-1.625,57.375,9.755625,1.163323,175.15,36.5,925.0,first rest
2013-06-30 10:15:19.250,-29.125,-1.75,57.5,-17.336667,1.155639,175.14,36.5,925.25,first rest
2013-06-30 10:15:19.500,-32.375,-0.875,56.25,-1.519375,1.153078,175.13,36.5,925.5,first rest
2013-06-30 10:15:19.750,-32.875,-1.25,55.875,7.606,1.154358,175.13,36.5,925.75,first rest
2013-06-30 10:15:20.000,-36.625,-0.375,53.75,-16.334375,1.151797,175.12,36.5,926.0,first rest
2013-06-30 10:15:20.250,-36.125,-6.25,53.5,-0.52,1.150516,175.11,36.5,926.25,first rest
2013-06-30 10:15:20.500,-29.0,-22.75,56.375,2.799333,1.149235,175.1,36.5,926.5,first rest
2013-06-30 10:15:20.750,-34.375,-31.625,56.0,-27.6225,1.146674,175.09,36.5,926.75,first rest
2013-06-30 10:15:21.000,-16.875,-16.75,57.5,-0.25,1.150516,175.08,36.5,927.0,first rest
2013-06-30 10:15:21.250,-18.625,-17.625,53.25,8.112,1.145393,175.07,36.5,927.25,first rest
2013-06-30 10:15:21.500,-18.0,-24.625,54.5,-11.219375,1.150516,175.06,36.5,927.5,first rest
2013-06-30 10:15:21.750,-15.667,-23.889,59.556,26.717333,1.145393,175.06,36.5,927.75,first rest
2013-06-30 10:15:22.000,-5.875,-16.0,65.5,7.025,1.145393,175.07,36.49,928.0,first rest
2013-06-30 10:15:22.250,-14.875,-15.75,59.5,-22.250625,1.14027,175.09,36.49,928.25,first rest
2013-06-30 10:15:22.500,-15.125,-19.25,58.125,19.153333,1.142832,175.13,36.49,928.5,first rest
2013-06-30 10:15:22.750,-28.125,-17.5,58.625,-4.655625,1.137709,175.16,36.49,928.75,first rest
2013-06-30 10:15:23.000,-11.5,-3.125,71.125,-9.21,1.136428,175.2,36.49,929.0,first rest
2013-06-30 10:15:23.250,-17.375,-8.625,52.75,21.314,1.135148,175.23,36.49,929.25,first rest
2013-06-30 10:15:23.500,-19.25,-31.875,63.75,-9.115,1.136428,175.26,36.49,929.5,first rest
2013-06-30 10:15:23.750,-13.125,-29.625,58.0,-2.265333,1.135148,175.3,36.49,929.75,first rest
2013-06-30 10:15:24.000,0.875,-12.25,63.125,9.12375,1.130025,175.33,36.49,930.0,first rest
2013-06-30 10:15:24.250,1.25,-13.0,61.875,-26.265,1.124902,175.37,36.49,930.25,first rest
2013-06-30 10:15:24.500,5.0,-16.5,61.0,3.564667,1.124902,175.41,36.49,930.5,first rest
2013-06-30 10:15:24.750,7.5,-18.5,62.125,14.3475,1.130025,175.46,36.49,930.75,first rest
2013-06-30 10:15:25.000,9.25,-14.625,60.375,-6.93,1.123621,175.5,36.47,931.0,first rest
2013-06-30 10:15:25.250,13.125,-15.625,61.625,31.098667,1.128744,175.54,36.47,931.25,first rest
2013-06-30 10:15:25.500,16.556,-15.889,59.778,10.481875,1.136428,175.58,36.47,931.5,first rest
2013-06-30 10:15:25.750,12.875,-14.75,59.875,-23.614,1.147955,175.62,36.47,931.75,first rest
2013-06-30 10:15:26.000,11.25,-15.75,60.75,16.62875,1.160762,175.65,36.47,932.0,first rest
2013-06-30 10:15:26.250,13.125,-19.625,60.875,-5.93,1.173569,175.68,36.47,932.25,first rest
2013-06-30 10:15:26.500,6.75,-19.5,61.5,-14.632667,1.19278,175.71,36.47,932.5,first rest
2013-06-30 10:15:26.750,3.0,-21.375,61.625,14.77125,1.21071,175.74,36.47,932.75,first rest
2013-06-30 10:15:27.000,0.625,-20.0,59.875,-17.0275,1.241447,175.77,36.47,933.0,first rest
2013-06-30 10:15:27.250,2.25,-20.5,60.625,-4.54,1.241447,175.79,36.47,933.25,first rest
2013-06-30 10:15:27.500,0.125,-20.375,62.25,2.73625,1.268342,175.82,36.47,933.5,first rest
2013-06-30 10:15:27.750,0.75,-17.875,62.25,-28.398667,1.30036,175.83,36.47,933.75,first rest
2013-06-30 10:15:28.000,-1.125,-14.875,59.125,5.191875,1.328535,175.85,36.45,934.0,first rest
2013-06-30 10:15:28.250,-5.125,-7.5,67.125,17.97375,1.361834,175.86,36.45,934.25,first rest
2013-06-30 10:15:28.500,-28.625,-16.375,59.625,-0.062667,1.393852,175.88,36.45,934.5,first rest
2013-06-30 10:15:28.750,-19.375,-8.75,59.5,35.368125,1.410501,175.9,36.45,934.75,first rest
2013-06-30 10:15:29.000,-22.0,-19.75,63.625,3.6575,1.448923,175.93,36.45,935.0,first rest
2013-06-30 10:15:29.250,-25.25,-23.5,54.5,-12.802667,1.478379,175.97,36.45,935.25,first rest
2013-06-30 10:15:29.500,-20.778,-6.889,59.111,12.94375,1.514239,176.01,36.45,935.5,first rest
2013-06-30 10:15:29.750,-33.125,-30.625,55.125,-17.944,1.543695,176.03,36.45,935.75,first rest
2013-06-30 10:15:30.000,-21.625,-23.875,49.875,-2.58375,1.583398,176.0,36.45,936.0,first rest
2013-06-30 10:15:30.250,-22.5,-27.625,59.375,8.5875,1.597485,175.91,36.45,936.25,first rest
2013-06-30 10:15:30.500,-7.25,-34.375,53.25,-29.840667,1.60517,175.79,36.45,936.5,first rest
2013-06-30 10:15:30.750,-6.5,-33.5,48.125,-3.7125,1.610293,175.63,36.45,936.75,first rest
2013-06-30 10:15:31.000,-13.375,-47.875,48.5,5.3575,1.616696,175.48,36.45,937.0,first rest
2013-06-30 10:15:31.250,-13.125,-42.125,44.25,0.028667,1.629503,175.34,36.45,937.25,first rest
2013-06-30 10:15:31.500,-11.0,-41.875,47.875,18.521875,1.646152,175.21,36.45,937.5,first rest
2013-06-30 10:15:31.750,-7.375,-29.875,59.5,14.35,1.647433,175.08,36.45,937.75,first rest
2013-06-30 10:15:32.000,-8.875,-8.625,65.25,-16.41375,1.655118,174.95,36.45,938.0,first rest
2013-06-30 10:15:32.250,-8.25,6.125,63.625,6.63875,1.656398,174.81,36.45,938.25,first rest
2013-06-30 10:15:32.500,0.5,10.5,64.0,2.454,1.665363,174.66,36.45,938.5,first rest
2013-06-30 10:15:32.750,-1.75,10.875,62.875,-14.9075,1.669205,174.5,36.45,938.75,first rest
2013-06-30 10:15:33.000,-7.75,6.0,63.5,14.696875,1.670486,174.35,36.43,939.0,first rest
2013-06-30 10:15:33.250,10.111,-0.222,62.778,-5.445333,1.692258,174.2,36.43,939.25,first rest
2013-06-30 10:15:33.500,10.75,-2.375,65.25,-12.331875,1.722995,174.05,36.43,939.5,first rest
2013-06-30 10:15:33.750,6.75,-0.75,63.0,13.879333,1.758855,173.91,36.43,939.75,first rest
2013-06-30 10:15:34.000,7.875,-2.375,63.875,-7.633125,1.793435,173.77,36.41,940.0,first rest
2013-06-30 10:15:34.250,6.375,-1.375,64.375,-4.250625,1.810084,173.63,36.41,940.25,first rest
2013-06-30 10:15:34.500,2.0,-3.75,65.125,10.977333,1.82033,173.5,36.41,940.5,first rest
2013-06-30 10:15:34.750,-10.25,-3.5,64.25,-11.03375,1.819049,173.36,36.41,940.75,first rest
2013-06-30 10:15:35.000,-6.875,-3.5,63.25,4.99875,1.813926,173.22,36.41,941.0,first rest
2013-06-30 10:15:35.250,-2.0,-3.625,65.375,5.09,1.794715,173.07,36.41,941.25,first rest
2013-06-30 10:15:35.500,-1.75,-3.0,64.375,-16.690625,1.783189,172.92,36.41,941.5,first rest
2013-06-30 10:15:35.750,-19.5,-3.5,61.875,12.275333,1.762698,172.77,36.41,941.75,first rest
2013-06-30 10:15:36.000,-24.375,-0.375,59.625,-1.426875,1.742206,172.62,36.41,942.0,first rest
2013-06-30 10:15:36.250,-19.375,-0.125,60.5,-10.465625,1.724276,172.47,36.41,942.25,first rest
2013-06-30 10:15:36.500,-19.5,0.375,61.625,0.384,1.710188,172.33,36.41,942.5,first rest
2013-06-30 10:15:36.750,-22.0,2.75,62.25,-22.500625,1.703785,172.19,36.41,942.75,first rest
2013-06-30 10:15:37.000,-17.5,1.375,57.75,2.7075,1.701223,172.05,36.37,943.0,first rest
2013-06-30 10:15:37.250,-11.667,-6.111,64.667,5.990667,1.702504,171.91,36.37,943.25,first rest
2013-06-30 10:15:37.500,-11.75,-1.875,63.625,-1.74625,1.706346,171.77,36.37,943.5,first rest
2013-06-30 10:15:37.750,-11.875,-3.25,63.5,20.926667,1.701223,171.63,36.37,943.75,first rest
2013-06-30 10:15:38.000,-16.0,-3.0,62.375,-6.57625,1.682013,171.48,36.34,944.0,first rest
2013-06-30 10:15:38.250,-15.0,-2.375,62.625,-1.284375,1.67689,171.32,36.34,944.25,first rest
2013-06-30 10:15:38.500,-15.5,-2.375,62.625,0.826,1.652556,171.17,36.34,944.5,first rest
2013-06-30 10:15:38.750,-18.25,-2.0,61.875,-40.420625,1.653837,171.02,36.34,944.75,first rest
2013-06-30 10:15:39.000,-19.5,-1.75,61.5,-3.96625,1.722995,170.88,36.37,945.0,first rest
2013-06-30 10:15:39.250,-17.125,-2.25,62.0,33.584667,1.779347,170.76,36.37,945.25,first rest
2013-06-30 10:15:39.500,-18.25,-1.75,62.0,18.63,1.8024,170.66,36.37,945.5,first rest
2013-06-30 10:15:39.750,-18.0,-2.0,62.125,2.788,1.797277,170.55,36.37,945.75,first rest
2013-06-30 10:15:40.000,-20.125,-2.0,61.375,-37.3175,1.80368,170.43,36.34,946.0,first rest
2013-06-30 10:15:40.250,-19.75,-1.875,61.625,-29.094375,1.774224,170.29,36.34,946.25,first rest
2013-06-30 10:15:40.500,-18.25,-2.0,61.875,23.741333,1.772943,170.14,36.34,946.5,first rest
2013-06-30 10:15:40.750,-18.5,-2.0,62.0,12.40625,1.770382,169.98,36.34,946.75,first rest
2013-06-30 10:15:41.000,-20.889,-1.889,61.111,32.908125,1.761417,169.82,36.37,947.0,first rest
2013-06-30 10:15:41.250,-19.5,-1.875,61.5,20.256667,1.724276,169.67,36.37,947.25,first rest
2013-06-30 10:15:41.500,-20.25,-1.875,61.25,-12.390625,1.619258,169.53,36.37,947.5,first rest
2013-06-30 10:15:41.750,-18.75,-2.0,61.75,18.398,1.733241,169.39,36.37,947.75,first rest
2013-06-30 10:15:42.000,-18.25,-2.0,61.875,-5.395,1.737083,169.25,36.34,948.0,first rest
2013-06-30 10:15:42.250,-17.375,-2.0,62.0,1.3125,1.734522,169.11,36.34,948.25,first rest
2013-06-30 10:15:42.500,-16.75,-2.125,62.5,13.412,1.74861,168.96,36.34,948.5,first rest
2013-06-30 10:15:42.750,-16.25,-2.0,62.375,-20.090625,1.747329,168.82,36.34,948.75,first rest
2013-06-30 10:15:43.000,-15.5,-2.375,62.75,0.78125,1.808803,168.67,36.31,949.0,first rest
2013-06-30 10:15:43.250,-16.375,-3.0,62.125,3.069333,1.829295,168.53,36.31,949.25,first rest
2013-06-30 10:15:43.500,-12.25,-6.5,63.0,-21.10875,1.834417,168.39,36.31,949.5,first rest
2013-06-30 10:15:43.750,-12.0,-2.875,63.5,3.364667,1.840821,168.25,36.31,949.75,first rest
2013-06-30 10:15:44.000,-14.75,-1.875,62.875,17.068125,1.80368,168.12,36.27,950.0,first rest
2013-06-30 10:15:44.250,-15.625,-2.0,62.375,-1.69875,1.829295,167.99,36.27,950.25,first rest
2013-06-30 10:15:44.500,-16.25,-2.0,62.375,6.030667,1.769101,167.86,36.27,950.5,first rest
2013-06-30 10:15:44.750,-16.5,-2.0,62.125,7.765625,1.724276,167.73,36.27,950.75,first rest
2013-06-30 10:15:45.000,-16.556,-2.0,62.0,-19.001875,1.720434,167.6,36.25,951.0,first rest
2013-06-30 10:15:45.250,-17.125,-2.0,62.0,-3.238667,1.720434,167.46,36.25,951.25,first rest
2013-06-30 10:15:45.500,-17.375,-2.0,62.0,8.24125,1.710188,167.32,36.25,951.5,first rest
2013-06-30 10:15:45.750,-17.125,-2.0,62.0,-13.894,1.721715,167.18,36.25,951.75,first rest
2013-06-30 10:15:46.000,-17.125,-2.0,62.0,-12.8775,1.711469,167.05,36.23,952.0,first rest
2013-06-30 10:15:46.250,-17.25,-2.0,62.0,9.106875,1.711469,166.92,36.23,952.25,first rest
2013-06-30 10:15:46.500,-17.375,-2.0,62.0,-8.601333,1.702504,166.8,36.23,952.5,first rest
2013-06-30 10:15:46.750,-17.125,-2.0,62.0,-19.484375,1.708907,166.67,36.23,952.75,first rest
2013-06-30 10:15:47.000,-16.875,-2.0,62.125,20.265,1.716592,166.55,36.23,953.0,first rest
2013-06-30 10:15:47.250,-17.0,-2.0,62.125,11.116667,1.710188,166.42,36.23,953.25,first rest
2013-06-30 10:15:47.500,-17.0,-2.0,62.0,-0.550625,1.698662,166.3,36.23,953.5,first rest
2013-06-30 10:15:47.750,-17.0,-2.0,62.0,14.088,1.699943,166.17,36.23,953.75,first rest
2013-06-30 10:15:48.000,-16.5,-2.0,62.125,-11.06,1.721715,166.05,36.21,954.0,first rest
2013-06-30 10:15:48.250,-16.0,-2.0,62.5,-2.213125,1.710188,165.93,36.21,954.25,first rest
2013-06-30 10:15:48.500,-16.0,-2.0,62.25,2.978667,1.705065,165.81,36.21,954.5,first rest
2013-06-30 10:15:48.750,-16.0,-2.0,62.333,-33.968125,1.703785,165.69,36.21,954.75,first rest
2013-06-30 10:15:49.000,-15.625,-2.0,62.375,-48.5025,1.703785,165.57,36.11,955.0,first rest
2013-06-30 10:15:49.250,-15.875,-2.0,62.625,2.336,1.701223,165.44,36.11,955.25,first rest
2013-06-30 10:15:49.500,-16.0,-2.0,62.25,1.004375,1.6961,165.31,36.11,955.5,first rest
2013-06-30 10:15:49.750,-15.875,-2.0,62.625,-12.361333,1.698662,165.18,36.11,955.75,first rest
2013-06-30 10:15:50.000,-15.75,-2.0,62.375,52.22625,1.706346,165.05,36.09,956.0,first rest
2013-06-30 10:15:50.250,-15.375,-2.0,62.5,67.83875,1.725557,164.92,36.09,956.25,first rest
2013-06-30 10:15:50.500,-15.5,-2.0,62.625,123.966,1.725557,164.78,36.09,956.5,first rest
2013-06-30 10:15:50.750,-15.5,-2.0,62.875,47.506875,1.71275,164.65,36.09,956.75,first rest
2013-06-30 10:15:51.000,-15.5,-2.0,62.625,-167.25125,1.716592,164.52,36.07,957.0,first rest
2013-06-30 10:15:51.250,-15.5,-2.0,62.5,-61.935333,1.706346,164.39,36.07,957.25,first rest
2013-06-30 10:15:51.500,-15.25,-2.0,62.625,7.703125,1.701223,164.26,36.07,957.5,first rest
2013-06-30 10:15:51.750,-15.5,-2.0,62.625,21.984,1.693539,164.14,36.07,957.75,first rest
2013-06-30 10:15:52.000,-15.375,-2.0,62.375,-31.251875,1.690978,164.02,36.07,958.0,first rest
2013-06-30 10:15:52.250,-15.625,-2.0,62.625,49.055625,1.682013,163.9,36.07,958.25,first rest
2013-06-30 10:15:52.500,-15.625,-2.0,62.5,29.334667,1.687135,163.78,36.07,958.5,first rest
2013-06-30 10:15:52.750,-15.667,-2.0,62.667,17.188125,1.685855,163.67,36.07,958.75,first rest
2013-06-30 10:15:53.000,-15.5,-2.0,62.5,-2.983125,1.67689,163.55,36.03,959.0,first rest
2013-06-30 10:15:53.250,-15.5,-2.0,62.375,-33.221333,1.684574,163.43,36.03,959.25,first rest
2013-06-30 10:15:53.500,-15.375,-2.0,62.625,-7.39625,1.682013,163.31,36.03,959.5,first rest
2013-06-30 10:15:53.750,-15.0,-2.0,62.875,25.762,1.683293,163.19,36.03,959.75,first rest
2013-06-30 10:15:54.000,-15.0,-2.0,62.75,8.39375,1.67817,163.07,36.07,960.0,first rest
2013-06-30 10:15:54.250,-15.25,-2.0,62.875,-38.643125,1.675609,162.95,36.07,960.25,first rest
2013-06-30 10:15:54.500,-15.125,-2.0,62.75,-19.109333,1.674328,162.84,36.07,960.5,first rest
2013-06-30 10:15:54.750,-15.25,-2.0,62.875,36.7775,1.671767,162.74,36.07,960.75,first rest
2013-06-30 10:15:55.000,-15.0,-2.0,62.875,49.285625,1.673048,162.65,36.07,961.0,first rest
2013-06-30 10:15:55.250,-15.0,-2.0,63.0,-13.908,1.669205,162.57,36.07,961.25,first rest
2013-06-30 10:15:55.500,-15.25,-2.0,62.75,-52.279375,1.671767,162.51,36.07,961.5,first rest
2013-06-30 10:15:55.750,-15.0,-2.0,62.75,-21.748667,1.671767,162.46,36.07,961.75,first rest
2013-06-30 10:15:56.000,-15.125,-2.0,62.75,4.215,1.670486,162.42,36.13,962.0,first rest
2013-06-30 10:15:56.250,-15.25,-2.0,62.875,-17.629375,1.667925,162.38,36.13,962.25,first rest
2013-06-30 10:15:56.500,-15.0,-2.0,62.778,-22.808667,1.667925,162.35,36.13,962.5,first rest
2013-06-30 10:15:56.750,-15.375,-2.0,62.75,-4.1425,1.666644,162.31,36.13,962.75,first rest
2013-06-30 10:15:57.000,-15.0,-2.0,62.875,13.05625,1.664083,162.27,36.11,963.0,first rest
2013-06-30 10:15:57.250,-15.125,-2.0,62.75,-12.218667,1.665363,162.22,36.11,963.25,first rest
2013-06-30 10:15:57.500,-15.375,-2.0,62.625,9.730625,1.66024,162.17,36.11,963.5,first rest
2013-06-30 10:15:57.750,-15.375,-2.0,62.75,-3.814667,1.65896,162.12,36.11,963.75,first rest
2013-06-30 10:15:58.000,-15.375,-2.0,62.75,-7.724375,1.655118,162.08,36.11,964.0,first rest
2013-06-30 10:15:58.250,-15.375,-2.0,62.875,3.04,1.651275,162.06,36.11,964.25,first rest
2013-06-30 10:15:58.500,-15.125,-2.0,62.625,-15.924,1.649995,162.04,36.11,964.5,first rest
2013-06-30 10:15:58.750,-15.0,-2.0,62.75,17.725625,1.646152,162.03,36.11,964.75,first rest
2013-06-30 10:15:59.000,-15.0,-2.0,62.875,-14.46,1.644872,162.02,36.09,965.0,first rest
2013-06-30 10:15:59.250,-15.125,-2.0,62.875,8.386,1.64231,162.0,36.09,965.25,first rest
2013-06-30 10:15:59.500,-15.125,-2.0,62.625,11.964375,1.638468,161.97,36.09,965.5,first rest
2013-06-30 10:15:59.750,-15.25,-2.0,62.75,-1.342,1.64103,161.96,36.09,965.75,first rest
2013-06-30 10:16:00.000,-15.25,-2.0,62.75,32.86125,1.637188,161.97,36.09,966.0,first rest
2013-06-30 10:16:00.250,-15.25,-2.0,62.375,10.709375,1.635907,162.01,36.09,966.25,first rest
2013-06-30 10:16:00.500,-15.667,-2.0,62.556,-7.168,1.634626,162.08,36.09,966.5,first rest
2013-06-30 10:16:00.750,-15.875,-2.0,62.625,1.994375,1.632065,162.15,36.09,966.75,first rest
2013-06-30 10:16:01.000,-15.5,-2.0,62.625,-15.02375,1.632065,162.23,36.09,967.0,first rest
2013-06-30 10:16:01.250,-15.75,-2.0,62.25,-19.909333,1.625661,162.3,36.09,967.25,first rest
2013-06-30 10:16:01.500,-16.0,-2.0,62.75,31.09625,1.625661,162.36,36.09,967.5,first rest
2013-06-30 10:16:01.750,-15.375,-2.0,62.75,8.92,1.621819,162.42,36.09,967.75,first rest
2013-06-30 10:16:02.000,-15.75,-2.0,62.875,-74.12875,1.619258,162.48,36.05,968.0,first rest
2013-06-30 10:16:02.250,-15.25,-2.0,62.75,-18.585625,1.620538,162.54,36.05,968.25,first rest
2013-06-30 10:16:02.500,-15.625,-2.0,62.875,-32.644667,1.621819,162.6,36.05,968.5,first rest
2013-06-30 10:16:02.750,-15.5,-2.0,62.625,11.273125,1.620538,162.67,36.05,968.75,first rest
2013-06-30 10:16:03.000,-15.875,-2.0,62.25,-18.69,1.616696,162.75,36.05,969.0,first rest
2013-06-30 10:16:03.250,-16.0,-2.0,62.375,-5.544,1.614135,162.84,36.05,969.25,first rest
2013-06-30 10:16:03.500,-15.875,-2.0,62.5,25.520625,1.616696,162.93,36.05,969.5,first rest
2013-06-30 10:16:03.750,-16.0,-2.0,62.25,61.836667,1.615415,163.03,36.05,969.75,first rest
2013-06-30 10:16:04.000,-15.75,-2.0,62.125,328.910625,1.609012,163.13,36.07,970.0,first rest
2013-06-30 10:16:04.250,-15.556,-2.0,62.556,155.29375,1.607731,163.23,36.07,970.25,first rest
2013-06-30 10:16:04.500,-15.375,-2.0,62.625,-96.276667,1.612854,163.33,36.07,970.5,first rest
2013-06-30 10:16:04.750,-15.625,-2.0,62.375,-23.630625,1.602608,163.42,36.07,970.75,first rest
2013-06-30 10:16:05.000,-15.375,-2.0,62.5,-127.983125,1.603889,163.52,36.03,971.0,first rest
2013-06-30 10:16:05.250,-15.5,-2.0,62.5,-267.200667,1.600047,163.62,36.03,971.25,first rest
2013-06-30 10:16:05.500,-15.75,-2.0,62.5,-96.844375,1.601328,163.71,36.03,971.5,first rest
2013-06-30 10:16:05.750,-15.75,-2.0,62.5,-60.014,1.598766,163.8,36.03,971.75,first rest
2013-06-30 10:16:06.000,-15.875,-2.0,62.25,63.44,1.598766,163.87,36.03,972.0,first rest
2013-06-30 10:16:06.250,-15.75,-2.0,62.125,16.144375,1.598766,163.93,36.03,972.25,first rest
2013-06-30 10:16:06.500,-15.875,-2.0,62.25,-10.205333,1.596205,163.97,36.03,972.5,first rest
2013-06-30 10:16:06.750,-15.625,-2.0,62.75,-40.56625,1.593643,164.01,36.03,972.75,first rest
2013-06-30 10:16:07.000,-15.375,-2.0,62.5,163.329375,1.593643,164.05,36.0,973.0,first rest
2013-06-30 10:16:07.250,-15.5,-2.0,62.875,-23.112,1.592363,164.09,36.0,973.25,first rest
2013-06-30 10:16:07.500,-15.5,-2.0,62.375,7.125,1.589801,164.13,36.0,973.5,first rest
2013-06-30 10:16:07.750,-15.375,-2.0,62.375,-109.638667,1.585959,164.18,36.0,973.75,first rest
2013-06-30 10:16:08.000,-15.625,-2.0,62.5,-32.944375,1.589801,164.22,35.99,974.0,first rest
2013-06-30 10:16:08.250,-15.556,-2.0,62.556,51.4625,1.584678,164.26,35.99,974.25,first rest
2013-06-30 10:16:08.500,-15.875,-2.0,62.375,112.870667,1.58724,164.3,35.99,974.5,first rest
2013-06-30 10:16:08.750,-15.5,-2.0,62.625,-0.38125,1.584678,164.34,35.99,974.75,first rest
2013-06-30 10:16:09.000,-16.125,-2.0,62.25,54.804375,1.583398,164.38,35.99,975.0,first rest
2013-06-30 10:16:09.250,-14.625,-2.0,63.125,-9.236,1.579555,164.42,35.99,975.25,first rest
2013-06-30 10:16:09.500,-14.625,-1.875,62.75,-6.551875,1.583398,164.46,35.99,975.5,first rest
2013-06-30 10:16:09.750,-14.75,-2.0,62.875,-109.124,1.576994,164.49,35.99,975.75,first rest
2013-06-30 10:16:10.000,-14.875,-2.0,63.0,109.213125,1.579555,164.53,35.97,976.0,first rest
2013-06-30 10:16:10.250,-14.875,-2.0,63.0,214.893125,1.575713,164.57,35.97,976.25,first rest
2013-06-30 10:16:10.500,-15.0,-2.0,62.875,-96.834,1.574433,164.6,35.97,976.5,first rest
2013-06-30 10:16:10.750,-15.0,-2.0,62.875,-244.7775,1.575713,164.64,35.97,976.75,first rest
2013-06-30 10:16:11.000,-15.0,-2.0,62.875,-106.9,1.573152,164.67,35.97,977.0,first rest
2013-06-30 10:16:11.250,-15.0,-2.0,62.75,36.925333,1.573152,164.7,35.97,977.25,first rest
2013-06-30 10:16:11.500,-15.25,-2.0,62.75,72.93375,1.57059,164.73,35.97,977.5,first rest
2013-06-30 10:16:11.750,-15.0,-2.0,62.5,-106.126667,1.566748,164.77,35.97,977.75,first rest
2013-06-30 10:16:12.000,-15.111,-2.0,62.778,74.69875,1.568029,164.8,35.97,978.0,first rest
2013-06-30 10:16:12.250,-15.0,-2.0,63.0,-11.5375,1.568029,164.84,35.97,978.25,first rest
2013-06-30 10:16:12.500,-15.0,-2.0,63.0,111.042,1.565468,164.87,35.97,978.5,first rest
2013-06-30 10:16:12.750,-15.0,-2.0,63.0,21.86,1.566748,164.91,35.97,978.75,first rest
2013-06-30 10:16:13.000,-15.0,-2.0,62.875,-4.83625,1.566748,164.95,35.95,979.0,first rest
2013-06-30 10:16:13.250,-15.125,-2.0,63.0,-42.346667,1.56931,164.99,35.95,979.25,first rest
2013-06-30 10:16:13.500,-15.0,-2.0,62.875,14.9675,1.575713,165.03,35.95,979.5,first rest
2013-06-30 10:16:13.750,-15.0,-2.0,62.875,27.329333,1.573152,165.07,35.95,979.75,first rest
2013-06-30 10:16:14.000,-15.25,-2.0,62.875,9.7425,1.571871,165.1,35.95,980.0,first rest
2013-06-30 10:16:14.250,-15.0,-2.0,62.875,20.62375,1.573152,165.13,35.95,980.25,first rest
2013-06-30 10:16:14.500,-15.25,-2.0,62.75,11.874667,1.57059,165.15,35.95,980.5,first rest
2013-06-30 10:16:14.750,-15.0,-2.0,62.625,52.94125,1.56931,165.16,35.95,980.75,first rest
2013-06-30 10:16:15.000,-15.0,-2.0,63.0,-13.261875,1.562906,165.18,35.93,981.0,first rest
2013-06-30 10:16:15.250,-15.0,-2.0,63.0,-22.887333,1.561625,165.19,35.93,981.25,first rest
2013-06-30 10:16:15.500,-15.0,-2.0,63.0,-81.33875,1.557783,165.21,35.93,981.5,first rest
2013-06-30 10:16:15.750,-15.125,-2.0,62.75,9.04,1.557783,165.23,35.93,981.75,first rest
2013-06-30 10:16:16.000,-14.889,-2.0,62.889,115.084375,1.553941,165.25,35.97,982.0,first rest
2013-06-30 10:16:16.250,-15.0,-2.0,62.625,-24.883125,1.550099,165.28,35.97,982.25,first rest
2013-06-30 10:16:16.500,-15.125,-2.0,63.0,6.007333,1.543695,165.31,35.97,982.5,first rest
2013-06-30 10:16:16.750,-15.25,-2.0,62.625,-5.613125,1.538573,165.34,35.97,982.75,first rest
2013-06-30 10:16:17.000,-15.125,-2.0,62.5,-6.21375,1.539853,165.38,35.97,983.0,first rest
2013-06-30 10:16:17.250,-15.125,-2.0,62.875,-55.394667,1.536011,165.42,35.97,983.25,first rest
2013-06-30 10:16:17.500,-15.0,-2.0,63.0,-14.9475,1.536011,165.45,35.97,983.5,first rest
2013-06-30 10:16:17.750,-15.125,-2.0,62.75,-26.21,1.53345,165.49,35.97,983.75,first rest
2013-06-30 10:16:18.000,-15.0,-2.0,62.75,33.35375,1.529608,165.52,35.93,984.0,first rest
2013-06-30 10:16:18.250,-15.0,-2.0,63.0,7.951875,1.529608,165.55,35.93,984.25,first rest
2013-06-30 10:16:18.500,-15.125,-2.0,62.875,-11.272,1.525765,165.58,35.93,984.5,first rest
2013-06-30 10:16:18.750,-15.125,-2.0,63.0,-11.745,1.525765,165.61,35.93,984.75,first rest
2013-06-30 10:16:19.000,-15.0,-2.0,62.625,-12.999375,1.521923,165.63,35.91,985.0,first rest
2013-06-30 10:16:19.250,-15.125,-2.0,63.0,-13.857333,1.519362,165.65,35.91,985.25,first rest
2013-06-30 10:16:19.500,-15.0,-2.0,62.75,-14.646875,1.521923,165.67,35.91,985.5,first rest
2013-06-30 10:16:19.750,-15.111,-2.0,62.778,25.908667,1.520643,165.69,35.91,985.75,first rest
2013-06-30 10:16:20.000,-15.375,-2.0,63.0,-18.0125,1.518081,165.7,35.91,986.0,first rest
2013-06-30 10:16:20.250,-15.0,-2.0,62.875,32.35125,1.51552,165.71,35.91,986.25,first rest
2013-06-30 10:16:20.500,-15.0,-2.0,63.0,-13.778,1.514239,165.72,35.91,986.5,first rest
2013-06-30 10:16:20.750,-15.0,-2.0,63.0,23.065,1.510397,165.73,35.91,986.75,first rest
2013-06-30 10:16:21.000,-15.0,-2.0,63.0,-0.3475,1.507835,165.75,35.91,987.0,first rest
2013-06-30 10:16:21.250,-15.125,-2.0,62.875,-10.934,1.505274,165.77,35.91,987.25,first rest
2013-06-30 10:16:21.500,-15.125,-2.0,63.0,45.83875,1.502713,165.8,35.91,987.5,first rest
2013-06-30 10:16:21.750,-15.0,-2.0,62.875,3.214667,1.501432,165.82,35.91,987.75,first rest
2013-06-30 10:16:22.000,-15.125,-2.0,63.0,-5.386875,1.502713,165.83,35.91,988.0,first rest
2013-06-30 10:16:22.250,-15.0,-2.0,62.875,8.734375,1.500151,165.83,35.91,988.25,first rest
2013-06-30 10:16:22.500,-15.125,-2.0,62.875,-14.186,1.49759,165.81,35.91,988.5,first rest
2013-06-30 10:16:22.750,-15.125,-2.0,62.625,1.6275,1.496309,165.79,35.91,988.75,first rest
2013-06-30 10:16:23.000,-15.0,-2.0,62.625,-6.35375,1.493748,165.77,35.93,989.0,first rest
2013-06-30 10:16:23.250,-15.25,-2.0,62.5,-14.355333,1.492467,165.75,35.93,989.25,first rest
2013-06-30 10:16:23.500,-15.0,-2.0,62.875,8.55375,1.488625,165.74,35.93,989.5,first rest
2013-06-30 10:16:23.750,-15.0,-2.0,62.778,-8.578,1.486063,165.73,35.93,989.75,first rest
2013-06-30 10:16:24.000,-15.0,-2.0,62.875,-9.633125,1.483502,165.72,35.89,990.0,first rest
2013-06-30 10:16:24.250,-15.0,-2.0,62.875,-2.65,1.47966,165.72,35.89,990.25,first rest
2013-06-30 10:16:24.500,-15.25,-2.0,62.875,-13.11,1.487344,165.72,35.89,990.5,first rest
2013-06-30 10:16:24.750,-15.125,-2.0,62.75,0.990625,1.478379,165.72,35.89,990.75,first rest
2013-06-30 10:16:25.000,-15.25,-2.0,62.875,-3.19875,1.47966,165.72,35.91,991.0,first rest
2013-06-30 10:16:25.250,-15.375,-2.0,62.625,-18.032,1.475818,165.72,35.91,991.25,first rest
2013-06-30 10:16:25.500,-15.0,-2.0,62.75,2.909375,1.478379,165.72,35.91,991.5,first rest
2013-06-30 10:16:25.750,-15.125,-2.0,62.875,-11.018,1.473256,165.72,35.91,991.75,first rest
2013-06-30 10:16:26.000,-15.0,-2.0,63.0,-17.660625,1.470695,165.73,35.91,992.0,first rest
2013-06-30 10:16:26.250,-15.0,-2.0,62.875,-6.62375,1.466853,165.74,35.91,992.25,first rest
2013-06-30 10:16:26.500,-15.0,-2.0,62.875,-16.494667,1.465572,165.75,35.91,992.5,first rest
2013-06-30 10:16:26.750,-15.0,-2.0,62.875,16.161875,1.46301,165.77,35.91,992.75,first rest
2013-06-30 10:16:27.000,-15.0,-2.0,63.0,10.511875,1.460449,165.78,35.91,993.0,first rest
2013-06-30 10:16:27.250,-15.25,-2.0,62.875,-10.741333,1.459168,165.79,35.91,993.25,first rest
2013-06-30 10:16:27.500,-15.0,-2.0,63.0,24.615,1.457888,165.8,35.91,993.5,first rest
2013-06-30 10:16:27.750,-15.25,-2.0,62.75,-21.978667,1.459168,165.81,35.91,993.75,first rest
2013-06-30 10:16:28.000,-15.25,-2.0,62.75,21.95,1.456607,165.83,35.89,994.0,first rest
2013-06-30 10:16:28.250,-15.125,-2.0,62.75,24.614375,1.454045,165.85,35.89,994.25,first rest
2013-06-30 10:16:28.500,-15.0,-2.0,62.75,-14.752667,1.454045,165.87,35.89,994.5,first rest
2013-06-30 10:16:28.750,-15.0,-2.0,63.0,23.073125,1.451484,165.88,35.89,994.75,first rest
2013-06-30 10:16:29.000,-15.0,-2.0,63.0,-5.685625,1.448923,165.87,35.91,995.0,first rest
2013-06-30 10:16:29.250,-15.125,-2.0,62.75,3.135333,1.4438,165.85,35.91,995.25,first rest
2013-06-30 10:16:29.500,-15.0,-2.0,62.875,13.824375,1.442519,165.82,35.91,995.5,first rest
2013-06-30 10:16:29.750,-15.0,-2.0,63.0,-20.51,1.438677,165.82,35.91,995.75,first rest
2013-06-30 10:16:30.000,-15.0,-2.0,63.0,19.226875,1.439958,165.85,35.91,996.0,first rest
2013-06-30 10:16:30.250,-15.25,-2.0,62.875,-3.8175,1.434835,165.94,35.91,996.25,first rest
2013-06-30 10:16:30.500,-15.0,-2.0,62.75,-18.328667,1.434835,166.07,35.91,996.5,first rest
2013-06-30 10:16:30.750,-15.125,-2.0,62.875,14.4875,1.433554,166.22,35.91,996.75,first rest
2013-06-30 10:16:31.000,-15.0,-2.0,62.625,-0.488125,1.430993,166.37,35.91,997.0,first rest
2013-06-30 10:16:31.250,-15.125,-2.0,62.5,-19.936,1.428431,166.51,35.91,997.25,first rest
2013-06-30 10:16:31.500,-15.0,-2.0,62.889,21.195,1.42715,166.63,35.91,997.5,first rest
2013-06-30 10:16:31.750,-15.0,-2.0,63.0,-0.598667,1.423308,166.75,35.91,997.75,first rest
2013-06-30 10:16:32.000,-15.0,-2.0,62.875,-5.521875,1.419466,166.87,35.91,998.0,first rest
2013-06-30 10:16:32.250,-15.0,-2.0,62.875,6.23,1.419466,167.0,35.91,998.25,first rest
2013-06-30 10:16:32.500,-15.125,-2.0,62.75,-28.35,1.415624,167.13,35.91,998.5,first rest
2013-06-30 10:16:32.750,-15.0,-2.0,62.375,16.1225,1.416905,167.26,35.91,998.75,first rest
2013-06-30 10:16:33.000,-15.0,-2.0,63.0,-4.04,1.410501,167.4,35.89,999.0,first rest
2013-06-30 10:16:33.250,-15.25,-2.0,62.75,-29.969333,1.411782,167.53,35.89,999.25,first rest
2013-06-30 10:16:33.500,-15.125,-2.0,62.875,13.051875,1.410501,167.67,35.89,999.5,first rest
2013-06-30 10:16:33.750,-15.125,-2.0,62.75,-10.649333,1.410501,167.8,35.89,999.75,first rest
2013-06-30 10:16:34.000,-15.0,-2.0,62.875,0.67875,1.406659,167.93,35.93,1000.0,first rest
2013-06-30 10:16:34.250,-15.0,-2.0,63.0,26.559375,1.40794,168.06,35.93,1000.25,first rest
2013-06-30 10:16:34.500,-15.125,-2.0,63.0,0.052667,1.405378,168.19,35.93,1000.5,first rest
2013-06-30 10:16:34.750,-15.0,-2.0,62.875,28.945625,1.400255,168.31,35.93,1000.75,first rest
2013-06-30 10:16:35.000,-15.0,-2.0,63.0,-24.123125,1.400255,168.43,35.91,1001.0,first rest
2013-06-30 10:16:35.250,-15.222,-2.0,62.667,-9.644667,1.395133,168.55,35.91,1001.25,first rest
2013-06-30 10:16:35.500,-15.0,-2.0,62.875,5.50875,1.392571,168.67,35.91,1001.5,first rest
2013-06-30 10:16:35.750,-15.125,-2.0,62.5,-30.621333,1.393852,168.81,35.91,1001.75,first rest
2013-06-30 10:16:36.000,-15.125,-2.0,62.875,11.2625,1.392571,168.98,35.93,1002.0,first rest
2013-06-30 10:16:36.250,-15.0,-2.0,62.875,-11.078125,1.39129,169.18,35.93,1002.25,first rest
2013-06-30 10:16:36.500,-15.25,-2.0,62.875,-3.111333,1.388729,169.36,35.93,1002.5,first rest
2013-06-30 10:16:36.750,-15.25,-2.0,62.75,21.319375,1.388729,169.48,35.93,1002.75,first rest
2013-06-30 10:16:37.000,-15.0,-2.0,62.875,1.65125,1.387448,169.5,35.93,1003.0,first rest
2013-06-30 10:16:37.250,-15.25,-2.0,63.0,27.806,1.382325,169.37,35.93,1003.25,first rest
2013-06-30 10:16:37.500,-15.0,-2.0,62.5,-10.709375,1.382325,169.14,35.93,1003.5,first rest
2013-06-30 10:16:37.750,-14.875,-2.0,62.625,-5.871333,1.377203,168.86,35.93,1003.75,first rest
2013-06-30 10:16:38.000,-14.625,-2.0,62.875,6.94,1.377203,168.57,35.95,1004.0,first rest
2013-06-30 10:16:38.250,-14.5,-2.0,62.875,-23.26,1.377203,168.32,35.95,1004.25,first rest
2013-06-30 10:16:38.500,-15.0,-2.0,62.875,16.662,1.370799,168.1,35.95,1004.5,first rest
2013-06-30 10:16:38.750,-15.0,-2.0,62.875,-2.726875,1.370799,167.89,35.95,1004.75,first rest
2013-06-30 10:16:39.000,-15.125,-2.0,63.0,-24.58625,1.37208,167.67,35.97,1005.0,first rest
2013-06-30 10:16:39.250,-14.889,-2.0,63.0,18.720667,1.369518,167.42,35.97,1005.25,first rest
2013-06-30 10:16:39.500,-15.0,-2.0,63.0,10.206875,1.364395,167.14,35.97,1005.5,first rest
2013-06-30 10:16:39.750,-14.875,-2.0,62.875,0.452,1.361834,166.87,35.97,1005.75,first rest
2013-06-30 10:16:40.000,-14.625,-2.0,63.0,24.85375,1.360553,166.6,35.95,1006.0,first rest
2013-06-30 10:16:40.250,-14.5,-2.0,62.875,-11.526875,1.357992,166.36,35.95,1006.25,first rest
2013-06-30 10:16:40.500,-14.75,-2.0,62.875,-14.066667,1.360553,166.13,35.95,1006.5,first rest
2013-06-30 10:16:40.750,-14.75,-2.0,63.0,9.568125,1.35543,165.92,35.95,1006.75,first rest
2013-06-30 10:16:41.000,-14.75,-2.0,62.75,-23.82875,1.35543,165.7,35.99,1007.0,first rest
2013-06-30 10:16:41.250,-14.125,-2.0,63.0,-1.306667,1.356711,165.47,35.99,1007.25,first rest
2013-06-30 10:16:41.500,-14.625,-2.0,62.75,0.42875,1.350308,165.24,35.99,1007.5,first rest
2013-06-30 10:16:41.750,-14.5,-2.0,63.0,-26.3,1.351588,165.0,35.99,1007.75,first rest
2013-06-30 10:16:42.000,-14.75,-2.0,63.0,13.031875,1.346465,164.77,35.99,1008.0,first rest
2013-06-30 10:16:42.250,-15.0,-2.0,63.0,11.539375,1.347746,164.54,35.99,1008.25,first rest
2013-06-30 10:16:42.500,-15.0,-2.0,63.0,-11.498667,1.346465,164.31,35.99,1008.5,first rest
2013-06-30 10:16:42.750,-14.75,-2.0,63.0,-9.001875,1.342623,164.09,35.99,1008.75,first rest
2013-06-30 10:16:43.000,-14.889,-2.0,63.0,-10.535625,1.341343,163.87,35.97,1009.0,first rest
2013-06-30 10:16:43.250,-14.625,-2.0,63.0,-2.289333,1.33622,163.65,35.97,1009.25,first rest
2013-06-30 10:16:43.500,-14.75,-2.0,63.0,20.175625,1.3375,163.43,35.97,1009.5,first rest
2013-06-30 10:16:43.750,-14.625,-2.0,63.0,-10.104667,1.334939,163.2,35.97,1009.75,first rest
2013-06-30 10:16:44.000,-14.875,-2.0,63.0,17.465625,1.33622,162.97,35.97,1010.0,first rest
2013-06-30 10:16:44.250,-14.625,-2.0,63.0,11.55125,1.329816,162.74,35.97,1010.25,first rest
2013-06-30 10:16:44.500,-14.625,-2.0,63.0,-20.414,1.334939,162.5,35.97,1010.5,first rest
2013-06-30 10:16:44.750,-14.875,-2.0,62.875,17.80625,1.327255,162.26,35.97,1010.75,first rest
2013-06-30 10:16:45.000,-14.5,-2.0,62.875,-3.426875,1.333658,162.02,35.99,1011.0,first rest
2013-06-30 10:16:45.250,-14.5,-2.0,63.0,10.820667,1.333658,161.78,35.99,1011.25,first rest
2013-06-30 10:16:45.500,-14.875,-2.0,63.0,12.535,1.327255,161.55,35.99,1011.5,first rest
2013-06-30 10:16:45.750,-14.875,-2.0,63.0,-18.176,1.324693,161.31,35.99,1011.75,first rest
2013-06-30 10:16:46.000,-15.0,-2.0,62.75,19.054375,1.322132,161.07,35.99,1012.0,first rest
2013-06-30 10:16:46.250,-14.625,-2.0,62.875,-6.78875,1.320851,160.83,35.99,1012.25,first rest
2013-06-30 10:16:46.500,-14.625,-2.0,63.0,-10.297333,1.31957,160.58,35.99,1012.5,first rest
2013-06-30 10:16:46.750,-14.75,-2.0,63.0,9.2425,1.317009,160.33,35.99,1012.75,first rest
2013-06-30 10:16:47.000,-14.556,-2.0,62.889,-20.684375,1.31957,160.08,36.0,1013.0,first rest
2013-06-30 10:16:47.250,-14.625,-2.0,63.0,10.106,1.322132,159.83,36.0,1013.25,first rest
2013-06-30 10:16:47.500,-14.75,-2.0,63.0,-1.235,1.328535,159.59,36.0,1013.5,first rest
2013-06-30 10:16:47.750,-14.75,-2.0,62.875,-17.263333,1.338781,159.35,36.0,1013.75,first rest
2013-06-30 10:16:48.000,-14.5,-2.0,63.0,23.243125,1.341343,159.1,36.03,1014.0,first rest
2013-06-30 10:16:48.250,-14.625,-2.0,63.0,4.09875,1.351588,158.85,36.03,1014.25,first rest
2013-06-30 10:16:48.500,-14.5,-2.0,63.0,2.627333,1.351588,158.6,36.03,1014.5,first rest
2013-06-30 10:16:48.750,-14.875,-2.0,63.0,5.408125,1.365676,158.35,36.03,1014.75,first rest
2013-06-30 10:16:49.000,-14.75,-2.0,63.0,-22.418125,1.369518,158.1,35.99,1015.0,first rest
2013-06-30 10:16:49.250,-14.75,-2.0,62.875,13.046667,1.37336,157.85,35.99,1015.25,first rest
2013-06-30 10:16:49.500,-14.625,-2.0,63.0,5.589375,1.375922,157.61,35.99,1015.5,first rest
2013-06-30 10:16:49.750,-14.75,-2.0,62.875,-27.213333,1.375922,157.37,35.99,1015.75,first rest
2013-06-30 10:16:50.000,-14.625,-2.0,63.0,9.614375,1.378483,157.12,36.03,1016.0,first rest
2013-06-30 10:16:50.250,-14.75,-2.0,63.0,-1.7575,1.384887,156.87,36.03,1016.25,first rest
2013-06-30 10:16:50.500,-14.875,-2.0,63.0,-16.894667,1.386168,156.62,36.03,1016.5,first rest
2013-06-30 10:16:50.750,-14.889,-2.0,63.0,22.35625,1.386168,156.38,36.03,1016.75,first rest
2013-06-30 10:16:51.000,-15.0,-2.0,63.0,3.58375,1.386168,156.13,36.07,1017.0,first rest
2013-06-30 10:16:51.250,-14.625,-2.0,63.0,3.086,1.378483,155.89,36.07,1017.25,first rest
2013-06-30 10:16:51.500,-14.75,-2.0,63.0,6.95875,1.377203,155.64,36.07,1017.5,first rest
2013-06-30 10:16:51.750,-14.75,-2.0,63.0,-23.457333,1.369518,155.4,36.07,1017.75,first rest
2013-06-30 10:16:52.000,-14.625,-2.0,62.875,11.43625,1.365676,155.15,36.09,1018.0,first rest
2013-06-30 10:16:52.250,-14.875,-2.0,63.0,4.956875,1.364395,154.9,36.09,1018.25,first rest
2013-06-30 10:16:52.500,-15.0,-2.0,62.875,-24.913333,1.359273,154.64,36.09,1018.5,first rest
2013-06-30 10:16:52.750,-14.625,-2.0,62.875,14.129375,1.356711,154.38,36.09,1018.75,first rest
2013-06-30 10:16:53.000,-14.625,-2.0,63.0,-3.59875,1.35543,154.12,36.07,1019.0,first rest
2013-06-30 10:16:53.250,-14.625,-2.0,63.0,-22.509333,1.351588,153.86,36.07,1019.25,first rest
2013-06-30 10:16:53.500,-14.625,-2.0,63.0,23.283125,1.347746,153.61,36.07,1019.5,first rest
2013-06-30 10:16:53.750,-14.75,-2.0,63.0,10.453333,1.347746,153.37,36.07,1019.75,first rest
2013-06-30 10:16:54.000,-14.75,-2.0,63.0,-2.3725,1.3375,153.12,36.07,1020.0,first rest
2013-06-30 10:16:54.250,-14.625,-2.0,63.0,11.620625,1.340062,152.88,36.07,1020.25,first rest
2013-06-30 10:16:54.500,-14.75,-2.0,63.0,-19.062,1.334939,152.64,36.07,1020.5,first rest
2013-06-30 10:16:54.750,-14.889,-2.0,63.0,3.866875,1.33622,152.39,36.07,1020.75,first rest
2013-06-30 10:16:55.000,-14.75,-2.0,63.0,3.86125,1.333658,152.15,36.07,1021.0,first rest
2013-06-30 10:16:55.250,-15.0,-2.0,62.875,-25.903333,1.334939,151.9,36.07,1021.25,first rest
2013-06-30 10:16:55.500,-15.0,-2.0,63.0,14.02375,1.331097,151.65,36.07,1021.5,first rest
2013-06-30 10:16:55.750,-15.0,-2.0,62.875,-3.604,1.328535,151.39,36.07,1021.75,first rest
2013-06-30 10:16:56.000,-15.125,-2.0,62.625,-21.62625,1.325974,151.13,36.09,1022.0,first rest
2013-06-30 10:16:56.250,-15.125,-2.0,62.875,17.365625,1.323413,150.87,36.09,1022.25,first rest
2013-06-30 10:16:56.500,-15.0,-2.0,62.875,1.182667,1.320851,150.6,36.09,1022.5,first rest
2013-06-30 10:16:56.750,-15.125,-2.0,62.875,8.8425,1.320851,150.33,36.09,1022.75,first rest
2013-06-30 10:16:57.000,-15.0,-2.0,62.875,9.5025,1.317009,150.07,36.07,1023.0,first rest
2013-06-30 10:16:57.250,-15.0,-2.0,62.875,-24.542667,1.313167,149.81,36.07,1023.25,first rest
2013-06-30 10:16:57.500,-15.0,-2.0,63.0,15.666875,1.311886,149.56,36.07,1023.5,first rest
2013-06-30 10:16:57.750,-15.0,-2.0,63.0,0.991333,1.311886,149.3,36.07,1023.75,first rest
2013-06-30 10:16:58.000,-15.0,-2.0,63.0,-17.82625,1.310605,149.03,36.11,1024.0,first rest
2013-06-30 10:16:58.250,-14.875,-2.0,63.0,17.10125,1.306763,148.75,36.11,1024.25,first rest
2013-06-30 10:16:58.500,-15.0,-2.0,63.0,-8.67,1.309325,148.47,36.11,1024.5,first rest
2013-06-30 10:16:58.750,-14.75,-2.0,63.0,-9.7475,1.306763,148.17,36.11,1024.75,first rest
2013-06-30 10:16:59.000,-14.5,-2.0,63.0,13.761875,1.305483,147.87,36.09,1025.0,first rest
2013-06-30 10:16:59.250,-15.0,-2.0,62.875,-10.154667,1.30036,147.56,36.09,1025.25,first rest
2013-06-30 10:16:59.500,-14.625,-2.0,63.0,18.629375,1.297798,147.23,36.09,1025.5,first rest
2013-06-30 10:16:59.750,-14.5,-2.0,63.0,9.655333,1.295237,146.89,36.09,1025.75,first rest
2013-06-30 10:17:00.000,-14.625,-2.0,63.0,-17.875,1.30036,146.52,36.11,1026.0,first rest
2013-06-30 10:17:00.250,-14.625,-2.0,63.0,15.596875,1.291395,146.12,36.11,1026.25,first rest
2013-06-30 10:17:00.500,-14.75,-2.0,63.0,-4.847333,1.296518,145.71,36.11,1026.5,first rest
2013-06-30 10:17:00.750,-14.625,-2.0,63.0,-10.693125,1.291395,145.28,36.11,1026.75,first rest
2013-06-30 10:17:01.000,-14.75,-2.0,63.0,14.41625,1.288833,144.85,36.09,1027.0,first rest
2013-06-30 10:17:01.250,-14.625,-2.0,63.0,-12.711333,1.287553,144.43,36.09,1027.25,first rest
2013-06-30 10:17:01.500,-14.75,-2.0,63.0,-7.093125,1.287553,144.01,36.09,1027.5,first rest
2013-06-30 10:17:01.750,-14.625,-2.0,63.0,10.72,1.284991,143.59,36.09,1027.75,first rest
2013-06-30 10:17:02.000,-14.5,-2.0,63.0,-12.223125,1.281149,143.18,36.09,1028.0,first rest
2013-06-30 10:17:02.250,-14.5,-2.0,63.0,7.793125,1.28371,142.77,36.09,1028.25,first rest
2013-06-30 10:17:02.500,-14.667,-2.0,63.0,18.19,1.279868,142.35,36.09,1028.5,first rest
2013-06-30 10:17:02.750,-14.625,-2.0,63.0,-16.16875,1.277307,141.94,36.09,1028.75,first rest
2013-06-30 10:17:03.000,-14.875,-2.0,63.0,8.318125,1.274745,141.52,36.09,1029.0,first rest
2013-06-30 10:17:03.250,-14.75,-2.0,63.0,2.252,1.272184,141.1,36.09,1029.25,first rest
2013-06-30 10:17:03.500,-14.625,-2.0,62.875,-26.556875,1.268342,140.68,36.09,1029.5,first rest
2013-06-30 10:17:03.750,-14.75,-2.0,63.0,16.158667,1.272184,140.26,36.09,1029.75,first rest
2013-06-30 10:17:04.000,-14.75,-2.0,63.0,2.470625,1.26578,139.83,36.09,1030.0,first rest
2013-06-30 10:17:04.250,-14.5,-2.0,63.0,-24.713125,1.269623,139.4,36.09,1030.25,first rest
2013-06-30 10:17:04.500,-14.5,-2.0,63.0,12.556,1.269623,138.98,36.09,1030.5,first rest
2013-06-30 10:17:04.750,-14.875,-2.0,63.0,-1.74125,1.2645,138.55,36.09,1030.75,first rest
2013-06-30 10:17:05.000,-14.875,-2.0,63.0,-13.49125,1.261938,138.12,36.11,1031.0,first rest
2013-06-30 10:17:05.250,-14.5,-2.0,63.0,23.316,1.259377,137.69,36.11,1031.25,first rest
2013-06-30 10:17:05.500,-14.75,-2.0,63.0,-2.516875,1.260658,137.27,36.11,1031.5,first rest
2013-06-30 10:17:05.750,-14.75,-2.0,63.0,-1.14,1.260658,136.84,36.11,1031.75,first rest
2013-06-30 10:17:06.000,-14.5,-2.0,63.0,9.28625,1.258096,136.42,36.11,1032.0,first rest
2013-06-30 10:17:06.250,-14.444,-2.0,63.0,-26.176875,1.256815,135.99,36.11,1032.25,first rest
2013-06-30 10:17:06.500,-14.5,-2.0,63.0,14.404,1.258096,135.57,36.11,1032.5,first rest
2013-06-30 10:17:06.750,-14.75,-2.0,63.0,2.99375,1.256815,135.14,36.11,1032.75,first rest
2013-06-30 10:17:07.000,-14.625,-2.0,63.0,-26.874375,1.256815,134.72,36.13,1033.0,first rest
2013-06-30 10:17:07.250,-14.75,-2.0,63.0,18.425333,1.254254,134.3,36.13,1033.25,first rest
2013-06-30 10:17:07.500,-14.625,-2.0,63.0,3.675625,1.251693,133.88,36.13,1033.5,first rest
2013-06-30 10:17:07.750,-14.625,-2.0,63.0,-2.242,1.250412,133.45,36.13,1033.75,first rest
2013-06-30 10:17:08.000,-14.75,-2.0,63.0,22.5075,1.249131,133.03,36.11,1034.0,first rest
2013-06-30 10:17:08.250,-14.5,-2.0,63.0,-10.57875,1.245289,132.6,36.11,1034.25,first rest
2013-06-30 10:17:08.500,-14.75,-2.0,63.0,10.478667,1.244008,132.18,36.11,1034.5,first rest
2013-06-30 10:17:08.750,-14.75,-2.0,63.0,2.76125,1.242728,131.75,36.11,1034.75,first rest
2013-06-30 10:17:09.000,-14.625,-2.0,62.875,-25.638125,1.238885,131.32,36.13,1035.0,first rest
2013-06-30 10:17:09.250,-14.375,-2.0,63.0,20.458667,1.237605,130.89,36.13,1035.25,first rest
2013-06-30 10:17:09.500,-14.875,-2.0,63.0,1.999375,1.235043,130.46,36.13,1035.5,first rest
2013-06-30 10:17:09.750,-14.375,-2.0,63.0,-22.84,1.233763,130.03,36.13,1035.75,first rest
2013-06-30 10:17:10.000,-14.375,-2.0,63.0,12.568125,1.232482,129.6,36.15,1036.0,first rest
2013-06-30 10:17:10.250,-14.778,-2.0,63.0,-5.745,1.22864,129.17,36.15,1036.25,first rest
2013-06-30 10:17:10.500,-14.5,-2.0,63.0,-7.54,1.227359,128.74,36.15,1036.5,first rest
2013-06-30 10:17:10.750,-14.75,-2.0,63.0,18.059375,1.229921,128.31,36.15,1036.75,first rest
2013-06-30 10:17:11.000,-14.75,-2.0,63.0,-4.434375,1.226078,127.88,36.16,1037.0,first rest
2013-06-30 10:17:11.250,-14.375,-2.0,63.0,14.104,1.227359,127.45,36.16,1037.25,first rest
2013-06-30 10:17:11.500,-14.5,-2.0,63.0,12.28625,1.222236,127.02,36.16,1037.5,first rest
2013-06-30 10:17:11.750,-14.25,-2.0,63.0,-12.428,1.219675,126.59,36.16,1037.75,first rest
2013-06-30 10:17:12.000,-14.5,-2.0,63.0,29.144375,1.220955,126.15,36.21,1038.0,first rest
2013-06-30 10:17:12.250,-14.5,-2.0,63.0,-1.54,1.218394,125.7,36.21,1038.25,first rest
2013-06-30 10:17:12.500,-14.625,-2.0,63.0,-47.037333,1.220955,125.25,36.21,1038.5,first rest
2013-06-30 10:17:12.750,-14.625,-2.0,63.0,6.5525,1.217113,124.79,36.21,1038.75,first rest
2013-06-30 10:17:13.000,-14.5,-2.0,63.0,-11.031875,1.21199,124.33,36.16,1039.0,first rest
2013-06-30 10:17:13.250,-14.5,-2.0,63.0,-10.088667,1.21199,123.87,36.16,1039.25,first rest
2013-06-30 10:17:13.500,-14.5,-2.0,63.0,-2.784375,1.21071,123.42,36.16,1039.5,first rest
2013-06-30 10:17:13.750,-14.5,-2.0,63.0,-11.008,1.209429,122.97,36.16,1039.75,first rest
2013-06-30 10:17:14.000,-14.667,-2.0,63.0,22.99125,1.209429,122.52,36.18,1040.0,first rest
2013-06-30 10:17:14.250,-14.625,-2.0,63.0,-13.5875,1.206868,122.08,36.18,1040.25,first rest
2013-06-30 10:17:14.500,-14.5,-2.0,62.875,21.394,1.206868,121.64,36.18,1040.5,first rest
2013-06-30 10:17:14.750,-14.375,-2.0,63.0,39.566875,1.204306,121.21,36.18,1040.75,first rest
2013-06-30 10:17:15.000,-14.375,-2.0,63.0,2.083125,1.206868,120.77,36.16,1041.0,first rest
2013-06-30 10:17:15.250,-14.75,-2.0,63.0,22.739333,1.197903,120.33,36.16,1041.25,first rest
2013-06-30 10:17:15.500,-14.625,-2.0,62.875,-24.578125,1.201745,119.88,36.16,1041.5,first rest
2013-06-30 10:17:15.750,-14.75,-2.0,63.0,-28.167333,1.197903,119.43,36.16,1041.75,first rest
2013-06-30 10:17:16.000,-14.375,-2.0,63.0,27.39875,1.19278,118.98,36.18,1042.0,first rest
2013-06-30 10:17:16.250,-14.625,-2.0,63.0,-13.844375,1.195341,118.53,36.18,1042.25,first rest
2013-06-30 10:17:16.500,-14.625,-2.0,63.0,-20.287333,1.191499,118.08,36.18,1042.5,first rest
2013-06-30 10:17:16.750,-14.625,-2.0,63.0,21.565,1.19406,117.63,36.18,1042.75,first rest
2013-06-30 10:17:17.000,-14.5,-2.0,63.0,6.688125,1.187657,117.18,36.16,1043.0,first rest
2013-06-30 10:17:17.250,-14.125,-2.0,63.0,-39.388667,1.187657,116.73,36.16,1043.25,first rest
2013-06-30 10:17:17.500,-14.5,-2.0,63.0,4.643125,1.187657,116.28,36.16,1043.5,first rest
2013-06-30 10:17:17.750,-14.625,-2.0,63.0,15.986667,1.183815,115.83,36.16,1043.75,first rest
2013-06-30 10:17:18.000,-14.667,-2.0,63.0,-8.609375,1.185095,115.38,36.18,1044.0,first rest
2013-06-30 10:17:18.250,-14.75,-2.0,63.0,2.055,1.187657,114.93,36.18,1044.25,first rest
2013-06-30 10:17:18.500,-14.625,-2.0,63.0,6.415333,1.182534,114.49,36.18,1044.5,first rest
2013-06-30 10:17:18.750,-14.5,-2.0,63.0,-13.5825,1.178692,114.04,36.18,1044.75,first rest
2013-06-30 10:17:19.000,-14.625,-2.0,63.0,-13.068125,1.178692,113.6,36.16,1045.0,first rest
2013-06-30 10:17:19.250,-14.5,-2.0,63.0,10.257333,1.17485,113.16,36.16,1045.25,first rest
2013-06-30 10:17:19.500,-14.625,-2.0,63.0,-12.775625,1.177411,112.72,36.16,1045.5,first rest
2013-06-30 10:17:19.750,-14.375,-2.0,63.0,-31.422,1.171008,112.28,36.16,1045.75,first rest
2013-06-30 10:17:20.000,-14.625,-2.0,63.0,10.27625,1.17485,111.85,36.16,1046.0,first rest
2013-06-30 10:17:20.250,-14.5,-2.0,63.0,-7.59,1.167166,111.42,36.16,1046.25,first rest
2013-06-30 10:17:20.500,-14.75,-2.0,63.0,-32.586667,1.165885,110.99,36.16,1046.5,first rest
2013-06-30 10:17:20.750,-14.5,-2.0,63.0,25.783125,1.168446,110.56,36.16,1046.75,first rest
2013-06-30 10:17:21.000,-14.625,-2.0,62.75,5.845,1.165885,110.12,36.15,1047.0,first rest
2013-06-30 10:17:21.250,-14.5,-2.0,63.0,-19.248,1.164604,109.68,36.15,1047.25,first rest
2013-06-30 10:17:21.500,-14.5,-2.0,63.0,24.075625,1.164604,109.24,36.15,1047.5,first rest
2013-06-30 10:17:21.750,-14.444,-2.0,63.0,-5.279333,1.160762,108.79,36.15,1047.75,first rest
2013-06-30 10:17:22.000,-14.625,-2.0,63.0,-18.030625,1.162043,108.35,36.15,1048.0,first rest
2013-06-30 10:17:22.250,-14.5,-2.0,63.0,27.825625,1.163323,107.91,36.15,1048.25,first rest
2013-06-30 10:17:22.500,-14.625,-2.0,63.0,-12.189333,1.159481,107.47,36.15,1048.5,first rest
2013-06-30 10:17:22.750,-14.625,-2.0,63.0,2.6975,1.158201,107.03,36.15,1048.75,first rest
2013-06-30 10:17:23.000,-14.5,-2.0,63.0,26.01875,1.160762,106.6,36.15,1049.0,first rest
2013-06-30 10:17:23.250,-14.625,-2.0,63.0,-23.943333,1.158201,106.17,36.15,1049.25,first rest
2013-06-30 10:17:23.500,-14.5,-2.0,63.0,13.641875,1.158201,105.74,36.15,1049.5,first rest
2013-06-30 10:17:23.750,-14.625,-2.0,63.0,20.596,1.154358,105.31,36.15,1049.75,first rest
2013-06-30 10:17:24.000,-14.375,-2.0,63.0,-24.41,1.150516,104.87,36.18,1050.0,first rest
2013-06-30 10:17:24.250,-14.5,-2.0,63.0,18.499375,1.147955,104.42,36.18,1050.25,first rest
2013-06-30 10:17:24.500,-14.5,-2.0,63.0,21.108,1.150516,103.97,36.18,1050.5,first rest
2013-06-30 10:17:24.750,-14.75,-2.0,63.0,-19.1325,1.147955,103.51,36.18,1050.75,first rest
2013-06-30 10:17:25.000,-14.5,-2.0,62.875,27.4525,1.142832,103.05,36.16,1051.0,first rest
2013-06-30 10:17:25.250,-14.5,-2.0,63.0,9.436667,1.141551,102.6,36.16,1051.25,first rest
2013-06-30 10:17:25.500,-14.375,-2.0,63.0,-32.0325,1.142832,102.15,36.16,1051.5,first rest
2013-06-30 10:17:25.750,-14.556,-2.0,62.889,22.908,1.144113,101.7,36.16,1051.75,first rest
2013-06-30 10:17:26.000,-14.625,-2.0,63.0,7.04375,1.142832,101.25,36.16,1052.0,first rest
2013-06-30 10:17:26.250,-14.75,-2.0,63.0,-35.26875,1.141551,100.8,36.16,1052.25,first rest
2013-06-30 10:17:26.500,-14.625,-2.0,63.0,19.377333,1.145393,100.35,36.16,1052.5,first rest
2013-06-30 10:17:26.750,-14.625,-2.0,63.0,10.7925,1.137709,99.9,36.16,1052.75,first rest
2013-06-30 10:17:27.000,-14.75,-2.0,63.0,-32.41375,1.14027,99.45,36.16,1053.0,first rest
2013-06-30 10:17:27.250,-14.5,-2.0,62.875,9.144,1.13899,99.0,36.16,1053.25,first rest
2013-06-30 10:17:27.500,-14.5,-2.0,63.0,16.565625,1.133867,98.56,36.16,1053.5,first rest
2013-06-30 10:17:27.750,-14.375,-2.0,63.0,-20.325333,1.136428,98.11,36.16,1053.75,first rest
2013-06-30 10:17:28.000,-14.625,-2.0,63.0,12.573125,1.13899,97.67,36.18,1054.0,first rest
2013-06-30 10:17:28.250,-14.5,-2.0,63.0,10.45875,1.135148,97.23,36.18,1054.25,first rest
2013-06-30 10:17:28.500,-14.625,-2.0,63.0,-32.058,1.136428,96.79,36.18,1054.5,first rest
2013-06-30 10:17:28.750,-14.5,-2.0,63.0,18.08125,1.131305,96.36,36.18,1054.75,first rest
2013-06-30 10:17:29.000,-14.75,-2.0,63.0,3.266875,1.132586,95.93,36.21,1055.0,first rest
2013-06-30 10:17:29.250,-14.75,-2.0,63.0,-32.644,1.131305,95.5,36.21,1055.25,first rest
2013-06-30 10:17:29.500,-14.333,-2.0,63.0,17.97625,1.127463,95.08,36.21,1055.5,first rest
2013-06-30 10:17:29.750,-14.5,-2.0,63.0,1.071333,1.123621,94.66,36.21,1055.75,first rest
2013-06-30 10:17:30.000,-14.5,-2.0,63.0,-40.074375,1.126183,94.25,36.23,1056.0,first rest
2013-06-30 10:17:30.250,-14.5,-2.0,63.0,7.84,1.12106,93.84,36.23,1056.25,first rest
2013-06-30 10:17:30.500,-14.5,-2.0,62.875,6.868,1.118498,93.43,36.23,1056.5,first rest
2013-06-30 10:17:30.750,-14.625,-2.0,62.875,-14.07375,1.117218,93.02,36.23,1056.75,first rest
2013-06-30 10:17:31.000,-14.5,-2.0,63.0,8.49375,1.118498,92.62,36.23,1057.0,first rest
2013-06-30 10:17:31.250,-14.625,-2.0,63.0,11.675333,1.119779,92.22,36.23,1057.25,first rest
2013-06-30 10:17:31.500,-14.625,-2.0,63.0,-0.155,1.113375,91.82,36.23,1057.5,first rest
2013-06-30 10:17:31.750,-14.875,-2.0,63.0,32.990667,1.115937,91.42,36.23,1057.75,first rest
2013-06-30 10:17:32.000,-14.625,-2.0,63.0,5.190625,1.110814,91.02,36.23,1058.0,first rest
2013-06-30 10:17:32.250,-14.375,-2.0,63.0,22.60875,1.112095,90.62,36.23,1058.25,first rest
2013-06-30 10:17:32.500,-14.5,-2.0,63.0,8.359333,1.112095,90.22,36.23,1058.5,first rest
2013-06-30 10:17:32.750,-14.5,-2.0,63.0,-26.524375,1.113375,89.83,36.23,1058.75,first rest
2013-06-30 10:17:33.000,-14.75,-2.0,63.0,29.033125,1.109533,89.43,36.27,1059.0,first rest
2013-06-30 10:17:33.250,-14.5,-2.0,63.0,13.466,1.105691,89.04,36.27,1059.25,first rest
2013-06-30 10:17:33.500,-14.556,-2.0,63.0,-28.93625,1.108253,88.64,36.27,1059.5,first rest
2013-06-30 10:17:33.750,-14.625,-2.0,63.0,16.293333,1.101849,88.25,36.27,1059.75,first rest
2013-06-30 10:17:34.000,-14.625,-2.0,63.0,24.49125,1.100568,87.85,36.23,1060.0,first rest
2013-06-30 10:17:34.250,-14.5,-2.0,63.0,-5.675625,1.099288,87.45,36.23,1060.25,first rest
2013-06-30 10:17:34.500,-14.5,-2.0,63.0,-30.962,1.101849,87.05,36.23,1060.5,first rest
2013-06-30 10:17:34.750,-14.5,-2.0,63.0,5.4725,1.099288,86.66,36.23,1060.75,first rest
2013-06-30 10:17:35.000,-14.5,-2.0,63.0,4.27125,1.099288,86.27,36.25,1061.0,first rest
2013-06-30 10:17:35.250,-14.625,-2.0,63.0,-8.024667,1.094165,85.89,36.25,1061.25,first rest
2013-06-30 10:17:35.500,-14.625,-2.0,63.0,-9.696875,1.095446,85.51,36.25,1061.5,first rest
2013-06-30 10:17:35.750,-14.5,-2.0,63.0,3.729333,1.094165,85.11,36.25,1061.75,first rest
2013-06-30 10:17:36.000,-14.625,-2.0,63.0,-5.71,1.094165,84.68,36.23,1062.0,first rest
2013-06-30 10:17:36.250,-14.5,-2.0,62.875,-27.895,1.094165,84.22,36.23,1062.25,first rest
2013-06-30 10:17:36.500,-14.75,-2.0,63.0,-0.11,1.089042,83.77,36.23,1062.5,first rest
2013-06-30 10:17:36.750,-14.375,-2.0,63.0,9.81,1.089042,83.38,36.23,1062.75,first rest
2013-06-30 10:17:37.000,-14.375,-2.0,63.0,-4.14,1.087761,83.1,36.25,1063.0,first rest
2013-06-30 10:17:37.250,-14.333,-2.0,63.0,-24.468,1.08648,82.96,36.25,1063.25,first rest
2013-06-30 10:17:37.500,-14.625,-2.0,63.0,7.555625,1.087761,82.93,36.25,1063.5,first rest
2013-06-30 10:17:37.750,-14.5,-2.0,63.0,6.954,1.087761,82.96,36.25,1063.75,first rest
2013-06-30 10:17:38.000,-14.625,-2.0,63.0,-28.420625,1.081358,83.0,36.25,1064.0,first rest
2013-06-30 10:17:38.250,-14.5,-2.0,63.0,-17.3775,1.082638,83.0,36.25,1064.25,first rest
2013-06-30 10:17:38.500,-14.5,-2.0,63.0,20.264,1.078796,82.98,36.25,1064.5,first rest
2013-06-30 10:17:38.750,-14.625,-2.0,63.0,7.85375,1.082638,82.94,36.25,1064.75,first rest
2013-06-30 10:17:39.000,-14.625,-2.0,63.0,-45.50125,1.074954,82.9,36.25,1065.0,first rest
2013-06-30 10:17:39.250,-14.375,-2.0,63.0,15.616667,1.077515,82.87,36.25,1065.25,first rest
2013-06-30 10:17:39.500,-14.625,-2.0,63.0,28.49625,1.074954,82.85,36.25,1065.5,first rest
2013-06-30 10:17:39.750,-14.625,-2.0,63.0,-7.669333,1.071112,82.84,36.25,1065.75,first rest
2013-06-30 10:17:40.000,-14.5,-2.0,62.875,-41.5975,1.074954,82.82,36.25,1066.0,first rest
2013-06-30 10:17:40.250,-14.625,-2.0,63.0,32.8325,1.071112,82.8,36.25,1066.25,first rest
2013-06-30 10:17:40.500,-14.625,-2.0,63.0,23.824667,1.06855,82.78,36.25,1066.5,first rest
2013-06-30 10:17:40.750,-14.5,-2.0,63.0,-29.88625,1.06727,82.75,36.25,1066.75,first rest
2013-06-30 10:17:41.000,-14.5,-2.0,63.0,30.809375,1.072393,82.73,36.29,1067.0,first rest
2013-06-30 10:17:41.250,-14.444,-2.0,63.0,21.002667,1.065989,82.71,36.29,1067.25,first rest
2013-06-30 10:17:41.500,-14.75,-2.0,63.0,-30.180625,1.064708,82.7,36.29,1067.5,first rest
2013-06-30 10:17:41.750,-14.25,-2.0,63.0,27.367333,1.064708,82.68,36.29,1067.75,first rest
2013-06-30 10:17:42.000,-14.375,-2.0,63.0,18.688125,1.064708,82.67,36.25,1068.0,first rest
2013-06-30 10:17:42.250,-14.75,-2.0,63.0,-33.95375,1.062147,82.65,36.25,1068.25,first rest
2013-06-30 10:17:42.500,-14.25,-2.0,63.0,25.448,1.060866,82.64,36.25,1068.5,first rest
2013-06-30 10:17:42.750,-14.375,-2.0,63.0,20.719375,1.060866,82.62,36.25,1068.75,first rest
2013-06-30 10:17:43.000,-14.625,-2.0,63.0,-30.903125,1.062147,82.6,36.29,1069.0,first rest
2013-06-30 10:17:43.250,-14.625,-2.0,63.0,14.108667,1.059585,82.58,36.29,1069.25,first rest
2013-06-30 10:17:43.500,-14.5,-2.0,63.0,25.624375,1.04934,82.56,36.29,1069.5,first rest
2013-06-30 10:17:43.750,-14.625,-2.0,63.0,-9.846667,1.055743,82.55,36.29,1069.75,first rest
2013-06-30 10:17:44.000,-14.75,-2.0,63.0,-31.849375,1.051901,82.53,36.29,1070.0,first rest
2013-06-30 10:17:44.250,-14.375,-2.0,63.0,22.325625,1.05062,82.52,36.29,1070.25,first rest
2013-06-30 10:17:44.500,-14.375,-2.0,63.0,10.349333,1.051901,82.5,36.29,1070.5,first rest
2013-06-30 10:17:44.750,-14.5,-2.0,63.0,-33.525,1.048059,82.49,36.29,1070.75,first rest
2013-06-30 10:17:45.000,-14.333,-2.0,63.0,20.683125,1.04934,82.48,36.27,1071.0,first rest
2013-06-30 10:17:45.250,-14.75,-2.0,63.0,17.034667,1.048059,82.47,36.27,1071.25,first rest
2013-06-30 10:17:45.500,-14.625,-2.0,63.0,-22.310625,1.046778,82.45,36.27,1071.5,first rest
2013-06-30 10:17:45.750,-14.375,-2.0,63.0,13.074667,1.044217,82.44,36.27,1071.75,first rest
2013-06-30 10:17:46.000,-14.75,-2.0,63.0,12.6925,1.041655,82.43,36.29,1072.0,first rest
2013-06-30 10:17:46.250,-14.625,-2.0,63.0,-24.17125,1.044217,82.42,36.29,1072.25,first rest
2013-06-30 10:17:46.500,-14.625,-2.0,63.0,-9.850667,1.039094,82.41,36.29,1072.5,first rest
2013-06-30 10:17:46.750,-14.625,-2.0,63.0,15.614375,1.040375,82.39,36.29,1072.75,first rest
2013-06-30 10:17:47.000,-14.5,-2.0,63.0,-2.363125,1.040375,82.38,36.31,1073.0,first rest
2013-06-30 10:17:47.250,-14.625,-2.0,63.0,-34.392667,1.040375,82.36,36.31,1073.25,first rest
2013-06-30 10:17:47.500,-14.375,-2.0,63.0,20.391875,1.035252,82.34,36.31,1073.5,first rest
2013-06-30 10:17:47.750,-14.5,-2.0,63.0,12.481333,1.035252,82.32,36.31,1073.75,first rest
2013-06-30 10:17:48.000,-14.75,-2.0,63.0,-29.67125,1.035252,82.3,36.31,1074.0,first rest
2013-06-30 10:17:48.250,-14.625,-2.0,63.0,12.755,1.032691,82.28,36.31,1074.25,first rest
2013-06-30 10:17:48.500,-14.625,-2.0,63.0,18.984,1.032691,82.26,36.31,1074.5,first rest
2013-06-30 10:17:48.750,-14.875,-2.0,63.0,-19.645625,1.030129,82.24,36.31,1074.75,first rest
2013-06-30 10:17:49.000,-14.667,-2.0,62.889,14.48,1.027568,82.22,36.31,1075.0,first rest
2013-06-30 10:17:49.250,-14.75,-2.0,63.0,15.057333,1.03141,82.2,36.31,1075.25,first rest
2013-06-30 10:17:49.500,-14.625,-2.0,63.0,-29.514375,1.027568,82.18,36.31,1075.5,first rest
2013-06-30 10:17:49.750,-14.375,-2.0,63.0,3.351333,1.026287,82.15,36.31,1075.75,first rest
2013-06-30 10:17:50.000,-14.625,-2.0,63.0,19.305625,1.026287,82.13,36.31,1076.0,first rest
2013-06-30 10:17:50.250,-14.5,-2.0,63.0,-21.76875,1.028848,82.11,36.31,1076.25,first rest
2013-06-30 10:17:50.500,-14.625,-2.0,63.0,-14.528,1.025006,82.08,36.31,1076.5,first rest
2013-06-30 10:17:50.750,-14.875,-2.0,63.0,21.26375,1.021164,82.06,36.31,1076.75,first rest
2013-06-30 10:17:51.000,-14.5,-2.0,63.0,-5.243125,1.022445,82.03,36.34,1077.0,first rest
2013-06-30 10:17:51.250,-14.5,-2.0,63.0,-13.346,1.021164,82.0,36.34,1077.25,first rest
2013-06-30 10:17:51.500,-14.625,-2.0,62.875,28.343125,1.017322,81.98,36.34,1077.5,first rest
2013-06-30 10:17:51.750,-14.5,-2.0,63.0,1.476,1.019883,81.95,36.34,1077.75,first rest
2013-06-30 10:17:52.000,-14.625,-2.0,63.0,-1.6075,1.016041,81.92,36.37,1078.0,first rest
2013-06-30 10:17:52.250,-14.625,-2.0,62.875,15.288125,1.01348,81.89,36.37,1078.25,first rest
2013-06-30 10:17:52.500,-14.5,-2.0,63.0,-23.344667,1.01348,81.87,36.37,1078.5,first rest
2013-06-30 10:17:52.750,-14.556,-2.0,63.0,1.143125,1.016041,81.84,36.37,1078.75,first rest
2013-06-30 10:17:53.000,-14.625,-2.0,63.0,14.361875,1.009638,81.82,36.33,1079.0,first rest
2013-06-30 10:17:53.250,-14.375,-2.0,63.0,-32.958667,1.012199,81.8,36.33,1079.25,first rest
2013-06-30 10:17:53.500,-14.75,-2.0,63.0,3.47125,1.010918,81.78,36.33,1079.5,first rest
2013-06-30 10:17:53.750,-14.375,-2.0,63.0,11.964667,1.010918,81.75,36.33,1079.75,first rest
2013-06-30 10:17:54.000,-14.375,-2.0,63.0,-21.753125,1.007076,81.72,36.33,1080.0,first rest
2013-06-30 10:17:54.250,-14.75,-2.0,63.0,24.545625,1.004515,81.68,36.33,1080.25,first rest
2013-06-30 10:17:54.500,-14.5,-2.0,63.0,13.454,1.004515,81.64,36.33,1080.5,first rest
2013-06-30 10:17:54.750,-14.625,-2.0,63.0,-7.283125,1.004515,81.59,36.33,1080.75,first rest
2013-06-30 10:17:55.000,-14.375,-2.0,63.0,22.785,1.001953,81.55,36.34,1081.0,first rest
2013-06-30 10:17:55.250,-14.5,-2.0,63.0,-10.666667,1.003234,81.51,36.34,1081.25,first rest
2013-06-30 10:17:55.500,-14.5,-2.0,63.0,-5.985625,1.003234,81.48,36.34,1081.5,first rest
2013-06-30 10:17:55.750,-14.625,-2.0,63.0,20.326,1.003234,81.46,36.34,1081.75,first rest
2013-06-30 10:17:56.000,-14.375,-2.0,63.0,-17.61875,1.000673,81.43,36.37,1082.0,first rest
2013-06-30 10:17:56.250,-14.625,-2.0,63.0,-5.688125,0.99683,81.4,36.37,1082.25,first rest
2013-06-30 10:17:56.500,-14.5,-2.0,63.0,12.318,1.001953,81.38,36.37,1082.5,first rest
2013-06-30 10:17:56.750,-14.444,-2.0,63.0,-16.205625,0.99555,81.35,36.37,1082.75,first rest
2013-06-30 10:17:57.000,-14.5,-2.0,63.0,-0.105,0.999392,81.33,36.37,1083.0,first rest
2013-06-30 10:17:57.250,-14.625,-2.0,63.0,19.925333,0.99555,81.31,36.37,1083.25,first rest
2013-06-30 10:17:57.500,-14.5,-2.0,62.875,-6.48125,0.99555,81.29,36.37,1083.5,first rest
2013-06-30 10:17:57.750,-14.75,-2.0,63.0,7.537333,0.990427,81.27,36.37,1083.75,first rest
2013-06-30 10:17:58.000,-14.5,-2.0,63.0,9.15875,0.992988,81.25,36.39,1084.0,first rest
2013-06-30 10:17:58.250,-14.5,-2.0,63.0,-26.181875,0.991708,81.22,36.39,1084.25,first rest
2013-06-30 10:17:58.500,-14.5,-2.0,63.0,-3.750667,0.989146,81.2,36.39,1084.5,first rest
2013-06-30 10:17:58.750,-14.5,-2.0,63.0,5.319375,0.990427,81.18,36.39,1084.75,first rest
2013-06-30 10:17:59.000,-14.5,-2.0,63.0,-26.709375,0.985304,81.18,36.41,1085.0,first rest
2013-06-30 10:17:59.250,-14.5,-2.0,63.0,-12.96,0.987866,81.2,36.41,1085.25,first rest
2013-06-30 10:17:59.500,-14.5,-2.0,63.0,14.379375,0.984023,81.22,36.41,1085.5,first rest
2013-06-30 10:17:59.750,-14.375,-2.0,63.0,-9.792,0.982743,81.26,36.41,1085.75,first rest
2013-06-30 10:18:00.000,-14.875,-2.0,63.0,4.87625,0.985304,81.3,36.43,1086.0,first rest
2013-06-30 10:18:00.250,-14.5,-2.0,63.0,16.7375,0.981462,81.33,36.43,1086.25,first rest
2013-06-30 10:18:00.500,-14.556,-2.0,63.0,-29.936667,0.985304,81.37,36.43,1086.5,first rest
2013-06-30 10:18:00.750,-14.5,-2.0,63.0,10.665,0.987866,81.39,36.43,1086.75,first rest
2013-06-30 10:18:01.000,-14.5,-2.0,63.0,17.499375,0.984023,81.42,36.45,1087.0,first rest
2013-06-30 10:18:01.250,-14.75,-2.0,63.0,-33.188667,0.982743,81.45,36.45,1087.25,first rest
2013-06-30 10:18:01.500,-14.625,-2.0,62.875,12.88,0.985304,81.47,36.45,1087.5,first rest
2013-06-30 10:18:01.750,-14.375,-2.0,63.0,14.593333,0.981462,81.5,36.45,1087.75,first rest
2013-06-30 10:18:02.000,-14.5,-2.0,63.0,-29.35625,0.982743,81.52,36.43,1088.0,first rest
2013-06-30 10:18:02.250,-14.625,-2.0,63.0,10.759375,0.985304,81.54,36.43,1088.25,first rest
2013-06-30 10:18:02.500,-14.75,-2.0,63.0,21.006667,0.976339,81.56,36.43,1088.5,first rest
2013-06-30 10:18:02.750,-14.75,-2.0,62.875,-16.59125,0.981462,81.58,36.43,1088.75,first rest
2013-06-30 10:18:03.000,-14.5,-2.0,63.0,27.510625,0.976339,81.6,36.49,1089.0,first rest
2013-06-30 10:18:03.250,-14.5,-2.0,63.0,12.060667,0.976339,81.61,36.49,1089.25,first rest
2013-06-30 10:18:03.500,-14.625,-2.0,63.0,-33.01,0.976339,81.63,36.49,1089.5,first rest
2013-06-30 10:18:03.750,-14.625,-2.0,62.875,26.531333,0.972497,81.64,36.49,1089.75,first rest
2013-06-30 10:18:04.000,-14.875,-2.0,63.0,6.2825,0.972497,81.65,36.47,1090.0,first rest
2013-06-30 10:18:04.250,-14.5,-2.0,62.875,-29.88625,0.973778,81.66,36.47,1090.25,first rest
2013-06-30 10:18:04.500,-14.333,-2.0,63.0,24.072,0.968655,81.68,36.47,1090.5,first rest
2013-06-30 10:18:04.750,-14.375,-2.0,63.0,-3.33625,0.968655,81.69,36.47,1090.75,first rest
2013-06-30 10:18:05.000,-14.625,-2.0,63.0,-31.976875,0.968655,81.7,36.5,1091.0,first rest
2013-06-30 10:18:05.250,-14.375,-2.0,63.0,26.163333,0.966093,81.71,36.5,1091.25,first rest
2013-06-30 10:18:05.500,-14.625,-2.0,62.875,6.92625,0.967374,81.72,36.5,1091.5,first rest
2013-06-30 10:18:05.750,-14.75,-2.0,63.0,-5.856667,0.964813,81.72,36.5,1091.75,first rest
2013-06-30 10:18:06.000,-14.625,-2.0,63.0,20.884375,0.968655,81.73,36.5,1092.0,first rest
2013-06-30 10:18:06.250,-14.375,-2.0,63.0,-18.1575,0.964813,81.74,36.5,1092.25,first rest
2013-06-30 10:18:06.500,-14.625,-2.0,63.0,4.304667,0.963532,81.75,36.5,1092.5,first rest
2013-06-30 10:18:06.750,-14.5,-2.0,63.0,15.280625,0.962251,81.76,36.5,1092.75,first rest
2013-06-30 10:18:07.000,-14.625,-2.0,62.875,-29.82,0.957128,81.77,36.53,1093.0,first rest
2013-06-30 10:18:07.250,-14.625,-2.0,63.0,13.190667,0.96097,81.77,36.53,1093.25,first rest
2013-06-30 10:18:07.500,-14.5,-2.0,63.0,8.8375,0.958409,81.77,36.53,1093.5,first rest
2013-06-30 10:18:07.750,-14.625,-2.0,63.0,-32.260667,0.958409,81.77,36.53,1093.75,first rest
2013-06-30 10:18:08.000,-14.625,-2.0,63.0,14.990625,0.954567,81.77,36.55,1094.0,first rest
2013-06-30 10:18:08.250,-14.444,-2.0,63.0,16.856875,0.987766,81.77,36.55,1094.25,first rest
2013-06-30 10:18:08.500,-14.5,-2.0,63.0,-18.676,0.985205,81.77,36.55,1094.5,first rest
2013-06-30 10:18:08.750,-14.625,-2.0,63.0,27.0625,0.986486,81.77,36.55,1094.75,first rest
2013-06-30 10:18:09.000,-14.625,-2.0,63.0,0.645625,0.982644,81.78,36.57,1095.0,first rest
2013-06-30 10:18:09.250,-13.875,-2.0,63.125,-26.522,0.985205,81.79,36.57,1095.25,first rest
2013-06-30 10:18:09.500,-14.5,-2.0,63.0,25.536875,0.985205,81.8,36.57,1095.5,first rest
2013-06-30 10:18:09.750,-14.375,-2.0,63.0,-0.794,0.978801,81.81,36.57,1095.75,first rest
2013-06-30 10:18:10.000,-14.375,-2.0,63.0,-27.295625,0.978801,81.83,36.59,1096.0,first rest
2013-06-30 10:18:10.250,-14.25,-2.0,62.875,17.04125,0.977521,81.85,36.59,1096.25,first rest
2013-06-30 10:18:10.500,-14.25,-2.0,63.0,-6.074,0.977521,81.86,36.59,1096.5,first rest
2013-06-30 10:18:10.750,-14.5,-2.0,63.0,-29.41875,0.97624,81.88,36.59,1096.75,first rest
2013-06-30 10:18:11.000,-14.125,-2.0,63.0,21.77125,0.977521,81.9,36.57,1097.0,first rest
2013-06-30 10:18:11.250,-14.0,-2.0,63.0,6.793333,0.972398,81.92,36.57,1097.25,first rest
2013-06-30 10:18:11.500,-14.375,-2.0,63.0,-9.59625,0.972398,81.93,36.57,1097.5,first rest
2013-06-30 10:18:11.750,-14.0,-2.0,63.0,20.480667,0.972398,81.95,36.57,1097.75,first rest
2013-06-30 10:18:12.000,-14.125,-2.0,63.0,-14.08125,0.973679,81.98,36.57,1098.0,first rest
2013-06-30 10:18:12.250,-14.444,-2.0,63.0,-10.82625,0.971117,82.01,36.57,1098.25,first rest
2013-06-30 10:18:12.500,-14.25,-2.0,63.0,18.226,0.971117,82.05,36.57,1098.5,first rest
2013-06-30 10:18:12.750,-14.125,-2.0,63.0,-14.188125,0.968556,82.09,36.57,1098.75,first rest
2013-06-30 10:18:13.000,-14.375,-2.0,63.0,-9.760625,0.967275,82.13,36.59,1099.0,first rest
2013-06-30 10:18:13.250,-14.25,-2.0,63.0,15.590667,0.968556,82.17,36.59,1099.25,first rest
2013-06-30 10:18:13.500,-14.125,-2.0,63.0,-17.94375,0.967275,82.21,36.59,1099.5,first rest
2013-06-30 10:18:13.750,-14.25,-2.0,63.0,-12.11,0.965994,82.26,36.59,1099.75,first rest
2013-06-30 10:18:14.000,-14.25,-2.0,63.0,23.89875,0.962152,82.3,36.63,1100.0,first rest
2013-06-30 10:18:14.250,-14.25,-2.0,63.0,-6.44625,0.959591,82.34,36.63,1100.25,first rest
2013-06-30 10:18:14.500,-14.375,-2.0,63.0,6.363333,0.960871,82.39,36.63,1100.5,first rest
2013-06-30 10:18:14.750,-14.25,-2.0,63.0,21.77875,0.959591,82.43,36.63,1100.75,first rest
2013-06-30 10:18:15.000,-14.25,-2.0,63.0,-28.84,0.955749,82.48,36.63,1101.0,first rest
2013-06-30 10:18:15.250,-14.375,-2.0,63.0,10.795333,0.955749,82.53,36.63,1101.25,first rest
2013-06-30 10:18:15.500,-14.0,-2.0,63.0,19.023125,0.955749,82.58,36.63,1101.5,first rest
2013-06-30 10:18:15.750,-14.125,-2.0,63.0,-28.208667,0.951906,82.64,36.63,1101.75,first rest
2013-06-30 10:18:16.000,-14.222,-2.0,63.0,12.24625,0.951906,82.7,36.63,1102.0,first rest
2013-06-30 10:18:16.250,-14.125,-2.0,63.0,13.600625,0.953187,82.76,36.63,1102.25,first rest
2013-06-30 10:18:16.500,-14.375,-2.0,63.0,-33.352,0.950626,82.82,36.63,1102.5,first rest
2013-06-30 10:18:16.750,-14.375,-2.0,63.0,6.876875,0.953187,82.89,36.63,1102.75,first rest
2013-06-30 10:18:17.000,-14.125,-2.0,63.0,21.055625,0.950626,82.95,36.65,1103.0,first rest
2013-06-30 10:18:17.250,-14.5,-2.0,63.0,-20.436667,0.949345,83.01,36.65,1103.25,first rest
2013-06-30 10:18:17.500,-14.125,-2.0,63.0,18.79,0.951906,83.07,36.65,1103.5,first rest
2013-06-30 10:18:17.750,-14.25,-2.0,63.0,15.608667,0.946784,83.14,36.65,1103.75,first rest
2013-06-30 10:18:18.000,-14.375,-2.0,63.0,-34.779375,0.945503,83.2,36.66,1104.0,first rest
2013-06-30 10:18:18.250,-14.25,-2.0,63.0,21.69875,0.944222,83.27,36.66,1104.25,first rest
2013-06-30 10:18:18.500,-14.125,-2.0,63.0,10.802,0.946784,83.33,36.66,1104.5,first rest
2013-06-30 10:18:18.750,-14.125,-2.0,63.0,-38.8375,0.94038,83.4,36.66,1104.75,first rest
2013-06-30 10:18:19.000,-14.375,-2.0,63.0,19.980625,0.941661,83.47,36.66,1105.0,first rest
2013-06-30 10:18:19.250,-14.375,-2.0,63.0,3.124,0.937819,83.54,36.66,1105.25,first rest
2013-06-30 10:18:19.500,-14.125,-2.0,63.0,-37.115625,0.939099,83.61,36.66,1105.5,first rest
2013-06-30 10:18:19.750,-14.125,-2.0,63.0,24.974,0.94038,83.68,36.66,1105.75,first rest
2013-06-30 10:18:20.000,-14.444,-2.0,63.0,12.089375,0.941661,83.75,36.66,1106.0,first rest
2013-06-30 10:18:20.250,-14.125,-2.0,63.0,-14.03625,0.936538,83.82,36.66,1106.25,first rest
2013-06-30 10:18:20.500,-14.5,-2.0,63.0,29.172667,0.94038,83.89,36.66,1106.5,first rest
2013-06-30 10:18:20.750,-14.5,-2.0,63.0,-8.550625,0.937819,83.95,36.66,1106.75,first rest
2013-06-30 10:18:21.000,-14.25,-2.0,63.0,-7.225,0.935257,84.02,36.68,1107.0,first rest
2013-06-30 10:18:21.250,-14.5,-2.0,63.0,20.016,0.931415,84.08,36.68,1107.25,first rest
2013-06-30 10:18:21.500,-14.25,-2.0,63.0,-24.7175,0.933976,84.15,36.68,1107.5,first rest
2013-06-30 10:18:21.750,-14.375,-2.0,63.0,3.005333,0.932696,84.21,36.68,1107.75,first rest
2013-06-30 10:18:22.000,-14.25,-2.0,63.0,12.481875,0.932696,84.27,36.71,1108.0,first rest
2013-06-30 10:18:22.250,-14.25,-2.0,63.0,-34.216875,0.933976,84.33,36.71,1108.25,first rest
2013-06-30 10:18:22.500,-14.375,-2.0,63.0,15.345333,0.930134,84.39,36.71,1108.5,first rest
2013-06-30 10:18:22.750,-14.125,-2.0,63.0,18.431875,0.931415,84.45,36.71,1108.75,first rest
2013-06-30 10:18:23.000,-14.25,-2.0,63.0,-21.084375,0.927573,84.5,36.71,1109.0,first rest
2013-06-30 10:18:23.250,-14.375,-2.0,63.0,30.782,0.928854,84.55,36.71,1109.25,first rest
2013-06-30 10:18:23.500,-14.25,-2.0,62.875,9.315625,0.926292,84.6,36.71,1109.5,first rest
2013-06-30 10:18:23.750,-14.222,-2.0,63.0,-29.462667,0.927573,84.65,36.71,1109.75,first rest
2013-06-30 10:18:24.000,-14.5,-2.0,63.0,25.849375,0.925011,84.7,36.73,1110.0,first rest
2013-06-30 10:18:24.250,-14.375,-2.0,63.0,-3.775,0.925011,84.75,36.73,1110.25,first rest
2013-06-30 10:18:24.500,-14.25,-2.0,63.0,-22.076667,0.92245,84.8,36.73,1110.5,first rest
2013-06-30 10:18:24.750,-14.25,-2.0,63.0,25.58,0.921169,84.85,36.73,1110.75,first rest
2013-06-30 10:18:25.000,-14.375,-2.0,63.0,-8.11625,0.919889,84.9,36.68,1111.0,first rest
2013-06-30 10:18:25.250,-14.125,-2.0,63.0,-30.024,0.918608,84.95,36.68,1111.25,first rest
2013-06-30 10:18:25.500,-14.375,-2.0,63.0,19.95875,0.919889,84.99,36.68,1111.5,first rest
2013-06-30 10:18:25.750,-14.125,-2.0,63.0,-4.015333,0.917327,85.03,36.68,1111.75,first rest
2013-06-30 10:18:26.000,-14.5,-2.0,63.0,-13.068125,0.917327,85.07,36.71,1112.0,first rest
2013-06-30 10:18:26.250,-14.5,-2.0,63.0,25.02625,0.916046,85.11,36.71,1112.25,first rest
2013-06-30 10:18:26.500,-14.125,-2.0,63.0,-7.799333,0.917327,85.15,36.71,1112.5,first rest
2013-06-30 10:18:26.750,-14.5,-2.0,63.0,5.1625,0.916046,85.18,36.71,1112.75,first rest
2013-06-30 10:18:27.000,-14.25,-2.0,63.0,10.954375,0.917327,85.22,36.73,1113.0,first rest
2013-06-30 10:18:27.250,-14.0,-2.0,63.0,-34.314,0.913485,85.25,36.73,1113.25,first rest
2013-06-30 10:18:27.500,-14.375,-2.0,63.0,15.23,0.914766,85.29,36.73,1113.5,first rest
2013-06-30 10:18:27.750,-14.222,-2.0,63.0,7.819333,0.909643,85.32,36.73,1113.75,first rest
2013-06-30 10:18:28.000,-14.125,-2.0,63.0,-36.564375,0.907081,85.35,36.68,1114.0,first rest
2013-06-30 10:18:28.250,-14.375,-2.0,63.0,19.0125,0.909643,85.38,36.68,1114.25,first rest
2013-06-30 10:18:28.500,-14.375,-2.0,63.0,1.838667,0.90452,85.4,36.68,1114.5,first rest
2013-06-30 10:18:28.750,-14.25,-2.0,63.0,-37.241875,0.905801,85.43,36.68,1114.75,first rest
2013-06-30 10:18:29.000,-14.5,-2.0,63.0,23.62125,0.905801,85.45,36.66,1115.0,first rest
2013-06-30 10:18:29.250,-14.0,-2.0,63.0,13.067333,0.90452,85.47,36.66,1115.25,first rest
2013-06-30 10:18:29.500,-14.375,-2.0,63.0,-16.16625,0.903239,85.49,36.66,1115.5,first rest
2013-06-30 10:18:29.750,-14.25,-2.0,63.0,29.303333,0.903239,85.51,36.66,1115.75,first rest
2013-06-30 10:18:30.000,-14.125,-2.0,62.875,1.0475,0.899397,85.52,36.66,1116.0,first rest
2013-06-30 10:18:30.250,-14.5,-2.0,63.0,-10.75625,0.899397,85.53,36.66,1116.25,first rest
2013-06-30 10:18:30.500,-14.25,-2.0,63.0,20.831333,0.899397,85.55,36.66,1116.5,first rest
2013-06-30 10:18:30.750,-14.125,-2.0,63.0,-13.330625,0.898116,85.56,36.66,1116.75,first rest
2013-06-30 10:18:31.000,-14.375,-2.0,63.0,-5.97,0.900678,85.57,36.68,1117.0,first rest
2013-06-30 10:18:31.250,-14.375,-2.0,63.0,20.807333,0.894274,85.58,36.68,1117.25,first rest
2013-06-30 10:18:31.500,-14.333,-2.0,63.0,-18.490625,0.895555,85.59,36.68,1117.5,first rest
2013-06-30 10:18:31.750,-14.5,-2.0,62.875,-12.024667,0.894274,85.61,36.68,1117.75,first rest
2013-06-30 10:18:32.000,-14.25,-2.0,63.0,16.8125,0.894274,85.62,36.65,1118.0,first rest
2013-06-30 10:18:32.250,-14.375,-2.0,63.0,-15.57625,0.892994,85.63,36.65,1118.25,first rest
2013-06-30 10:18:32.500,-14.125,-2.0,63.0,-3.914667,0.891713,85.65,36.65,1118.5,first rest
2013-06-30 10:18:32.750,-14.125,-2.0,63.0,21.655,0.889151,85.66,36.65,1118.75,first rest
2013-06-30 10:18:33.000,-14.5,-2.0,63.0,-12.63,0.891713,85.67,36.66,1119.0,first rest
2013-06-30 10:18:33.250,-14.5,-2.0,63.0,7.414,0.887871,85.68,36.66,1119.25,first rest
2013-06-30 10:18:33.500,-14.25,-2.0,63.0,13.765625,0.892994,85.69,36.66,1119.5,first rest
2013-06-30 10:18:33.750,-14.375,-2.0,63.0,-31.51,0.887871,85.71,36.66,1119.75,first rest
2013-06-30 10:18:34.000,-14.25,-2.0,63.0,5.8775,0.889151,85.72,36.65,1120.0,first rest
2013-06-30 10:18:34.250,-14.375,-2.0,63.0,13.87625,0.88659,85.74,36.65,1120.25,first rest
2013-06-30 10:18:34.500,-14.25,-2.0,62.875,-35.44,0.88659,85.75,36.65,1120.5,first rest
2013-06-30 10:18:34.750,-14.125,-2.0,63.0,1.119375,0.885309,85.77,36.65,1120.75,first rest
2013-06-30 10:18:35.000,-14.125,-2.0,63.0,14.635,0.884029,85.78,36.66,1121.0,first rest
2013-06-30 10:18:35.250,-14.125,-2.0,63.0,-27.690667,0.882748,85.79,36.66,1121.25,first rest
2013-06-30 10:18:35.500,-14.444,-2.0,63.0,14.809375,0.882748,85.8,36.66,1121.5,first rest
2013-06-30 10:18:35.750,-14.5,-2.0,63.0,20.548,0.882748,85.81,36.66,1121.75,first rest
2013-06-30 10:18:36.000,-14.375,-2.0,63.0,-23.148125,0.881467,85.83,36.65,1122.0,first rest
2013-06-30 10:18:36.250,-14.125,-2.0,63.0,26.16625,0.880186,85.86,36.65,1122.25,first rest
2013-06-30 10:18:36.500,-14.375,-2.0,63.0,5.253333,0.878906,85.89,36.65,1122.5,first rest
2013-06-30 10:18:36.750,-14.25,-2.0,63.0,-34.856875,0.880186,85.92,36.65,1122.75,first rest
2013-06-30 10:18:37.000,-14.25,-2.0,63.0,28.041875,0.876344,85.95,36.63,1123.0,first rest
2013-06-30 10:18:37.250,-14.375,-2.0,63.0,0.935333,0.876344,85.97,36.63,1123.25,first rest
2013-06-30 10:18:37.500,-14.375,-2.0,63.0,-25.448125,0.877625,85.98,36.63,1123.5,first rest
2013-06-30 10:18:37.750,-14.375,-2.0,63.0,24.056,0.876344,86.0,36.63,1123.75,first rest
2013-06-30 10:18:38.000,-14.375,-2.0,63.0,-5.0275,0.873783,86.02,36.63,1124.0,first rest
2013-06-30 10:18:38.250,-14.375,-2.0,63.0,-14.45875,0.873783,86.06,36.63,1124.25,first rest
2013-06-30 10:18:38.500,-14.375,-2.0,63.0,27.768667,0.875064,86.1,36.63,1124.5,first rest
2013-06-30 10:18:38.750,-14.25,-2.0,63.0,-5.25625,0.871221,86.14,36.63,1124.75,first rest
2013-06-30 10:18:39.000,-14.375,-2.0,63.0,14.1675,0.871221,86.17,36.65,1125.0,first rest
2013-06-30 10:18:39.250,-14.333,-2.0,63.0,18.062,0.871221,86.19,36.65,1125.25,first rest
2013-06-30 10:18:39.500,-14.25,-2.0,63.0,-35.416875,0.871221,86.2,36.65,1125.5,first rest
2013-06-30 10:18:39.750,-14.125,-2.0,62.875,21.503333,0.869941,86.2,36.65,1125.75,first rest
2013-06-30 10:18:40.000,-14.375,-2.0,63.0,4.64625,0.866099,86.22,36.63,1126.0,first rest
2013-06-30 10:18:40.250,-14.375,-2.0,63.0,-33.089375,0.863537,86.25,36.63,1126.25,first rest
2013-06-30 10:18:40.500,-14.25,-2.0,63.0,24.138667,0.863537,86.29,36.63,1126.5,first rest
2013-06-30 10:18:40.750,-14.25,-2.0,63.0,-0.893125,0.862256,86.33,36.63,1126.75,first rest
2013-06-30 10:18:41.000,-14.25,-2.0,63.0,-32.7125,0.863537,86.37,36.63,1127.0,first rest
2013-06-30 10:18:41.250,-14.375,-2.0,63.0,24.692,0.860976,86.41,36.63,1127.25,first rest
2013-06-30 10:18:41.500,-14.375,-2.0,63.0,3.455625,0.859695,86.44,36.63,1127.5,first rest
2013-06-30 10:18:41.750,-14.25,-2.0,63.0,-13.552,0.860976,86.47,36.63,1127.75,first rest
2013-06-30 10:18:42.000,-14.375,-2.0,62.875,25.001875,0.859695,86.5,36.61,1128.0,first rest
2013-06-30 10:18:42.250,-14.5,-2.0,63.0,-13.508125,0.859695,86.53,36.61,1128.25,first rest
2013-06-30 10:18:42.500,-14.375,-2.0,63.0,5.984667,0.858414,86.56,36.61,1128.5,first rest
2013-06-30 10:18:42.750,-14.375,-2.0,63.0,15.60875,0.855853,86.59,36.61,1128.75,first rest
2013-06-30 10:18:43.000,-14.375,-2.0,63.0,-33.2575,0.854572,86.62,36.59,1129.0,first rest
2013-06-30 10:18:43.250,-14.333,-2.0,63.0,14.498,0.854572,86.65,36.59,1129.25,first rest
2013-06-30 10:18:43.500,-14.5,-2.0,63.0,7.29,0.855853,86.69,36.59,1129.5,first rest
2013-06-30 10:18:43.750,-14.0,-2.0,63.0,-39.404667,0.853291,86.72,36.59,1129.75,first rest
2013-06-30 10:18:44.000,-14.375,-2.0,63.0,18.0525,0.853291,86.75,36.57,1130.0,first rest
2013-06-30 10:18:44.250,-14.25,-2.0,63.0,7.386875,0.852011,86.78,36.57,1130.25,first rest
2013-06-30 10:18:44.500,-14.25,-2.0,63.0,-14.574667,0.853291,86.8,36.57,1130.5,first rest
2013-06-30 10:18:44.750,-14.625,-2.0,63.0,26.040625,0.85073,86.82,36.57,1130.75,first rest
2013-06-30 10:18:45.000,-14.125,-2.0,63.0,-12.68,0.852011,86.85,36.57,1131.0,first rest
2013-06-30 10:18:45.250,-14.25,-2.0,63.0,6.621333,0.846888,86.88,36.57,1131.25,first rest
2013-06-30 10:18:45.500,-14.25,-2.0,63.0,14.6475,0.848169,86.91,36.57,1131.5,first rest
2013-06-30 10:18:45.750,-14.5,-2.0,63.0,-32.212667,0.849449,86.93,36.57,1131.75,first rest
2013-06-30 10:18:46.000,-14.5,-2.0,63.0,23.2375,0.848169,86.95,36.59,1132.0,first rest
2013-06-30 10:18:46.250,-14.25,-2.0,63.0,6.4125,0.848169,86.96,36.59,1132.25,first rest
2013-06-30 10:18:46.500,-14.25,-2.0,63.0,-24.492667,0.844326,86.96,36.59,1132.5,first rest
2013-06-30 10:18:46.750,-14.375,-2.0,63.0,33.164375,0.844326,86.95,36.59,1132.75,first rest
2013-06-30 10:18:47.000,-14.222,-2.0,63.0,-15.1,0.844326,86.95,36.59,1133.0,first rest
2013-06-30 10:18:47.250,-14.375,-2.0,63.0,-7.678,0.841765,86.95,36.59,1133.25,first rest
2013-06-30 10:18:47.500,-14.25,-2.0,63.0,25.471875,0.841765,86.96,36.59,1133.5,first rest
2013-06-30 10:18:47.750,-14.375,-2.0,62.875,-6.992667,0.840484,86.97,36.59,1133.75,first rest
2013-06-30 10:18:48.000,-14.375,-2.0,63.0,-10.23625,0.839204,86.98,36.53,1134.0,first rest
2013-06-30 10:18:48.250,-14.375,-2.0,62.875,12.834375,0.837923,86.99,36.53,1134.25,first rest
2013-06-30 10:18:48.500,-14.375,-2.0,63.0,-23.64,0.839204,86.99,36.53,1134.5,first rest
2013-06-30 10:18:48.750,-14.375,-2.0,63.0,17.80625,0.836642,87.0,36.53,1134.75,first rest
2013-06-30 10:18:49.000,-14.375,-2.0,63.0,-4.429375,0.837923,87.0,36.55,1135.0,first rest
2013-06-30 10:18:49.250,-14.25,-2.0,63.0,-33.754667,0.834081,87.0,36.55,1135.25,first rest
2013-06-30 10:18:49.500,-14.125,-2.0,63.0,13.4,0.836642,87.01,36.55,1135.5,first rest
2013-06-30 10:18:49.750,-14.5,-2.0,63.0,-2.606667,0.8328,87.01,36.55,1135.75,first rest
2013-06-30 10:18:50.000,-14.375,-2.0,63.0,-27.649375,0.830239,87.02,36.53,1136.0,first rest
2013-06-30 10:18:50.250,-14.5,-2.0,63.0,20.259375,0.8328,87.03,36.53,1136.25,first rest
2013-06-30 10:18:50.500,-14.375,-2.0,63.0,5.32,0.830239,87.04,36.53,1136.5,first rest
2013-06-30 10:18:50.750,-14.5,-2.0,63.0,-15.59875,0.830239,87.06,36.53,1136.75,first rest
2013-06-30 10:18:51.000,-14.444,-2.0,63.0,21.479375,0.830239,87.07,36.55,1137.0,first rest
2013-06-30 10:18:51.250,-14.0,-2.0,63.0,-3.693333,0.827677,87.08,36.55,1137.25,first rest
2013-06-30 10:18:51.500,-14.5,-2.0,63.0,-29.83875,0.827677,87.1,36.55,1137.5,first rest
2013-06-30 10:18:51.750,-14.5,-2.0,63.0,23.563333,0.830239,87.11,36.55,1137.75,first rest
2013-06-30 10:18:52.000,-14.375,-2.0,63.0,4.75,0.828958,87.12,36.55,1138.0,first rest
2013-06-30 10:18:52.250,-14.5,-2.0,63.0,-35.283125,0.827677,87.13,36.55,1138.25,first rest
2013-06-30 10:18:52.500,-14.375,-2.0,63.0,22.878667,0.825116,87.14,36.55,1138.5,first rest
2013-06-30 10:18:52.750,-14.25,-2.0,63.0,8.38,0.826396,87.16,36.55,1138.75,first rest
2013-06-30 10:18:53.000,-14.375,-2.0,63.0,-30.67,0.822554,87.17,36.53,1139.0,first rest
2013-06-30 10:18:53.250,-14.25,-2.0,63.0,26.383333,0.823835,87.18,36.53,1139.25,first rest
2013-06-30 10:18:53.500,-14.5,-2.0,63.0,11.67375,0.822554,87.19,36.53,1139.5,first rest
2013-06-30 10:18:53.750,-14.5,-2.0,63.0,-17.402667,0.819993,87.21,36.53,1139.75,first rest
2013-06-30 10:18:54.000,-14.375,-2.0,63.0,20.940625,0.816151,87.22,36.53,1140.0,first rest
2013-06-30 10:18:54.250,-14.375,-2.0,63.0,-9.4375,0.816151,87.23,36.53,1140.25,first rest
2013-06-30 10:18:54.500,-14.375,-2.0,63.0,-23.648,0.818712,87.25,36.53,1140.5,first rest
2013-06-30 10:18:54.750,-14.444,-2.0,63.0,23.4575,0.813589,87.26,36.53,1140.75,first rest
2013-06-30 10:18:55.000,-14.25,-2.0,63.0,-15.541875,0.818712,87.27,36.53,1141.0,first rest
2013-06-30 10:18:55.250,-14.375,-2.0,63.0,-19.771333,0.81487,87.28,36.53,1141.25,first rest
2013-06-30 10:18:55.500,-14.0,-2.0,63.0,23.910625,0.818712,87.29,36.53,1141.5,first rest
2013-06-30 10:18:55.750,-14.375,-2.0,63.0,-13.419333,0.812309,87.29,36.53,1141.75,first rest
2013-06-30 10:18:56.000,-14.25,-2.0,63.0,-1.516875,0.81487,87.3,36.53,1142.0,first rest
2013-06-30 10:18:56.250,-14.375,-2.0,63.0,24.39125,0.816151,87.31,36.53,1142.25,first rest
2013-06-30 10:18:56.500,-14.625,-2.0,63.0,-18.016667,0.812309,87.31,36.53,1142.5,first rest
2013-06-30 10:18:56.750,-14.25,-2.0,63.0,21.254375,0.809747,87.32,36.53,1142.75,first rest
2013-06-30 10:18:57.000,-14.25,-2.0,63.0,8.955625,0.809747,87.33,36.55,1143.0,first rest
2013-06-30 10:18:57.250,-14.25,-2.0,63.0,-38.983333,0.809747,87.34,36.55,1143.25,first rest
2013-06-30 10:18:57.500,-14.25,-2.0,63.0,33.03,0.809747,87.35,36.55,1143.5,first rest
2013-06-30 10:18:57.750,-14.375,-2.0,63.0,3.158667,0.811028,87.37,36.55,1143.75,first rest
2013-06-30 10:18:58.000,-14.375,-2.0,63.0,-32.94375,0.805905,87.38,36.55,1144.0,first rest
2013-06-30 10:18:58.250,-14.25,-2.0,63.0,18.2475,0.811028,87.39,36.55,1144.25,first rest
2013-06-30 10:18:58.500,-14.125,-2.0,63.0,-3.956,0.808466,87.41,36.55,1144.5,first rest
2013-06-30 10:18:58.750,-14.556,-2.0,63.0,-6.6525,0.805905,87.42,36.55,1144.75,first rest
2013-06-30 10:18:59.000,-14.375,-2.0,63.0,31.95125,0.805905,87.43,36.5,1145.0,first rest
2013-06-30 10:18:59.250,-14.625,-2.0,62.875,-9.55,0.807186,87.44,36.5,1145.25,first rest
2013-06-30 10:18:59.500,-14.25,-2.0,63.0,28.88875,0.803344,87.45,36.5,1145.5,first rest
2013-06-30 10:18:59.750,-14.375,-2.0,63.0,8.206667,0.800782,87.46,36.5,1145.75,first rest
2013-06-30 10:19:00.000,-14.5,-2.0,63.0,-28.6075,0.804624,87.47,36.55,1146.0,first rest
2013-06-30 10:19:00.250,-14.375,-2.0,63.0,26.286875,0.800782,87.47,36.55,1146.25,first rest
2013-06-30 10:19:00.500,-14.25,-2.0,63.0,-5.313333,0.803344,87.48,36.55,1146.5,first rest
2013-06-30 10:19:00.750,-14.125,-2.0,63.0,-28.195,0.803344,87.48,36.55,1146.75,first rest
2013-06-30 10:19:01.000,-14.5,-2.0,63.0,14.425625,0.799501,87.48,36.55,1147.0,first rest
2013-06-30 10:19:01.250,-14.5,-2.0,63.0,-10.607333,0.799501,87.48,36.55,1147.25,first rest
2013-06-30 10:19:01.500,-14.25,-2.0,63.0,-3.163125,0.791817,87.48,36.55,1147.5,first rest
2013-06-30 10:19:01.750,-14.5,-2.0,63.0,20.324667,0.795659,87.48,36.55,1147.75,first rest
2013-06-30 10:19:02.000,-14.125,-2.0,63.0,-10.241875,0.794379,87.48,36.53,1148.0,first rest
2013-06-30 10:19:02.250,-14.25,-2.0,63.0,14.890625,0.795659,87.48,36.53,1148.25,first rest
2013-06-30 10:19:02.500,-14.444,-2.0,63.0,7.475333,0.793098,87.47,36.53,1148.5,first rest
2013-06-30 10:19:02.750,-14.5,-2.0,63.0,-33.719375,0.795659,87.47,36.53,1148.75,first rest
2013-06-30 10:19:03.000,-14.5,-2.0,63.0,16.99375,0.794379,87.47,36.53,1149.0,first rest
2013-06-30 10:19:03.250,-14.25,-2.0,63.0,-0.597333,0.791817,87.47,36.53,1149.25,first rest
2013-06-30 10:19:03.500,-14.375,-2.0,63.0,-47.15375,0.787975,87.47,36.53,1149.5,first rest
2013-06-30 10:19:03.750,-14.375,-2.0,62.875,15.428,0.787975,87.47,36.53,1149.75,first rest
2013-06-30 10:19:04.000,-14.375,-2.0,63.0,16.01875,0.790536,87.47,36.5,1150.0,first rest
2013-06-30 10:19:04.250,-14.0,-2.0,63.0,-14.059375,0.789256,87.47,36.5,1150.25,first rest
2013-06-30 10:19:04.500,-14.375,-2.0,63.0,28.076667,0.786694,87.46,36.5,1150.5,first rest
2013-06-30 10:19:04.750,-14.625,-2.0,63.0,4.378125,0.785414,87.46,36.5,1150.75,first rest
2013-06-30 10:19:05.000,-14.5,-2.0,63.0,-17.995,0.787975,87.45,36.53,1151.0,first rest
2013-06-30 10:19:05.250,-14.375,-2.0,63.0,20.583333,0.786694,87.44,36.53,1151.25,first rest
2013-06-30 10:19:05.500,-14.375,-2.0,63.0,4.52125,0.785414,87.44,36.53,1151.5,first rest
2013-06-30 10:19:05.750,-14.25,-2.0,63.0,-29.452,0.782852,87.44,36.53,1151.75,first rest
2013-06-30 10:19:06.000,-14.5,-2.0,63.0,13.76625,0.786694,87.43,36.53,1152.0,first rest
2013-06-30 10:19:06.250,-14.375,-2.0,63.0,-7.543125,0.782852,87.42,36.53,1152.25,first rest
2013-06-30 10:19:06.500,-14.222,-2.0,63.0,-34.160667,0.784133,87.42,36.53,1152.5,first rest
2013-06-30 10:19:06.750,-14.375,-2.0,63.0,11.74,0.786694,87.41,36.53,1152.75,first rest
2013-06-30 10:19:07.000,-14.375,-2.0,63.0,2.924375,0.781571,87.4,36.5,1153.0,first rest
2013-06-30 10:19:07.250,-14.125,-2.0,63.0,-16.52,0.782852,87.39,36.5,1153.25,first rest
2013-06-30 10:19:07.500,-14.375,-2.0,63.0,20.166875,0.780291,87.39,36.5,1153.5,first rest
2013-06-30 10:19:07.750,-14.375,-2.0,63.0,-4.510667,0.77901,87.38,36.5,1153.75,first rest
2013-06-30 10:19:08.000,-14.375,-2.0,63.0,-18.428125,0.777729,87.37,36.5,1154.0,first rest
2013-06-30 10:19:08.250,-14.375,-2.0,63.0,12.099375,0.773887,87.36,36.5,1154.25,first rest
2013-06-30 10:19:08.500,-14.125,-2.0,63.0,-19.254667,0.776449,87.35,36.5,1154.5,first rest
2013-06-30 10:19:08.750,-14.5,-2.0,63.0,-10.780625,0.773887,87.34,36.5,1154.75,first rest
2013-06-30 10:19:09.000,-14.375,-2.0,63.0,11.943125,0.776449,87.33,36.5,1155.0,first rest
2013-06-30 10:19:09.250,-14.625,-2.0,63.0,-23.591333,0.775168,87.32,36.5,1155.25,first rest
2013-06-30 10:19:09.500,-14.375,-2.0,63.0,8.2175,0.776449,87.31,36.5,1155.5,first rest
2013-06-30 10:19:09.750,-14.375,-2.0,63.0,24.943333,0.776449,87.31,36.5,1155.75,first rest
2013-06-30 10:19:10.000,-14.5,-2.0,63.0,-16.73125,0.771326,87.3,36.5,1156.0,first rest
2013-06-30 10:19:10.250,-14.222,-2.0,63.0,31.515,0.772606,87.29,36.5,1156.25,first rest
2013-06-30 10:19:10.500,-14.5,-2.0,63.0,17.699333,0.773887,87.29,36.5,1156.5,first rest
2013-06-30 10:19:10.750,-14.25,-2.0,63.0,-16.7125,0.773887,87.28,36.5,1156.75,first rest
2013-06-30 10:19:11.000,-14.375,-2.0,63.0,31.64125,0.773887,87.27,36.47,1157.0,first rest
2013-06-30 10:19:11.250,-14.625,-2.0,63.0,-1.925333,0.773887,87.26,36.47,1157.25,first rest
2013-06-30 10:19:11.500,-14.125,-2.0,63.0,-22.398125,0.767484,87.25,36.47,1157.5,first rest
2013-06-30 10:19:11.750,-14.375,-2.0,63.0,26.615333,0.766203,87.24,36.47,1157.75,first rest
2013-06-30 10:19:12.000,-14.5,-2.0,63.0,-11.645625,0.766203,87.23,36.49,1158.0,first rest
2013-06-30 10:19:12.250,-14.125,-2.0,63.0,-23.6525,0.767484,87.22,36.49,1158.25,first rest
2013-06-30 10:19:12.500,-14.5,-2.0,63.0,20.13,0.764922,87.21,36.49,1158.5,first rest
2013-06-30 10:19:12.750,-14.375,-2.0,63.0,-11.928125,0.763641,87.19,36.49,1158.75,first rest
2013-06-30 10:19:13.000,-14.5,-2.0,63.0,-6.585,0.76108,87.18,36.5,1159.0,first rest
2013-06-30 10:19:13.250,-14.375,-2.0,63.0,21.607333,0.759799,87.17,36.5,1159.25,first rest
2013-06-30 10:19:13.500,-14.25,-2.0,63.0,-18.216875,0.76108,87.16,36.5,1159.5,first rest
2013-06-30 10:19:13.750,-14.25,-2.0,63.0,15.532,0.759799,87.14,36.5,1159.75,first rest
2013-06-30 10:19:14.000,-14.5,-2.0,62.875,13.57875,0.76108,87.13,36.47,1160.0,first rest
2013-06-30 10:19:14.250,-14.444,-2.0,63.0,-41.245625,0.76108,87.12,36.47,1160.25,first rest
2013-06-30 10:19:14.500,-14.25,-2.0,63.0,22.911333,0.759799,87.1,36.47,1160.5,first rest
2013-06-30 10:19:14.750,-14.375,-2.0,63.0,14.180625,0.755957,87.09,36.47,1160.75,first rest
2013-06-30 10:19:15.000,-14.125,-2.0,63.0,-45.403125,0.754676,87.07,36.47,1161.0,first rest
2013-06-30 10:19:15.250,-14.5,-2.0,63.0,24.895333,0.754676,87.05,36.47,1161.25,first rest
2013-06-30 10:19:15.500,-14.25,-2.0,63.0,12.53125,0.754676,87.04,36.47,1161.5,first rest
2013-06-30 10:19:15.750,-14.5,-2.0,63.0,-40.262,0.754676,87.02,36.47,1161.75,first rest
2013-06-30 10:19:16.000,-14.5,-2.0,63.0,29.111875,0.752115,87.0,36.47,1162.0,first rest
2013-06-30 10:19:16.250,-14.375,-2.0,63.0,18.5425,0.757238,86.98,36.47,1162.25,first rest
2013-06-30 10:19:16.500,-14.0,-2.0,63.0,-19.118,0.755957,86.96,36.47,1162.5,first rest
2013-06-30 10:19:16.750,-14.375,-2.0,63.0,37.1375,0.757238,86.94,36.47,1162.75,first rest
2013-06-30 10:19:17.000,-14.25,-2.0,63.0,-3.29875,0.753396,86.92,36.47,1163.0,first rest
2013-06-30 10:19:17.250,-14.125,-2.0,63.0,-20.550667,0.746992,86.9,36.47,1163.25,first rest
2013-06-30 10:19:17.500,-14.5,-2.0,63.0,24.0425,0.749554,86.88,36.47,1163.5,first rest
2013-06-30 10:19:17.750,-14.5,-2.0,63.0,-12.835333,0.745711,86.85,36.47,1163.75,first rest
2013-06-30 10:19:18.000,-14.111,-2.0,63.0,-14.311875,0.745711,86.83,36.49,1164.0,first rest
2013-06-30 10:19:18.250,-14.625,-2.0,63.0,13.57375,0.745711,86.81,36.49,1164.25,first rest
2013-06-30 10:19:18.500,-14.25,-2.0,63.0,-18.575333,0.748273,86.78,36.49,1164.5,first rest
2013-06-30 10:19:18.750,-14.125,-2.0,63.0,29.66,0.74315,86.76,36.49,1164.75,first rest
2013-06-30 10:19:19.000,-14.375,-2.0,63.0,76.3625,0.746992,86.73,36.5,1165.0,first rest
2013-06-30 10:19:19.250,-14.375,-2.0,63.0,-139.635333,0.744431,86.7,36.5,1165.25,first rest
2013-06-30 10:19:19.500,-14.25,-2.0,63.0,-62.456875,0.744431,86.68,36.5,1165.5,first rest
2013-06-30 10:19:19.750,-14.375,-2.0,63.0,109.320667,0.744431,86.65,36.5,1165.75,first rest
2013-06-30 10:19:20.000,-14.625,-2.0,63.0,14.669375,0.74315,86.62,36.45,1166.0,first rest
2013-06-30 10:19:20.250,-14.25,-2.0,63.0,3.89625,0.744431,86.59,36.45,1166.25,first rest
2013-06-30 10:19:20.500,-14.125,-2.0,63.0,-21.714,0.741869,86.56,36.45,1166.5,first rest
2013-06-30 10:19:20.750,-14.375,-2.0,63.0,-17.9825,0.741869,86.53,36.45,1166.75,first rest
2013-06-30 10:19:21.000,-14.25,-2.0,63.0,11.3025,0.740589,86.5,36.47,1167.0,first rest
2013-06-30 10:19:21.250,-14.0,-2.0,63.0,-20.714,0.738027,86.47,36.47,1167.25,first rest
2013-06-30 10:19:21.500,-14.5,-2.0,63.0,-3.900625,0.740589,86.44,36.47,1167.5,first rest
2013-06-30 10:19:21.750,-14.375,-2.0,63.0,19.290667,0.739308,86.4,36.47,1167.75,first rest
2013-06-30 10:19:22.000,-14.222,-2.0,63.0,-13.958125,0.738027,86.37,36.49,1168.0,first rest
2013-06-30 10:19:22.250,-14.5,-2.0,63.0,19.76875,0.738027,86.33,36.49,1168.25,first rest
2013-06-30 10:19:22.500,-14.125,-2.0,63.0,15.399333,0.738027,86.3,36.49,1168.5,first rest
2013-06-30 10:19:22.750,-14.25,-2.0,63.0,-30.6775,0.734185,86.26,36.49,1168.75,first rest
2013-06-30 10:19:23.000,-14.25,-2.0,62.875,24.1825,0.738027,86.23,36.45,1169.0,first rest
2013-06-30 10:19:23.250,-14.25,-2.0,63.0,2.489333,0.735466,86.2,36.45,1169.25,first rest
2013-06-30 10:19:23.500,-14.0,-2.0,63.0,-30.8325,0.732904,86.17,36.45,1169.5,first rest
2013-06-30 10:19:23.750,-14.375,-2.0,63.0,23.142667,0.732904,86.15,36.45,1169.75,first rest
2013-06-30 10:19:24.000,-14.5,-2.0,63.0,-5.718125,0.730343,86.12,36.45,1170.0,first rest
2013-06-30 10:19:24.250,-14.375,-2.0,63.0,-26.47625,0.731624,86.09,36.45,1170.25,first rest
2013-06-30 10:19:24.500,-14.375,-2.0,63.0,25.456667,0.731624,86.06,36.45,1170.5,first rest
2013-06-30 10:19:24.750,-14.375,-2.0,63.0,5.993125,0.730343,86.03,36.45,1170.75,first rest
2013-06-30 10:19:25.000,-14.0,-2.0,63.0,-0.504375,0.732904,86.0,36.45,1171.0,first rest
2013-06-30 10:19:25.250,-14.5,-2.0,63.0,23.898,0.730343,85.98,36.45,1171.25,first rest
2013-06-30 10:19:25.500,-14.375,-2.0,63.0,-15.38,0.729062,85.96,36.45,1171.5,first rest
2013-06-30 10:19:25.750,-14.333,-2.0,63.0,2.929333,0.727781,85.94,36.45,1171.75,first rest
2013-06-30 10:19:26.000,-14.5,-2.0,63.0,12.429375,0.729062,85.92,36.47,1172.0,first rest
2013-06-30 10:19:26.250,-14.25,-2.0,63.0,-30.895,0.723939,85.9,36.47,1172.25,first rest
2013-06-30 10:19:26.500,-14.375,-2.0,63.0,8.376,0.726501,85.88,36.47,1172.5,first rest
2013-06-30 10:19:26.750,-14.25,-2.0,63.0,0.725,0.721378,85.87,36.47,1172.75,first rest
2013-06-30 10:19:27.000,-14.125,-2.0,63.0,-38.66875,0.721378,85.85,36.45,1173.0,first rest
2013-06-30 10:19:27.250,-14.25,-2.0,63.0,15.242,0.721378,85.84,36.45,1173.25,first rest
2013-06-30 10:19:27.500,-14.375,-2.0,63.0,8.545625,0.720097,85.82,36.45,1173.5,first rest
2013-06-30 10:19:27.750,-14.25,-2.0,63.0,-22.243333,0.721378,85.81,36.45,1173.75,first rest
2013-06-30 10:19:28.000,-14.25,-2.0,63.0,24.58875,0.718816,85.8,36.45,1174.0,first rest
2013-06-30 10:19:28.250,-14.5,-2.0,63.0,-6.17125,0.718816,85.79,36.45,1174.25,first rest
2013-06-30 10:19:28.500,-14.375,-2.0,63.0,-31.660667,0.720097,85.77,36.45,1174.5,first rest
2013-06-30 10:19:28.750,-14.375,-2.0,63.0,31.054375,0.717536,85.76,36.45,1174.75,first rest
2013-06-30 10:19:29.000,-14.375,-2.0,62.875,13.469375,0.716255,85.75,36.47,1175.0,first rest
2013-06-30 10:19:29.250,-14.125,-2.0,63.0,-37.84,0.717536,85.74,36.47,1175.25,first rest
2013-06-30 10:19:29.500,-14.5,-2.0,63.0,23.695625,0.717536,85.73,36.47,1175.5,first rest
2013-06-30 10:19:29.750,-14.222,-2.0,63.0,2.658667,0.714974,85.73,36.47,1175.75,first rest
2013-06-30 10:19:30.000,-14.375,-2.0,63.0,-40.530625,0.716255,85.72,36.47,1176.0,first rest
2013-06-30 10:19:30.250,-14.375,-2.0,63.0,27.85625,0.713694,85.71,36.47,1176.25,first rest
2013-06-30 10:19:30.500,-14.25,-2.0,63.0,9.003333,0.714974,85.7,36.47,1176.5,first rest
2013-06-30 10:19:30.750,-14.0,-2.0,63.0,-15.68,0.713694,85.68,36.47,1176.75,first rest
2013-06-30 10:19:31.000,-14.375,-2.0,63.0,31.4975,0.714974,85.67,36.47,1177.0,first rest
2013-06-30 10:19:31.250,-14.25,-2.0,63.0,2.638,0.712413,85.65,36.47,1177.25,first rest
2013-06-30 10:19:31.500,-14.125,-2.0,63.0,2.32375,0.712413,85.64,36.47,1177.5,first rest
2013-06-30 10:19:31.750,-14.375,-2.0,63.0,22.598,0.711132,85.62,36.47,1177.75,first rest
2013-06-30 10:19:32.000,-14.25,-2.0,63.0,-18.455,0.711132,85.6,36.45,1178.0,first rest
2013-06-30 10:19:32.250,-14.0,-2.0,63.0,3.479375,0.70729,85.58,36.45,1178.25,first rest
2013-06-30 10:19:32.500,-14.5,-2.0,63.0,20.984667,0.706009,85.55,36.45,1178.5,first rest
2013-06-30 10:19:32.750,-14.25,-2.0,63.0,-18.83125,0.70729,85.53,36.45,1178.75,first rest
2013-06-30 10:19:33.000,-14.0,-2.0,63.0,-11.58625,0.704729,85.5,36.47,1179.0,first rest
2013-06-30 10:19:33.250,-14.5,-2.0,63.0,15.499333,0.703448,85.47,36.47,1179.25,first rest
2013-06-30 10:19:33.500,-14.111,-2.0,63.0,-12.04125,0.703448,85.44,36.47,1179.5,first rest
2013-06-30 10:19:33.750,-14.0,-2.0,63.0,-27.448667,0.703448,85.41,36.47,1179.75,first rest
2013-06-30 10:19:34.000,-14.5,-2.0,63.0,22.0525,0.702167,85.38,36.47,1180.0,first rest
2013-06-30 10:19:34.250,-14.5,-2.0,63.0,2.558125,0.702167,85.35,36.47,1180.25,first rest
2013-06-30 10:19:34.500,-14.625,-2.0,63.0,-14.044,0.702167,85.32,36.47,1180.5,first rest
2013-06-30 10:19:34.750,-14.75,-2.0,63.0,19.6325,0.702167,85.28,36.47,1180.75,first rest
2013-06-30 10:19:35.000,-14.75,-2.0,63.0,-13.2775,0.702167,85.25,36.45,1181.0,first rest
2013-06-30 10:19:35.250,-15.0,-2.0,63.0,-25.426,0.702167,85.22,36.45,1181.25,first rest
2013-06-30 10:19:35.500,-15.0,-2.0,62.875,23.551875,0.700886,85.18,36.45,1181.5,first rest
2013-06-30 10:19:35.750,-15.0,-2.0,62.75,-6.364,0.698325,85.15,36.45,1181.75,first rest
2013-06-30 10:19:36.000,-15.0,-2.0,62.625,-31.07125,0.698325,85.1,36.45,1182.0,first rest
2013-06-30 10:19:36.250,-15.5,-1.875,62.625,25.89125,0.695764,85.05,36.45,1182.25,first rest
2013-06-30 10:19:36.500,-15.0,-2.125,62.875,-6.223333,0.697044,84.99,36.45,1182.5,first rest
2013-06-30 10:19:36.750,-14.5,-2.125,62.75,-34.851875,0.694483,84.93,36.45,1182.75,first rest
2013-06-30 10:19:37.000,-14.875,-2.0,62.625,31.346875,0.690641,84.88,36.45,1183.0,first rest
2013-06-30 10:19:37.250,-14.625,-2.0,62.875,12.982,0.691921,84.84,36.45,1183.25,first rest
2013-06-30 10:19:37.500,-14.889,-2.0,62.778,-13.38,0.695764,84.8,36.45,1183.5,first rest
2013-06-30 10:19:37.750,-14.375,-2.0,62.875,34.269333,0.694483,84.77,36.45,1183.75,first rest
2013-06-30 10:19:38.000,-14.625,-2.0,63.0,4.1275,0.693202,84.72,36.45,1184.0,first rest
2013-06-30 10:19:38.250,-14.5,-2.0,63.0,-6.89875,0.691921,84.66,36.45,1184.25,first rest
2013-06-30 10:19:38.500,-14.625,-2.0,63.0,24.036,0.690641,84.59,36.45,1184.5,first rest
2013-06-30 10:19:38.750,-14.5,-2.0,62.875,-13.839375,0.690641,84.53,36.45,1184.75,first rest
2013-06-30 10:19:39.000,-14.625,-2.0,63.0,-9.601875,0.688079,84.47,36.47,1185.0,first rest
2013-06-30 10:19:39.250,-14.0,-2.0,63.0,21.136667,0.688079,84.43,36.47,1185.25,first rest
2013-06-30 10:19:39.500,-14.125,-2.0,63.0,-14.825625,0.690641,84.39,36.47,1185.5,first rest
2013-06-30 10:19:39.750,-14.125,-2.0,63.0,-25.095333,0.684237,84.36,36.47,1185.75,first rest
2013-06-30 10:19:40.000,-14.25,-2.0,63.0,21.609375,0.68936,84.33,36.45,1186.0,first rest
2013-06-30 10:19:40.250,-16.5,-2.125,62.5,-2.233125,0.682956,84.29,36.45,1186.25,first rest
2013-06-30 10:19:40.500,-17.75,-2.125,62.125,-16.667333,0.682956,84.23,36.45,1186.5,first rest
2013-06-30 10:19:40.750,-17.0,-2.125,62.125,25.53625,0.682956,84.18,36.45,1186.75,first rest
2013-06-30 10:19:41.000,-16.5,-2.125,62.5,-3.839375,0.681676,84.12,36.45,1187.0,first rest
2013-06-30 10:19:41.250,-15.222,-1.889,62.778,-2.601333,0.681676,84.07,36.45,1187.25,first rest
2013-06-30 10:19:41.500,-14.625,-2.0,63.0,16.653125,0.681676,84.02,36.45,1187.5,first rest
2013-06-30 10:19:41.750,-14.375,-2.0,62.875,-21.755333,0.681676,83.97,36.45,1187.75,first rest
2013-06-30 10:19:42.000,-14.625,-2.0,63.0,-17.245,0.681676,83.92,36.43,1188.0,first rest
2013-06-30 10:19:42.250,-14.375,-2.0,63.0,18.76,0.682956,83.87,36.43,1188.25,first rest
2013-06-30 10:19:42.500,-14.375,-2.0,63.0,-18.139333,0.680395,83.83,36.43,1188.5,first rest
2013-06-30 10:19:42.750,-14.0,-2.0,63.0,-19.56375,0.677834,83.78,36.43,1188.75,first rest
2013-06-30 10:19:43.000,-14.125,-2.0,63.0,23.220625,0.676553,83.73,36.43,1189.0,first rest
2013-06-30 10:19:43.250,-14.0,-2.0,63.0,-6.756,0.677834,83.68,36.43,1189.25,first rest
2013-06-30 10:19:43.500,-14.0,-2.0,63.0,-10.759375,0.676553,83.63,36.43,1189.5,first rest
2013-06-30 10:19:43.750,-14.125,-2.0,63.0,33.153333,0.675272,83.58,36.43,1189.75,first rest
2013-06-30 10:19:44.000,-14.0,-2.0,63.0,3.334375,0.673992,83.53,36.43,1190.0,first rest
2013-06-30 10:19:44.250,-14.125,-2.0,63.0,-6.703125,0.673992,83.48,36.43,1190.25,first rest
2013-06-30 10:19:44.500,-14.0,-2.0,63.0,25.306,0.672711,83.44,36.43,1190.5,first rest
2013-06-30 10:19:44.750,-14.0,-2.0,63.0,-4.09875,0.672711,83.4,36.43,1190.75,first rest
2013-06-30 10:19:45.000,-14.0,-2.0,63.0,-19.340625,0.675272,83.35,36.43,1191.0,first rest
2013-06-30 10:19:45.250,-14.0,-2.0,63.0,22.434667,0.675272,83.3,36.43,1191.25,first rest
2013-06-30 10:19:45.500,-14.0,-2.0,63.0,-9.088125,0.67143,83.26,36.43,1191.5,first rest
2013-06-30 10:19:45.750,-14.125,-2.0,63.0,-32.772,0.67143,83.21,36.43,1191.75,first rest
2013-06-30 10:19:46.000,-14.125,-2.0,63.0,18.07625,0.673992,83.18,36.43,1192.0,first rest
2013-06-30 10:19:46.250,-14.0,-2.0,63.0,3.92375,0.667588,83.16,36.43,1192.25,first rest
2013-06-30 10:19:46.500,-14.0,-2.0,63.0,-17.462,0.670149,83.14,36.43,1192.5,first rest
2013-06-30 10:19:46.750,-14.0,-2.0,63.0,21.57125,0.667588,83.14,36.43,1192.75,first rest
2013-06-30 10:19:47.000,-14.0,-2.0,63.0,2.328125,0.670149,83.13,36.41,1193.0,first rest
2013-06-30 10:19:47.250,-14.0,-2.0,62.875,-16.205333,0.666307,83.12,36.41,1193.25,first rest
2013-06-30 10:19:47.500,-14.0,-2.0,63.0,17.165,0.666307,83.12,36.41,1193.5,first rest
2013-06-30 10:19:47.750,-14.0,-2.0,63.0,-9.652,0.666307,83.11,36.41,1193.75,first rest
2013-06-30 10:19:48.000,-14.125,-2.0,63.0,-27.051875,0.662465,83.1,36.41,1194.0,first rest
2013-06-30 10:19:48.250,-14.0,-2.0,63.0,16.223125,0.661184,83.09,36.41,1194.25,first rest
2013-06-30 10:19:48.500,-14.0,-2.0,63.0,-10.933333,0.659904,83.09,36.41,1194.5,first rest
2013-06-30 10:19:48.750,-14.0,-2.0,63.0,-43.823125,0.658623,83.08,36.41,1194.75,first rest
2013-06-30 10:19:49.000,-14.0,-2.0,63.0,19.919375,0.661184,83.08,36.41,1195.0,first rest
2013-06-30 10:19:49.250,-14.125,-2.0,63.0,12.340667,0.659904,83.08,36.41,1195.25,first rest
2013-06-30 10:19:49.500,-14.0,-2.0,63.0,-29.818125,0.662465,83.08,36.41,1195.5,first rest
2013-06-30 10:19:49.750,-14.0,-2.0,63.0,31.951333,0.662465,83.07,36.41,1195.75,first rest
2013-06-30 10:19:50.000,-14.0,-2.0,63.0,18.08125,0.658623,83.07,36.43,1196.0,first rest
2013-06-30 10:19:50.250,-14.0,-2.0,63.0,-34.159375,0.657342,83.06,36.43,1196.25,first rest
2013-06-30 10:19:50.500,-14.0,-2.0,63.0,32.555333,0.658623,83.05,36.43,1196.5,first rest
2013-06-30 10:19:50.750,-14.125,-2.0,63.0,11.5075,0.658623,83.04,36.43,1196.75,first rest
2013-06-30 10:19:51.000,-14.0,-2.0,63.0,-44.099375,0.657342,83.03,36.41,1197.0,first rest
2013-06-30 10:19:51.250,-14.125,-2.0,63.0,33.564,0.658623,83.02,36.41,1197.25,first rest
2013-06-30 10:19:51.500,-14.0,-2.0,63.0,12.1675,0.656061,83.01,36.41,1197.5,first rest
2013-06-30 10:19:51.750,-14.0,-2.0,63.0,-50.006,0.6535,83.01,36.41,1197.75,first rest
2013-06-30 10:19:52.000,-14.25,-2.0,63.0,23.175,0.654781,83.0,36.43,1198.0,first rest
2013-06-30 10:19:52.250,-14.0,-2.0,63.0,19.744375,0.654781,82.99,36.43,1198.25,first rest
2013-06-30 10:19:52.500,-14.0,-2.0,63.0,-37.097333,0.656061,82.99,36.43,1198.5,first rest
2013-06-30 10:19:52.750,-14.125,-2.0,63.0,32.275625,0.656061,82.98,36.43,1198.75,first rest
2013-06-30 10:19:53.000,-14.0,-2.0,63.0,16.1275,0.6535,82.98,36.43,1199.0,first rest
2013-06-30 10:19:53.250,-14.0,-2.0,63.0,-13.406667,0.656061,82.98,36.43,1199.25,first rest
2013-06-30 10:19:53.500,-14.0,-2.0,63.0,32.5775,0.6535,82.98,36.43,1199.5,first rest
2013-06-30 10:19:53.750,-14.125,-2.0,63.0,-10.922,0.652219,82.97,36.43,1199.75,first rest
2013-06-30 10:19:54.000,-14.0,-2.0,63.0,-34.153125,0.647096,82.97,36.39,1200.0,first rest
2013-06-30 10:19:54.250,-14.0,-2.0,63.0,18.06,0.650939,82.96,36.39,1200.25,first rest
2013-06-30 10:19:54.500,-14.0,-2.0,63.0,-22.814,0.647096,82.95,36.39,1200.5,first rest
2013-06-30 10:19:54.750,-14.0,-2.0,63.0,-1.78375,0.648377,82.94,36.39,1200.75,first rest
2013-06-30 10:19:55.000,-14.0,-2.0,63.0,19.655625,0.649658,82.93,36.37,1201.0,first rest
2013-06-30 10:19:55.250,-14.0,-2.0,63.0,-22.796,0.648377,82.92,36.37,1201.25,first rest
2013-06-30 10:19:55.500,-14.125,-2.0,63.0,15.338125,0.645816,82.91,36.37,1201.5,first rest
2013-06-30 10:19:55.750,-14.0,-2.0,63.0,26.719333,0.647096,82.9,36.37,1201.75,first rest
2013-06-30 10:19:56.000,-14.0,-2.0,63.0,-17.05875,0.645816,82.88,36.37,1202.0,first rest
2013-06-30 10:19:56.250,-14.0,-2.0,63.0,32.956875,0.644535,82.85,36.37,1202.25,first rest
2013-06-30 10:19:56.500,-14.0,-2.0,63.0,11.362,0.645816,82.82,36.37,1202.5,first rest
2013-06-30 10:19:56.750,-14.0,-2.0,63.0,-31.648125,0.641974,82.77,36.37,1202.75,first rest
2013-06-30 10:19:57.000,-14.0,-2.0,63.0,26.849375,0.641974,82.73,36.39,1203.0,first rest
2013-06-30 10:19:57.250,-14.0,-2.0,63.0,8.775333,0.641974,82.69,36.39,1203.25,first rest
2013-06-30 10:19:57.500,-14.0,-2.0,63.0,-34.14375,0.645816,82.64,36.39,1203.5,first rest
2013-06-30 10:19:57.750,-14.0,-2.0,63.0,25.757333,0.644535,82.6,36.39,1203.75,first rest
2013-06-30 10:19:58.000,-14.25,-2.0,63.0,9.735,0.645816,82.55,36.37,1204.0,first rest
2013-06-30 10:19:58.250,-14.0,-2.0,63.0,-41.95,0.641974,82.51,36.37,1204.25,first rest
2013-06-30 10:19:58.500,-14.125,-2.0,63.0,-3.126667,0.641974,82.46,36.37,1204.5,first rest
2013-06-30 10:19:58.750,-14.0,-2.0,63.0,18.064375,0.641974,82.42,36.37,1204.75,first rest
2013-06-30 10:19:59.000,-14.0,-2.0,63.0,-4.608125,0.641974,82.37,36.34,1205.0,first rest
2013-06-30 10:19:59.250,-14.0,-2.0,63.0,-21.182,0.639412,82.32,36.34,1205.25,first rest
2013-06-30 10:19:59.500,-14.0,-2.0,63.0,23.156875,0.643254,82.28,36.34,1205.5,first rest
2013-06-30 10:19:59.750,-14.0,-2.0,63.0,5.754,0.639412,82.24,36.34,1205.75,first rest
2013-06-30 10:20:00.000,-13.875,-2.0,63.0,-32.528125,0.639412,82.2,36.33,1206.0,first rest
2013-06-30 10:20:00.250,-14.0,-2.0,63.0,21.226875,0.639412,82.17,36.33,1206.25,first rest
2013-06-30 10:20:00.500,-14.0,-2.0,63.0,9.878,0.640693,82.14,36.33,1206.5,first rest
2013-06-30 10:20:00.750,-14.0,-2.0,63.0,-42.153125,0.640693,82.12,36.33,1206.75,first rest
2013-06-30 10:20:01.000,-14.125,-2.0,63.0,6.151875,0.639412,82.1,36.34,1207.0,first rest
2013-06-30 10:20:01.250,-14.0,-2.0,63.0,17.714667,0.638131,82.08,36.34,1207.25,first rest
2013-06-30 10:20:01.500,-14.0,-2.0,63.0,-26.31625,0.638131,82.07,36.34,1207.5,first rest
2013-06-30 10:20:01.750,-14.0,-2.0,63.0,-33.207333,0.633009,82.06,36.34,1207.75,first rest
2013-06-30 10:20:02.000,-14.0,-2.0,63.0,22.791875,0.63557,82.05,36.33,1208.0,first rest
2013-06-30 10:20:02.250,-14.0,-2.0,63.0,1.0925,0.634289,82.05,36.33,1208.25,first rest
2013-06-30 10:20:02.500,-14.125,-2.0,63.0,-25.420667,0.634289,82.05,36.33,1208.5,first rest
2013-06-30 10:20:02.750,-14.0,-2.0,63.0,33.66125,0.633009,82.05,36.33,1208.75,first rest
2013-06-30 10:20:03.000,-14.0,-2.0,63.0,6.973125,0.633009,82.05,36.31,1209.0,first rest
2013-06-30 10:20:03.250,-14.125,-2.0,63.0,-16.630667,0.633009,82.05,36.31,1209.25,first rest
2013-06-30 10:20:03.500,-14.0,-2.0,63.0,32.55625,0.633009,82.06,36.31,1209.5,first rest
2013-06-30 10:20:03.750,-14.0,-2.0,63.0,1.368667,0.631728,82.06,36.31,1209.75,first rest
2013-06-30 10:20:04.000,-14.125,-2.0,63.0,-31.66875,0.630447,82.07,36.31,1210.0,first rest
2013-06-30 10:20:04.250,-14.125,-2.0,63.0,34.68125,0.627886,82.08,36.31,1210.25,first rest
2013-06-30 10:20:04.500,-14.0,-2.0,63.0,8.402,0.630447,82.09,36.31,1210.5,first rest
2013-06-30 10:20:04.750,-14.0,-2.0,63.0,-36.776875,0.629166,82.11,36.31,1210.75,first rest
2013-06-30 10:20:05.000,-14.0,-2.0,63.0,26.569375,0.631728,82.12,36.31,1211.0,first rest
2013-06-30 10:20:05.250,-14.0,-2.0,63.0,9.582667,0.626605,82.13,36.31,1211.25,first rest
2013-06-30 10:20:05.500,-14.0,-2.0,63.0,-37.753125,0.627886,82.15,36.31,1211.5,first rest
2013-06-30 10:20:05.750,-14.0,-2.0,63.0,25.868667,0.626605,82.16,36.31,1211.75,first rest
2013-06-30 10:20:06.000,-14.0,-2.0,63.0,18.24625,0.627886,82.17,36.31,1212.0,first rest
2013-06-30 10:20:06.250,-14.0,-2.0,63.0,-20.4475,0.627886,82.18,36.31,1212.25,first rest
2013-06-30 10:20:06.500,-14.125,-2.0,63.0,27.13,0.624044,82.2,36.31,1212.5,first rest
2013-06-30 10:20:06.750,-14.0,-2.0,63.0,6.210625,0.625324,82.21,36.31,1212.75,first rest
2013-06-30 10:20:07.000,-14.0,-2.0,63.0,-34.05375,0.627886,82.23,36.27,1213.0,first rest
2013-06-30 10:20:07.250,-14.25,-2.0,63.0,19.375333,0.624044,82.25,36.27,1213.25,first rest
2013-06-30 10:20:07.500,-14.25,-2.0,63.0,-0.019375,0.625324,82.28,36.27,1213.5,first rest
2013-06-30 10:20:07.750,-14.25,-2.0,63.0,-38.152667,0.621482,82.3,36.27,1213.75,first rest
2013-06-30 10:20:08.000,-14.125,-2.0,63.0,15.603125,0.618921,82.33,36.31,1214.0,first rest
2013-06-30 10:20:08.250,-14.0,-2.0,63.0,-6.978125,0.622763,82.36,36.31,1214.25,first rest
2013-06-30 10:20:08.500,-14.0,-2.0,63.0,-39.471333,0.618921,82.38,36.31,1214.5,first rest
2013-06-30 10:20:08.750,-14.0,-2.0,63.0,24.6125,0.620201,82.41,36.31,1214.75,first rest
2013-06-30 10:20:09.000,-14.0,-2.0,63.0,12.8775,0.616359,82.43,36.29,1215.0,first rest
2013-06-30 10:20:09.250,-14.0,-2.0,63.0,-22.258667,0.618921,82.45,36.29,1215.25,first rest
2013-06-30 10:20:09.500,-14.0,-2.0,63.0,30.591875,0.615079,82.48,36.29,1215.5,first rest
2013-06-30 10:20:09.750,-14.0,-2.0,63.0,7.009333,0.61764,82.5,36.29,1215.75,first rest
2013-06-30 10:20:10.000,-14.0,-2.0,63.0,-18.1975,0.615079,82.53,36.27,1216.0,first rest
2013-06-30 10:20:10.250,-14.0,-2.0,63.0,32.129375,0.616359,82.56,36.27,1216.25,first rest
2013-06-30 10:20:10.500,-14.125,-2.0,63.0,2.333333,0.616359,82.59,36.27,1216.5,first rest
2013-06-30 10:20:10.750,-14.0,-2.0,63.0,-42.514375,0.613798,82.62,36.27,1216.75,first rest
2013-06-30 10:20:11.000,-14.0,-2.0,63.0,24.521875,0.613798,82.65,36.29,1217.0,first rest
2013-06-30 10:20:11.250,-14.0,-2.0,63.0,6.804,0.609956,82.67,36.29,1217.25,first rest
2013-06-30 10:20:11.500,-14.0,-2.0,63.0,-42.263125,0.612517,82.7,36.29,1217.5,first rest
2013-06-30 10:20:11.750,-14.0,-2.0,63.0,23.048,0.616359,82.72,36.29,1217.75,first rest
2013-06-30 10:20:12.000,-14.0,-2.0,63.0,19.61375,0.609956,82.75,36.31,1218.0,first rest
2013-06-30 10:20:12.250,-14.0,-2.0,63.0,-20.754375,0.606114,82.78,36.31,1218.25,first rest
2013-06-30 10:20:12.500,-14.125,-2.0,63.0,26.583333,0.608675,82.82,36.31,1218.5,first rest
2013-06-30 10:20:12.750,-14.0,-2.0,63.0,14.825,0.608675,82.86,36.31,1218.75,first rest
2013-06-30 10:20:13.000,-14.0,-2.0,63.0,-36.33,0.604833,82.9,36.31,1219.0,first rest
2013-06-30 10:20:13.250,-14.0,-2.0,63.0,16.997333,0.607394,82.93,36.31,1219.25,first rest
2013-06-30 10:20:13.500,-14.0,-2.0,63.0,14.63,0.604833,82.96,36.31,1219.5,first rest
2013-06-30 10:20:13.750,-14.0,-2.0,63.0,-35.475333,0.606114,82.99,36.31,1219.75,first rest
2013-06-30 10:20:14.000,-14.0,-2.0,63.0,-0.828125,0.606114,83.02,36.29,1220.0,first rest
2013-06-30 10:20:14.250,-14.0,-2.0,63.0,8.396875,0.604833,83.05,36.29,1220.25,first rest
2013-06-30 10:20:14.500,-14.0,-2.0,63.0,-32.174,0.607394,83.08,36.29,1220.5,first rest
2013-06-30 10:20:14.750,-14.0,-2.0,63.0,-8.7025,0.608675,83.12,36.29,1220.75,first rest
2013-06-30 10:20:15.000,-14.125,-2.0,63.0,15.66375,0.603552,83.15,36.31,1221.0,first rest
2013-06-30 10:20:15.250,-14.125,-2.0,63.0,-18.296,0.606114,83.18,36.31,1221.25,first rest
2013-06-30 10:20:15.500,-14.0,-2.0,63.0,13.640625,0.604833,83.21,36.31,1221.5,first rest
2013-06-30 10:20:15.750,-14.0,-2.0,63.0,23.930667,0.607394,83.25,36.31,1221.75,first rest
2013-06-30 10:20:16.000,-14.0,-2.0,63.0,-6.28125,0.607394,83.28,36.33,1222.0,first rest
2013-06-30 10:20:16.250,-14.111,-2.0,63.111,25.82,0.604833,83.31,36.33,1222.25,first rest
2013-06-30 10:20:16.500,-14.0,-2.0,63.0,-5.276667,0.604833,83.35,36.33,1222.5,first rest
2013-06-30 10:20:16.750,-14.0,-2.0,63.0,-26.154375,0.600991,83.39,36.33,1222.75,first rest
2013-06-30 10:20:17.000,-14.0,-2.0,63.0,-32.80375,0.604833,83.42,36.34,1223.0,first rest
2013-06-30 10:20:17.250,-14.0,-2.0,63.0,-53.624,0.602271,83.45,36.34,1223.25,first rest
2013-06-30 10:20:17.500,-14.0,-2.0,63.0,54.32625,0.602271,83.49,36.34,1223.5,first rest
2013-06-30 10:20:17.750,-14.0,-2.0,63.0,28.499333,0.598429,83.52,36.34,1223.75,first rest
2013-06-30 10:20:18.000,-14.0,-2.0,63.0,11.98875,0.603552,83.55,36.33,1224.0,first rest
2013-06-30 10:20:18.250,-14.0,-2.0,63.0,52.930625,0.600991,83.58,36.33,1224.25,first rest
2013-06-30 10:20:18.500,-14.0,-2.0,63.0,15.298,0.600991,83.61,36.33,1224.5,first rest
2013-06-30 10:20:18.750,-14.0,-2.0,63.0,-23.720625,0.602271,83.65,36.33,1224.75,first rest
2013-06-30 10:20:19.000,-14.0,-2.0,63.0,47.525625,0.597149,83.68,36.37,1225.0,first rest
2013-06-30 10:20:19.250,-14.0,-2.0,63.0,34.294,0.595868,83.71,36.37,1225.25,first rest
2013-06-30 10:20:19.500,-14.0,-2.0,63.0,-5.809375,0.589464,83.75,36.37,1225.5,first rest
2013-06-30 10:20:19.750,-14.0,-2.0,63.0,18.289333,0.593306,83.79,36.37,1225.75,first rest
2013-06-30 10:20:20.000,-14.0,-2.0,63.0,-38.67125,0.590745,83.82,36.34,1226.0,first rest
2013-06-30 10:20:20.250,-14.125,-2.0,63.0,-55.6225,0.590745,83.85,36.34,1226.25,first rest
2013-06-30 10:20:20.500,-14.0,-2.0,63.0,-9.122,0.588184,83.89,36.34,1226.5,first rest
2013-06-30 10:20:20.750,-14.0,-2.0,63.0,-17.80875,0.589464,83.92,36.34,1226.75,first rest
2013-06-30 10:20:21.000,-14.0,-2.0,63.0,-5.334375,0.588184,83.95,36.34,1227.0,first rest
2013-06-30 10:20:21.250,-14.0,-2.0,63.0,69.661333,0.585622,83.98,36.34,1227.25,first rest
2013-06-30 10:20:21.500,-14.0,-2.0,63.0,-9.475625,0.589464,84.01,36.34,1227.5,first rest
2013-06-30 10:20:21.750,-14.0,-2.0,63.0,-58.729333,0.586903,84.05,36.34,1227.75,first rest
2013-06-30 10:20:22.000,-14.0,-2.0,63.0,-0.2225,0.588184,84.08,36.39,1228.0,first rest
2013-06-30 10:20:22.250,-14.125,-2.0,63.0,-15.38875,0.585622,84.12,36.39,1228.25,first rest
2013-06-30 10:20:22.500,-14.0,-2.0,63.0,-24.775333,0.586903,84.15,36.39,1228.5,first rest
2013-06-30 10:20:22.750,-14.0,-2.0,63.0,11.79375,0.585622,84.19,36.39,1228.75,first rest
2013-06-30 10:20:23.000,-14.0,-2.0,63.0,-22.806875,0.586903,84.23,36.37,1229.0,first rest
2013-06-30 10:20:23.250,-14.0,-2.0,63.0,-24.681333,0.583061,84.27,36.37,1229.25,first rest
2013-06-30 10:20:23.500,-14.0,-2.0,63.0,15.44625,0.579219,84.31,36.37,1229.5,first rest
2013-06-30 10:20:23.750,-14.125,-2.0,63.0,-8.246,0.588184,84.34,36.37,1229.75,first rest
2013-06-30 10:20:24.000,-14.0,-2.0,63.0,-2.631875,0.586903,84.38,36.37,1230.0,first rest
2013-06-30 10:20:24.250,-14.0,-2.0,63.0,24.23875,0.583061,84.42,36.37,1230.25,first rest
2013-06-30 10:20:24.500,-14.0,-2.0,63.0,-18.626,0.585622,84.46,36.37,1230.5,first rest
2013-06-30 10:20:24.750,-14.0,-2.0,63.0,10.271875,0.589464,84.49,36.37,1230.75,first rest
2013-06-30 10:20:25.000,-14.0,-2.0,63.0,24.60125,0.585622,84.53,36.37,1231.0,first rest
2013-06-30 10:20:25.250,-14.0,-2.0,63.0,-23.059333,0.586903,84.57,36.37,1231.25,first rest
2013-06-30 10:20:25.500,-14.0,-2.0,63.0,22.14875,0.583061,84.6,36.37,1231.5,first rest
2013-06-30 10:20:25.750,-14.0,-2.0,63.0,29.876667,0.586903,84.64,36.37,1231.75,first rest
2013-06-30 10:20:26.000,-14.125,-2.0,63.0,-21.3175,0.584341,84.67,36.39,1232.0,first rest
2013-06-30 10:20:26.250,-14.0,-2.0,63.0,23.13875,0.583061,84.7,36.39,1232.25,first rest
2013-06-30 10:20:26.500,-14.25,-2.0,63.0,18.922667,0.579219,84.74,36.39,1232.5,first rest
2013-06-30 10:20:26.750,-14.0,-2.0,63.125,-21.945,0.580499,84.77,36.39,1232.75,first rest
2013-06-30 10:20:27.000,-14.0,-2.0,63.0,14.353125,0.579219,84.8,36.39,1233.0,first rest
2013-06-30 10:20:27.250,-14.0,-2.0,63.0,9.244667,0.580499,84.83,36.39,1233.25,first rest
2013-06-30 10:20:27.500,-14.0,-2.0,63.0,-23.51125,0.583061,84.86,36.39,1233.5,first rest
2013-06-30 10:20:27.750,-14.0,-2.0,63.0,11.870667,0.579219,84.9,36.39,1233.75,first rest
2013-06-30 10:20:28.000,-14.0,-2.0,63.0,9.131875,0.580499,84.93,36.39,1234.0,first rest
2013-06-30 10:20:28.250,-14.0,-2.0,63.0,-27.006875,0.574096,84.96,36.39,1234.25,first rest
2013-06-30 10:20:28.500,-14.0,-2.0,63.0,8.464667,0.579219,85.0,36.39,1234.5,first rest
2013-06-30 10:20:28.750,-14.125,-2.0,63.0,0.57125,0.576657,85.04,36.39,1234.75,first rest
2013-06-30 10:20:29.000,-14.0,-2.0,63.0,-30.43,0.579219,85.07,36.37,1235.0,first rest
2013-06-30 10:20:29.250,-14.0,-2.0,63.0,17.288,0.575377,85.1,36.37,1235.25,first rest
2013-06-30 10:20:29.500,-14.0,-2.0,63.0,-1.61625,0.577938,85.13,36.37,1235.5,first rest
2013-06-30 10:20:29.750,-14.0,-2.0,63.0,-33.796,0.575377,85.17,36.37,1235.75,first rest
2013-06-30 10:20:30.000,-14.0,-2.0,63.0,18.360625,0.576657,85.2,36.39,1236.0,first rest
2013-06-30 10:20:30.250,-14.0,-2.0,63.0,-3.414375,0.575377,85.24,36.39,1236.25,first rest
2013-06-30 10:20:30.500,-14.0,-2.0,63.0,-22.558667,0.574096,85.27,36.39,1236.5,first rest
2013-06-30 10:20:30.750,-14.125,-2.0,63.0,22.850625,0.577938,85.31,36.39,1236.75,first rest
2013-06-30 10:20:31.000,-14.0,-2.0,63.0,-9.9025,0.571534,85.35,36.41,1237.0,first rest
2013-06-30 10:20:31.250,-14.0,-2.0,63.0,3.529333,0.575377,85.39,36.41,1237.25,first rest
2013-06-30 10:20:31.500,-14.0,-2.0,63.0,16.89625,0.570254,85.42,36.41,1237.5,first rest
2013-06-30 10:20:31.750,-14.0,-2.0,63.0,-28.384,0.571534,85.46,36.41,1237.75,first rest
2013-06-30 10:20:32.000,-14.125,-2.0,63.0,15.015625,0.574096,85.5,36.39,1238.0,first rest
2013-06-30 10:20:32.250,-14.0,-2.0,63.0,12.40875,0.568973,85.54,36.39,1238.25,first rest
2013-06-30 10:20:32.500,-14.0,-2.0,63.0,-15.943333,0.570254,85.58,36.39,1238.5,first rest
2013-06-30 10:20:32.750,-13.875,-2.0,63.0,34.37,0.565131,85.63,36.39,1238.75,first rest
2013-06-30 10:20:33.000,-14.0,-2.0,63.0,0.818125,0.568973,85.67,36.41,1239.0,first rest
2013-06-30 10:20:33.250,-14.0,-2.0,63.0,17.786,0.566411,85.71,36.41,1239.25,first rest
2013-06-30 10:20:33.500,-14.0,-2.0,63.0,8.185,0.56385,85.75,36.41,1239.5,first rest
2013-06-30 10:20:33.750,-14.0,-2.0,63.0,-37.207333,0.566411,85.79,36.41,1239.75,first rest
2013-06-30 10:20:34.000,-14.125,-2.0,63.0,26.365,0.565131,85.83,36.37,1240.0,first rest
2013-06-30 10:20:34.250,-14.125,-2.0,63.0,-0.020625,0.562569,85.87,36.37,1240.25,first rest
2013-06-30 10:20:34.500,-14.0,-2.0,63.0,-16.540667,0.561289,85.91,36.37,1240.5,first rest
2013-06-30 10:20:34.750,-14.0,-2.0,63.0,25.7725,0.561289,85.96,36.37,1240.75,first rest
2013-06-30 10:20:35.000,-14.0,-2.0,63.0,-10.356875,0.560008,86.0,36.39,1241.0,first rest
2013-06-30 10:20:35.250,-14.0,-2.0,63.0,-1.089333,0.560008,86.04,36.39,1241.25,first rest
2013-06-30 10:20:35.500,-14.0,-2.0,63.0,17.08625,0.558727,86.09,36.39,1241.5,first rest
2013-06-30 10:20:35.750,-14.0,-2.0,63.0,-19.697333,0.558727,86.13,36.39,1241.75,first rest
2013-06-30 10:20:36.000,-14.0,-2.0,63.0,-9.93875,0.557446,86.18,36.39,1242.0,first rest
2013-06-30 10:20:36.250,-14.0,-2.0,63.0,13.93625,0.561289,86.23,36.39,1242.25,first rest
2013-06-30 10:20:36.500,-14.0,-2.0,63.0,-11.355333,0.557446,86.28,36.39,1242.5,first rest
2013-06-30 10:20:36.750,-14.0,-2.0,63.0,13.17,0.558727,86.33,36.39,1242.75,first rest
2013-06-30 10:20:37.000,-14.0,-2.0,63.0,16.7625,0.554885,86.38,36.37,1243.0,first rest
2013-06-30 10:20:37.250,-14.125,-2.125,63.0,-32.143333,0.556166,86.43,36.37,1243.25,first rest
2013-06-30 10:20:37.500,-14.0,-2.0,63.0,16.23875,0.554885,86.49,36.37,1243.5,first rest
2013-06-30 10:20:37.750,-14.0,-2.0,63.0,6.332667,0.553604,86.54,36.37,1243.75,first rest
2013-06-30 10:20:38.000,-14.0,-2.0,63.0,-33.6025,0.556166,86.6,36.39,1244.0,first rest
2013-06-30 10:20:38.250,-14.0,-2.0,63.0,19.1525,0.552324,86.66,36.39,1244.25,first rest
2013-06-30 10:20:38.500,-14.0,-2.0,63.0,7.518667,0.554885,86.72,36.39,1244.5,first rest
2013-06-30 10:20:38.750,-14.0,-2.0,63.0,-36.969375,0.551043,86.77,36.39,1244.75,first rest
2013-06-30 10:20:39.000,-14.0,-2.0,63.0,7.015625,0.554885,86.83,36.39,1245.0,first rest
2013-06-30 10:20:39.250,-14.0,-2.0,63.0,-5.608667,0.551043,86.89,36.39,1245.25,first rest
2013-06-30 10:20:39.500,-14.0,-2.0,63.0,-6.96,0.552324,86.94,36.39,1245.5,first rest
2013-06-30 10:20:39.750,-14.0,-2.0,63.0,28.750667,0.548482,87.0,36.39,1245.75,first rest
2013-06-30 10:20:40.000,-14.0,-2.0,63.0,-1.2525,0.551043,87.05,36.39,1246.0,first rest
2013-06-30 10:20:40.250,-14.0,-2.0,63.0,16.128125,0.551043,87.1,36.39,1246.25,first rest
2013-06-30 10:20:40.500,-14.0,-2.0,63.0,-5.578667,0.549762,87.15,36.39,1246.5,first rest
2013-06-30 10:20:40.750,-14.0,-2.0,63.0,-30.573125,0.554885,87.2,36.39,1246.75,first rest
2013-06-30 10:20:41.000,-14.0,-2.0,63.0,14.875,0.552324,87.25,36.37,1247.0,first rest
2013-06-30 10:20:41.250,-14.0,-2.0,63.125,-13.710667,0.548482,87.3,36.37,1247.25,first rest
2013-06-30 10:20:41.500,-14.0,-2.0,63.0,2.266875,0.549762,87.34,36.37,1247.5,first rest
2013-06-30 10:20:41.750,-14.0,-2.0,63.0,14.046667,0.54592,87.39,36.37,1247.75,first rest
2013-06-30 10:20:42.000,-14.0,-2.0,63.0,-30.838125,0.547201,87.43,36.39,1248.0,first rest
2013-06-30 10:20:42.250,-14.0,-2.0,63.0,19.83125,0.544639,87.47,36.39,1248.25,first rest
2013-06-30 10:20:42.500,-14.0,-2.0,63.0,23.892,0.543359,87.52,36.39,1248.5,first rest
2013-06-30 10:20:42.750,-14.0,-2.0,63.0,-15.28625,0.544639,87.56,36.39,1248.75,first rest
2013-06-30 10:20:43.000,-14.0,-2.0,63.0,19.150625,0.544639,87.6,36.39,1249.0,first rest
2013-06-30 10:20:43.250,-14.0,-2.0,63.0,-19.366667,0.547201,87.64,36.39,1249.25,first rest
2013-06-30 10:20:43.500,-14.0,-2.0,63.0,-6.17375,0.54592,87.68,36.39,1249.5,first rest
2013-06-30 10:20:43.750,-14.0,-2.0,63.0,12.555333,0.54592,87.71,36.39,1249.75,first rest
2013-06-30 10:20:44.000,-14.0,-2.0,63.0,-25.03,0.547201,87.75,36.39,1250.0,first rest
2013-06-30 10:20:44.250,-14.0,-2.0,63.0,19.334375,0.547201,87.79,36.39,1250.25,first rest
2013-06-30 10:20:44.500,-14.0,-2.0,63.0,7.632,0.54592,87.83,36.39,1250.5,first rest
2013-06-30 10:20:44.750,-14.0,-2.0,63.0,-30.97375,0.547201,87.86,36.39,1250.75,first rest
2013-06-30 10:20:45.000,-14.125,-2.0,63.125,17.438125,0.543359,87.9,36.37,1251.0,first rest
2013-06-30 10:20:45.250,-14.0,-2.0,63.0,0.727333,0.540797,87.93,36.37,1251.25,first rest
2013-06-30 10:20:45.500,-14.0,-2.0,63.0,-28.276875,0.542078,87.96,36.37,1251.5,first rest
2013-06-30 10:20:45.750,-14.0,-2.0,63.0,20.008667,0.539517,87.99,36.37,1251.75,first rest
2013-06-30 10:20:46.000,-14.0,-2.0,63.0,11.76125,0.539517,88.02,36.39,1252.0,first rest
2013-06-30 10:20:46.250,-14.0,-2.0,63.0,3.228125,0.539517,88.05,36.39,1252.25,first rest
2013-06-30 10:20:46.500,-14.0,-2.0,63.0,21.108667,0.538236,88.08,36.39,1252.5,first rest
2013-06-30 10:20:46.750,-14.0,-2.0,63.0,-26.12875,0.539517,88.11,36.39,1252.75,first rest
2013-06-30 10:20:47.000,-14.0,-2.0,63.0,-3.120625,0.534394,88.13,36.37,1253.0,first rest
2013-06-30 10:20:47.250,-14.0,-2.0,63.0,14.119333,0.538236,88.15,36.37,1253.25,first rest
2013-06-30 10:20:47.500,-14.125,-2.0,63.0,-32.31625,0.538236,88.17,36.37,1253.5,first rest
2013-06-30 10:20:47.750,-14.0,-2.0,63.0,19.046,0.534394,88.18,36.37,1253.75,first rest
2013-06-30 10:20:48.000,-14.0,-2.0,63.0,6.346875,0.534394,88.2,36.37,1254.0,first rest
2013-06-30 10:20:48.250,-14.125,-2.0,63.0,-32.320625,0.538236,88.22,36.37,1254.25,first rest
2013-06-30 10:20:48.500,-14.0,-2.0,63.0,25.674,0.534394,88.24,36.37,1254.5,first rest
2013-06-30 10:20:48.750,-14.125,-2.0,63.0,11.4575,0.535674,88.26,36.37,1254.75,first rest
2013-06-30 10:20:49.000,-13.875,-2.0,63.0,-4.915625,0.534394,88.28,36.37,1255.0,first rest
2013-06-30 10:20:49.250,-14.0,-2.0,63.0,25.704,0.534394,88.3,36.37,1255.25,first rest
2013-06-30 10:20:49.500,-14.0,-2.0,63.125,-6.251875,0.531832,88.33,36.37,1255.5,first rest
2013-06-30 10:20:49.750,-14.125,-2.0,63.0,19.746667,0.534394,88.35,36.37,1255.75,first rest
2013-06-30 10:20:50.000,-14.0,-2.0,63.0,10.72875,0.533113,88.37,36.39,1256.0,first rest
2013-06-30 10:20:50.250,-14.125,-2.0,63.0,-33.998125,0.533113,88.39,36.39,1256.25,first rest
2013-06-30 10:20:50.500,-14.0,-2.0,63.0,20.554667,0.530551,88.41,36.39,1256.5,first rest
2013-06-30 10:20:50.750,-14.125,-2.0,63.0,-0.186875,0.530551,88.43,36.39,1256.75,first rest
2013-06-30 10:20:51.000,-14.0,-2.0,63.0,-22.711875,0.531832,88.45,36.37,1257.0,first rest
2013-06-30 10:20:51.250,-14.0,-2.0,63.0,12.738,0.529271,88.47,36.37,1257.25,first rest
2013-06-30 10:20:51.500,-14.125,-2.0,63.0,-15.776875,0.531832,88.49,36.37,1257.5,first rest
2013-06-30 10:20:51.750,-14.0,-2.0,63.0,-7.357333,0.52799,88.51,36.37,1257.75,first rest
2013-06-30 10:20:52.000,-14.0,-2.0,63.0,17.708125,0.529271,88.53,36.34,1258.0,first rest
2013-06-30 10:20:52.250,-14.0,-2.0,63.0,-6.6925,0.529271,88.55,36.34,1258.25,first rest
2013-06-30 10:20:52.500,-14.0,-2.0,63.0,19.03,0.530551,88.57,36.34,1258.5,first rest
2013-06-30 10:20:52.750,-14.0,-2.0,63.0,-3.966875,0.52799,88.58,36.34,1258.75,first rest
2013-06-30 10:20:53.000,-14.0,-2.0,63.0,-23.96625,0.52799,88.6,36.39,1259.0,first rest
2013-06-30 10:20:53.250,-14.0,-2.0,63.0,15.370667,0.525429,88.62,36.39,1259.25,first rest
2013-06-30 10:20:53.500,-14.0,-2.0,63.0,-12.7275,0.524148,88.64,36.39,1259.5,first rest
2013-06-30 10:20:53.750,-14.0,-2.0,63.0,-0.618667,0.525429,88.65,36.39,1259.75,first rest
2013-06-30 10:20:54.000,-14.0,-2.0,63.0,9.565,0.524148,88.67,36.37,1260.0,first rest
2013-06-30 10:20:54.250,-14.0,-2.0,63.0,-29.20125,0.526709,88.69,36.37,1260.25,first rest
2013-06-30 10:20:54.500,-14.0,-2.0,63.0,16.437333,0.525429,88.7,36.37,1260.5,first rest
2013-06-30 10:20:54.750,-14.0,-2.0,63.0,14.51,0.525429,88.71,36.37,1260.75,first rest
2013-06-30 10:20:55.000,-14.0,-2.0,63.0,-3.17875,0.524148,88.73,36.37,1261.0,first rest
2013-06-30 10:20:55.250,-14.0,-2.0,63.0,23.626,0.525429,88.75,36.37,1261.25,first rest
2013-06-30 10:20:55.500,-14.0,-2.0,63.0,-14.55625,0.525429,88.77,36.37,1261.5,first rest
2013-06-30 10:20:55.750,-14.0,-2.0,63.0,1.595333,0.524148,88.79,36.37,1261.75,first rest
2013-06-30 10:20:56.000,-14.0,-2.0,63.0,7.799375,0.525429,88.82,36.34,1262.0,first rest
2013-06-30 10:20:56.250,-14.0,-2.0,63.0,-27.053125,0.520306,88.85,36.34,1262.25,first rest
2013-06-30 10:20:56.500,-14.0,-2.0,63.0,16.79,0.522867,88.89,36.34,1262.5,first rest
2013-06-30 10:20:56.750,-14.125,-2.125,63.0,-2.5025,0.521586,88.94,36.34,1262.75,first rest
2013-06-30 10:20:57.000,-14.0,-2.0,63.0,-25.215625,0.524148,88.98,36.34,1263.0,first rest
2013-06-30 10:20:57.250,-14.0,-2.0,63.0,12.257333,0.524148,89.03,36.34,1263.25,first rest
2013-06-30 10:20:57.500,-14.0,-2.0,63.0,0.844375,0.525429,89.07,36.34,1263.5,first rest
2013-06-30 10:20:57.750,-14.0,-2.0,63.0,4.979333,0.524148,89.12,36.34,1263.75,first rest
2013-06-30 10:20:58.000,-14.0,-2.0,63.0,14.14375,0.520306,89.17,36.34,1264.0,first rest
2013-06-30 10:20:58.250,-14.0,-2.0,63.0,-27.84875,0.521586,89.22,36.34,1264.25,first rest
2013-06-30 10:20:58.500,-14.0,-2.0,63.0,7.415333,0.521586,89.26,36.34,1264.5,first rest
2013-06-30 10:20:58.750,-14.0,-2.0,63.0,1.269375,0.520306,89.31,36.34,1264.75,first rest
2013-06-30 10:20:59.000,-13.875,-2.0,63.125,-27.605625,0.517744,89.35,36.33,1265.0,first rest
2013-06-30 10:20:59.250,-14.0,-2.0,63.0,17.318,0.520306,89.39,36.33,1265.25,first rest
2013-06-30 10:20:59.500,-14.0,-2.0,63.0,-10.231875,0.519025,89.43,36.33,1265.5,first rest
2013-06-30 10:20:59.750,-14.0,-2.0,63.0,-26.051333,0.516464,89.47,36.33,1265.75,first rest
2013-06-30 10:21:00.000,-14.0,-2.0,63.0,23.53,0.517744,89.5,36.33,1266.0,first rest
2013-06-30 10:21:00.250,-14.0,-2.0,63.0,-0.174375,0.516464,89.53,36.33,1266.25,first rest
2013-06-30 10:21:00.500,-14.0,-2.0,63.0,20.428,0.516464,89.56,36.33,1266.5,first rest
2013-06-30 10:21:00.750,-14.0,-2.0,63.0,8.4675,0.519025,89.59,36.33,1266.75,first rest
2013-06-30 10:21:01.000,-14.0,-2.0,63.0,-30.53375,0.516464,89.62,36.33,1267.0,first rest
2013-06-30 10:21:01.250,-14.0,-2.0,63.0,28.852667,0.519025,89.64,36.33,1267.25,first rest
2013-06-30 10:21:01.500,-14.0,-2.0,63.0,0.60875,0.516464,89.67,36.33,1267.5,first rest
2013-06-30 10:21:01.750,-14.0,-2.0,63.0,-17.512,0.513902,89.68,36.33,1267.75,first rest
2013-06-30 10:21:02.000,-14.0,-2.0,63.0,24.94125,0.517744,89.7,36.34,1268.0,first rest
2013-06-30 10:21:02.250,-14.0,-2.0,63.0,-15.29,0.517744,89.71,36.34,1268.25,first rest
2013-06-30 10:21:02.500,-14.0,-2.0,63.0,-0.882667,0.515183,89.73,36.34,1268.5,first rest
2013-06-30 10:21:02.750,-14.0,-2.0,63.0,13.075,0.512622,89.74,36.34,1268.75,first rest
2013-06-30 10:21:03.000,-14.0,-2.0,63.0,-16.374375,0.513902,89.75,36.33,1269.0,first rest
2013-06-30 10:21:03.250,-14.0,-2.0,63.0,32.593333,0.511341,89.76,36.33,1269.25,first rest
2013-06-30 10:21:03.500,-14.0,-2.0,63.0,9.04625,0.513902,89.78,36.33,1269.5,first rest
2013-06-30 10:21:03.750,-14.0,-2.0,63.0,-22.774,0.512622,89.79,36.33,1269.75,first rest
2013-06-30 10:21:04.000,-14.0,-2.0,63.0,19.3775,0.51006,89.8,36.34,1270.0,first rest
2013-06-30 10:21:04.250,-14.0,-2.0,63.0,-17.849375,0.511341,89.81,36.34,1270.25,first rest
2013-06-30 10:21:04.500,-14.0,-2.0,63.0,3.261333,0.507499,89.82,36.34,1270.5,first rest
2013-06-30 10:21:04.750,-14.0,-2.0,63.0,12.804375,0.512622,89.82,36.34,1270.75,first rest
2013-06-30 10:21:05.000,-14.0,-2.0,63.0,-28.21625,0.512622,89.83,36.31,1271.0,first rest
2013-06-30 10:21:05.250,-14.0,-2.0,63.0,19.872667,0.508779,89.84,36.31,1271.25,first rest
2013-06-30 10:21:05.500,-14.0,-2.0,63.0,-1.161875,0.507499,89.85,36.31,1271.5,first rest
2013-06-30 10:21:05.750,-14.0,-2.0,63.0,-19.774667,0.511341,89.86,36.31,1271.75,first rest
2013-06-30 10:21:06.000,-14.0,-2.0,63.0,22.361875,0.507499,89.87,36.31,1272.0,first rest
2013-06-30 10:21:06.250,-14.0,-2.0,63.0,-8.545,0.508779,89.88,36.31,1272.25,first rest
2013-06-30 10:21:06.500,-14.0,-2.0,63.0,11.273333,0.506218,89.89,36.31,1272.5,first rest
2013-06-30 10:21:06.750,-14.0,-2.0,63.0,-1.37375,0.504937,89.89,36.31,1272.75,first rest
2013-06-30 10:21:07.000,-14.0,-2.0,63.0,-23.251875,0.503657,89.9,36.33,1273.0,first rest
2013-06-30 10:21:07.250,-14.0,-2.0,63.0,20.628667,0.504937,89.91,36.33,1273.25,first rest
2013-06-30 10:21:07.500,-14.0,-2.0,63.0,-13.66,0.508779,89.91,36.33,1273.5,first rest
2013-06-30 10:21:07.750,-14.0,-2.0,63.0,2.637333,0.502376,89.92,36.33,1273.75,first rest
2013-06-30 10:21:08.000,-14.0,-2.0,63.0,9.681875,0.506218,89.92,36.31,1274.0,first rest
2013-06-30 10:21:08.250,-14.0,-2.0,63.0,-25.77375,0.503657,89.92,36.31,1274.25,first rest
2013-06-30 10:21:08.500,-14.0,-2.0,63.0,24.586,0.504937,89.92,36.31,1274.5,first rest
2013-06-30 10:21:08.750,-14.0,-2.0,63.0,16.203125,0.503657,89.92,36.31,1274.75,first rest
2013-06-30 10:21:09.000,-14.0,-2.0,63.0,-4.13375,0.501095,89.93,36.29,1275.0,first rest
2013-06-30 10:21:09.250,-14.0,-2.0,63.0,12.940667,0.498534,89.94,36.29,1275.25,first rest
2013-06-30 10:21:09.500,-14.0,-2.0,63.0,-14.70375,0.495972,89.95,36.29,1275.5,first rest
2013-06-30 10:21:09.750,-14.0,-2.0,63.0,4.816667,0.501095,89.96,36.29,1275.75,first rest
2013-06-30 10:21:10.000,-14.0,-2.0,63.0,6.6,0.495972,89.97,36.31,1276.0,first rest
2013-06-30 10:21:10.250,-14.0,-2.0,63.0,-36.68875,0.498534,89.97,36.31,1276.25,first rest
2013-06-30 10:21:10.500,-14.0,-2.0,63.0,12.12,0.498534,89.97,36.31,1276.5,first rest
2013-06-30 10:21:10.750,-14.0,-2.0,63.0,2.71375,0.499814,89.98,36.31,1276.75,first rest
2013-06-30 10:21:11.000,-14.0,-2.0,63.0,-27.235625,0.498534,89.98,36.31,1277.0,first rest
2013-06-30 10:21:11.250,-14.0,-2.0,63.0,20.829333,0.498534,89.99,36.31,1277.25,first rest
2013-06-30 10:21:11.500,-14.0,-2.0,63.0,11.84875,0.499814,90.0,36.31,1277.5,first rest
2013-06-30 10:21:11.750,-14.0,-2.0,63.0,-10.674,0.497253,90.01,36.31,1277.75,first rest
2013-06-30 10:21:12.000,-14.0,-2.0,63.0,17.701875,0.499814,90.02,36.31,1278.0,first rest
2013-06-30 10:21:12.250,-13.875,-2.0,63.125,-19.73125,0.497253,90.02,36.31,1278.25,first rest
2013-06-30 10:21:12.500,-14.125,-2.0,63.0,-25.288667,0.495972,90.02,36.31,1278.5,first rest
2013-06-30 10:21:12.750,-14.0,-2.0,63.0,12.4975,0.490849,90.02,36.31,1278.75,first rest
2013-06-30 10:21:13.000,-13.875,-2.0,63.0,-19.956875,0.497253,90.02,36.31,1279.0,first rest
2013-06-30 10:21:13.250,-13.75,-2.0,63.0,-2.508667,0.495972,90.02,36.31,1279.25,first rest
2013-06-30 10:21:13.500,-13.625,-2.0,62.875,9.4625,0.497253,90.03,36.31,1279.5,first rest
2013-06-30 10:21:13.750,-14.0,-2.0,63.0,-26.958667,0.49213,90.04,36.31,1279.75,first rest
2013-06-30 10:21:14.000,-14.0,-2.125,63.0,14.893125,0.490849,90.05,36.31,1280.0,first rest
2013-06-30 10:21:14.250,-14.0,-2.0,63.0,25.0175,0.495972,90.06,36.31,1280.25,first rest
2013-06-30 10:21:14.500,-14.125,-2.0,63.0,-15.539333,0.494691,90.06,36.31,1280.5,first rest
2013-06-30 10:21:14.750,-14.0,-2.0,63.0,24.54375,0.494691,90.07,36.31,1280.75,first rest
2013-06-30 10:21:15.000,-14.0,-2.0,63.0,-5.798125,0.49213,90.07,36.31,1281.0,first rest
2013-06-30 10:21:15.250,-14.0,-2.0,63.0,-18.126,0.495972,90.07,36.31,1281.25,first rest
2013-06-30 10:21:15.500,-14.0,-2.0,63.0,23.760625,0.488288,90.07,36.31,1281.5,first rest
2013-06-30 10:21:15.750,-14.0,-2.0,63.0,-14.954667,0.493411,90.08,36.31,1281.75,first rest
2013-06-30 10:21:16.000,-13.875,-2.0,63.0,2.57625,0.49213,90.08,36.31,1282.0,first rest
2013-06-30 10:21:16.250,-14.0,-2.0,63.0,11.276875,0.493411,90.08,36.31,1282.25,first rest
2013-06-30 10:21:16.500,-14.25,-2.125,63.0,-25.818667,0.490849,90.09,36.31,1282.5,first rest
2013-06-30 10:21:16.750,-14.0,-2.0,63.0,34.356875,0.493411,90.09,36.31,1282.75,first rest
2013-06-30 10:21:17.000,-14.0,-2.0,63.0,14.935,0.489569,90.1,36.29,1283.0,first rest
2013-06-30 10:21:17.250,-14.0,-2.0,63.25,-13.941333,0.489569,90.11,36.29,1283.25,first rest
2013-06-30 10:21:17.500,-13.625,-2.0,63.0,7.853125,0.488288,90.11,36.29,1283.5,first rest
2013-06-30 10:21:17.750,-14.0,-2.0,63.125,-26.985333,0.485727,90.12,36.29,1283.75,first rest
2013-06-30 10:21:18.000,-14.0,-2.0,63.0,10.60875,0.489569,90.12,36.31,1284.0,first rest
2013-06-30 10:21:18.250,-14.0,-2.0,63.0,9.880625,0.488288,90.12,36.31,1284.25,first rest
2013-06-30 10:21:18.500,-14.25,-2.0,63.0,-26.771333,0.488288,90.12,36.31,1284.5,first rest
2013-06-30 10:21:18.750,-14.125,-2.0,63.0,20.50625,0.487007,90.13,36.31,1284.75,first rest
2013-06-30 10:21:19.000,-14.0,-2.0,63.0,-4.56875,0.489569,90.13,36.29,1285.0,first rest
2013-06-30 10:21:19.250,-14.125,-2.0,63.0,-14.606,0.487007,90.13,36.29,1285.25,first rest
2013-06-30 10:21:19.500,-14.0,-2.0,63.0,22.28125,0.481884,90.14,36.29,1285.5,first rest
2013-06-30 10:21:19.750,-14.0,-2.0,63.0,-3.698667,0.484446,90.15,36.29,1285.75,first rest
2013-06-30 10:21:20.000,-14.0,-2.0,63.0,13.25375,0.484446,90.15,36.29,1286.0,first rest
2013-06-30 10:21:20.250,-14.125,-2.0,63.0,5.634375,0.484446,90.15,36.29,1286.25,first rest
2013-06-30 10:21:20.500,-14.5,-2.0,63.0,-30.612,0.480604,90.16,36.29,1286.5,first rest
2013-06-30 10:21:20.750,-14.625,-2.0,62.875,17.085625,0.480604,90.16,36.29,1286.75,first rest
2013-06-30 10:21:21.000,-15.0,-2.0,62.875,-2.931875,0.484446,90.17,36.31,1287.0,first rest
2013-06-30 10:21:21.250,-14.875,-2.0,63.0,-20.074,0.481884,90.18,36.31,1287.25,first rest
2013-06-30 10:21:21.500,-14.875,-2.0,62.875,16.064375,0.479323,90.19,36.31,1287.5,first rest
2013-06-30 10:21:21.750,-14.125,-2.0,63.125,-8.151333,0.479323,90.21,36.31,1287.75,first rest
2013-06-30 10:21:22.000,-14.889,-2.0,63.0,-18.989375,0.478042,90.22,36.29,1288.0,first rest
2013-06-30 10:21:22.250,-14.875,-2.125,62.625,20.61,0.478042,90.23,36.29,1288.25,first rest
2013-06-30 10:21:22.500,-14.625,-2.0,63.0,2.0,0.481884,90.24,36.29,1288.5,first rest
2013-06-30 10:21:22.750,-14.625,-2.0,63.0,-0.114375,0.475481,90.24,36.29,1288.75,first rest
2013-06-30 10:21:23.000,-14.375,-2.0,63.0,15.01875,0.547132,90.25,36.31,1289.0,first rest
2013-06-30 10:21:23.250,-14.0,-2.125,63.0,-20.751333,0.552255,90.26,36.31,1289.25,first rest
2013-06-30 10:21:23.500,-13.875,-2.0,63.0,-0.438125,0.550974,90.27,36.31,1289.5,first rest
2013-06-30 10:21:23.750,-14.0,-2.0,63.0,13.483333,0.549693,90.29,36.31,1289.75,first rest
2013-06-30 10:21:24.000,-14.0,-2.0,63.0,-22.49,0.549693,90.3,36.31,1290.0,first rest
2013-06-30 10:21:24.250,-14.0,-2.0,63.0,1.224375,0.552255,90.31,36.31,1290.25,first rest
2013-06-30 10:21:24.500,-14.0,-2.0,63.0,7.513333,0.549693,90.33,36.31,1290.5,first rest
2013-06-30 10:21:24.750,-14.0,-2.0,63.0,-20.40625,0.550974,90.34,36.31,1290.75,first rest
2013-06-30 10:21:25.000,-13.875,-2.0,63.0,7.90625,0.550974,90.35,36.29,1291.0,first rest
2013-06-30 10:21:25.250,-14.0,-2.0,63.0,15.025333,0.549693,90.36,36.29,1291.25,first rest
2013-06-30 10:21:25.500,-14.0,-2.0,63.0,-20.429375,0.547132,90.37,36.29,1291.5,first rest
2013-06-30 10:21:25.750,-14.0,-2.0,63.0,17.552667,0.548412,90.38,36.29,1291.75,first rest
2013-06-30 10:21:26.000,-13.889,-2.0,63.111,-0.225,0.549693,90.38,36.29,1292.0,first rest
2013-06-30 10:21:26.250,-13.75,-2.0,63.0,-39.698125,0.549693,90.38,36.29,1292.25,first rest
2013-06-30 10:21:26.500,-13.875,-2.0,63.0,20.566,0.549693,90.38,36.29,1292.5,first rest
2013-06-30 10:21:26.750,-13.75,-2.0,63.0,3.355625,0.550974,90.38,36.29,1292.75,first rest
2013-06-30 10:21:27.000,-13.875,-2.0,63.0,-29.279375,0.548412,90.37,36.29,1293.0,first rest
2013-06-30 10:21:27.250,-14.0,-2.0,63.0,22.892667,0.548412,90.36,36.29,1293.25,first rest
2013-06-30 10:21:27.500,-13.75,-2.0,63.0,0.571875,0.547132,90.35,36.29,1293.5,first rest
2013-06-30 10:21:27.750,-13.625,-2.0,63.0,-13.195333,0.545851,90.34,36.29,1293.75,first rest
2013-06-30 10:21:28.000,-14.0,-2.0,63.0,30.84625,0.547132,90.32,36.27,1294.0,first rest
2013-06-30 10:21:28.250,-13.875,-2.0,63.0,-6.56,0.545851,90.3,36.27,1294.25,first rest
2013-06-30 10:21:28.500,-13.875,-2.0,63.0,18.365333,0.54457,90.29,36.27,1294.5,first rest
2013-06-30 10:21:28.750,-14.0,-2.0,63.0,8.7525,0.547132,90.27,36.27,1294.75,first rest
2013-06-30 10:21:29.000,-13.625,-2.0,63.0,-34.035625,0.54457,90.25,36.25,1295.0,first rest
2013-06-30 10:21:29.250,-13.875,-2.0,63.0,29.139333,0.547132,90.23,36.25,1295.25,first rest
2013-06-30 10:21:29.500,-13.875,-2.0,63.0,5.809375,0.545851,90.21,36.25,1295.5,first rest
2013-06-30 10:21:29.750,-13.889,-2.0,63.0,-26.923333,0.54329,90.19,36.25,1295.75,first rest
2013-06-30 10:21:30.000,-13.625,-2.0,63.0,23.9875,0.54329,90.17,36.25,1296.0,first rest
2013-06-30 10:21:30.250,-13.875,-2.0,63.0,-7.863125,0.54457,90.15,36.25,1296.25,first rest
2013-06-30 10:21:30.500,-13.625,-2.0,63.125,-13.872667,0.545851,90.12,36.25,1296.5,first rest
2013-06-30 10:21:30.750,-13.75,-2.0,63.0,23.8,0.54457,90.1,36.25,1296.75,first rest
2013-06-30 10:21:31.000,-13.75,-2.0,63.0,-8.76625,0.54329,90.07,36.25,1297.0,first rest
2013-06-30 10:21:31.250,-13.75,-2.0,63.0,18.036,0.547132,90.04,36.25,1297.25,first rest
2013-06-30 10:21:31.500,-13.75,-2.0,63.125,7.809375,0.545851,90.02,36.25,1297.5,first rest
2013-06-30 10:21:31.750,-13.625,-2.0,63.0,-32.602667,0.54457,89.99,36.25,1297.75,first rest
2013-06-30 10:21:32.000,-13.75,-2.0,63.0,22.094375,0.542009,89.97,36.23,1298.0,first rest
2013-06-30 10:21:32.250,-13.625,-2.0,63.125,-2.218125,0.545851,89.95,36.23,1298.25,first rest
2013-06-30 10:21:32.500,-13.875,-2.0,63.0,-18.196667,0.54457,89.93,36.23,1298.5,first rest
2013-06-30 10:21:32.750,-13.5,-2.0,63.125,17.498125,0.548412,89.91,36.23,1298.75,first rest
2013-06-30 10:21:33.000,-13.625,-2.0,63.125,-18.75625,0.542009,89.9,36.27,1299.0,first rest
2013-06-30 10:21:33.250,-13.75,-2.0,63.125,-3.073333,0.545851,89.89,36.27,1299.25,first rest
2013-06-30 10:21:33.500,-13.625,-2.0,63.0,15.25375,0.54457,89.88,36.27,1299.5,first rest
2013-06-30 10:21:33.750,-13.667,-2.0,63.0,-13.298667,0.54329,89.88,36.27,1299.75,first rest
2013-06-30 10:21:34.000,-13.75,-2.0,63.0,20.635625,0.540728,89.87,36.23,1300.0,first rest
2013-06-30 10:21:34.250,-13.375,-2.0,63.0,-1.900625,0.540728,89.86,36.23,1300.25,first rest
2013-06-30 10:21:34.500,-13.625,-2.0,63.0,-27.812,0.538167,89.86,36.23,1300.5,first rest
2013-06-30 10:21:34.750,-13.625,-2.0,63.0,20.255,0.536886,89.85,36.23,1300.75,first rest
2013-06-30 10:21:35.000,-13.375,-2.0,63.125,-9.36125,0.539447,89.85,36.23,1301.0,first rest
2013-06-30 10:21:35.250,-13.75,-2.0,63.0,-3.815333,0.535605,89.85,36.23,1301.25,first rest
2013-06-30 10:21:35.500,-13.875,-2.0,63.0,12.714375,0.536886,89.85,36.23,1301.5,first rest
2013-06-30 10:21:35.750,-13.75,-2.0,63.125,-24.872667,0.535605,89.85,36.23,1301.75,first rest
2013-06-30 10:21:36.000,-13.75,-2.0,63.125,10.38,0.535605,89.85,36.23,1302.0,first rest
2013-06-30 10:21:36.250,-13.75,-2.0,63.0,14.398125,0.533044,89.85,36.23,1302.25,first rest
2013-06-30 10:21:36.500,-13.75,-2.0,63.125,-11.709333,0.535605,89.85,36.23,1302.5,first rest
2013-06-30 10:21:36.750,-13.875,-2.0,63.0,21.404375,0.534325,89.85,36.23,1302.75,first rest
2013-06-30 10:21:37.000,-13.625,-2.0,63.0,-6.9925,0.534325,89.85,36.23,1303.0,first rest
2013-06-30 10:21:37.250,-13.5,-2.0,63.0,-8.068,0.533044,89.85,36.23,1303.25,first rest
2013-06-30 10:21:37.500,-13.778,-2.0,63.0,9.564375,0.533044,89.85,36.23,1303.5,first rest
2013-06-30 10:21:37.750,-13.875,-2.0,63.0,-27.168,0.531763,89.85,36.23,1303.75,first rest
2013-06-30 10:21:38.000,-13.625,-2.0,63.0,8.153125,0.533044,89.85,36.23,1304.0,first rest
2013-06-30 10:21:38.250,-13.75,-2.0,63.0,0.984375,0.530482,89.84,36.23,1304.25,first rest
2013-06-30 10:21:38.500,-13.5,-2.0,63.125,-32.358,0.530482,89.83,36.23,1304.5,first rest
2013-06-30 10:21:38.750,-13.75,-2.0,63.0,19.700625,0.530482,89.82,36.23,1304.75,first rest
2013-06-30 10:21:39.000,-13.625,-2.0,63.0,4.84,0.527921,89.82,36.25,1305.0,first rest
2013-06-30 10:21:39.250,-13.5,-2.0,63.125,1.596667,0.530482,89.82,36.25,1305.25,first rest
2013-06-30 10:21:39.500,-13.75,-2.0,63.0,17.375,0.533044,89.83,36.25,1305.5,first rest
2013-06-30 10:21:39.750,-13.75,-2.0,63.0,-20.027333,0.529202,89.84,36.25,1305.75,first rest
2013-06-30 10:21:40.000,-13.5,-2.0,63.25,13.110625,0.529202,89.85,36.23,1306.0,first rest
2013-06-30 10:21:40.250,-13.75,-2.0,63.0,1.460625,0.527921,89.85,36.23,1306.25,first rest
2013-06-30 10:21:40.500,-13.75,-2.0,63.0,-26.103333,0.529202,89.85,36.23,1306.5,first rest
2013-06-30 10:21:40.750,-13.5,-2.0,63.0,20.179375,0.52536,89.84,36.23,1306.75,first rest
2013-06-30 10:21:41.000,-13.625,-2.0,63.0,-6.459375,0.527921,89.83,36.23,1307.0,first rest
2013-06-30 10:21:41.250,-13.875,-2.0,63.0,-13.896,0.52536,89.82,36.23,1307.25,first rest
2013-06-30 10:21:41.500,-13.556,-2.0,63.0,12.435625,0.52664,89.81,36.23,1307.5,first rest
2013-06-30 10:21:41.750,-13.375,-2.0,63.0,-12.552667,0.52536,89.81,36.23,1307.75,first rest
2013-06-30 10:21:42.000,-13.75,-2.0,63.0,12.460625,0.52536,89.8,36.25,1308.0,first rest
2013-06-30 10:21:42.250,-13.5,-2.0,63.0,3.665625,0.527921,89.8,36.25,1308.25,first rest
2013-06-30 10:21:42.500,-13.625,-2.0,63.0,-22.136,0.530482,89.79,36.25,1308.5,first rest
2013-06-30 10:21:42.750,-13.625,-2.0,63.0,20.0925,0.527921,89.78,36.25,1308.75,first rest
2013-06-30 10:21:43.000,-13.625,-2.0,63.125,-10.436875,0.52536,89.75,36.23,1309.0,first rest
2013-06-30 10:21:43.250,-13.625,-2.0,63.0,-7.583333,0.524079,89.71,36.23,1309.25,first rest
2013-06-30 10:21:43.500,-14.0,-2.0,63.0,15.923125,0.522798,89.65,36.23,1309.5,first rest
2013-06-30 10:21:43.750,-13.625,-2.0,63.0,-24.67,0.521517,89.59,36.23,1309.75,first rest
2013-06-30 10:21:44.000,-13.75,-2.0,63.0,9.261875,0.522798,89.53,36.23,1310.0,first rest
2013-06-30 10:21:44.250,-14.0,-2.125,63.0,9.338125,0.520237,89.47,36.23,1310.25,first rest
2013-06-30 10:21:44.500,-13.5,-2.0,63.25,-27.240667,0.524079,89.42,36.23,1310.5,first rest
2013-06-30 10:21:44.750,-13.75,-2.0,63.0,23.91875,0.521517,89.37,36.23,1310.75,first rest
2013-06-30 10:21:45.000,-13.875,-2.0,63.0,11.220625,0.522798,89.32,36.23,1311.0,first rest
2013-06-30 10:21:45.250,-13.556,-2.0,63.0,-4.494667,0.521517,89.28,36.23,1311.25,first rest
2013-06-30 10:21:45.500,-13.625,-2.0,63.0,12.144375,0.521517,89.24,36.23,1311.5,first rest
2013-06-30 10:21:45.750,-13.625,-2.0,63.0,-25.185333,0.520237,89.19,36.23,1311.75,first rest
2013-06-30 10:21:46.000,-13.75,-2.0,63.125,10.098125,0.520237,89.15,36.25,1312.0,first rest
2013-06-30 10:21:46.250,-13.75,-2.0,63.0,11.414375,0.517675,89.1,36.25,1312.25,first rest
2013-06-30 10:21:46.500,-13.875,-2.0,63.0,-27.653333,0.521517,89.05,36.25,1312.5,first rest
2013-06-30 10:21:46.750,-13.5,-2.0,63.125,21.5275,0.521517,89.0,36.25,1312.75,first rest
2013-06-30 10:21:47.000,-13.625,-2.0,63.0,-1.769375,0.520237,88.95,36.23,1313.0,first rest
2013-06-30 10:21:47.250,-13.75,-2.0,63.0,-21.226,0.517675,88.9,36.23,1313.25,first rest
2013-06-30 10:21:47.500,-13.625,-2.0,63.0,15.910625,0.520237,88.86,36.23,1313.5,first rest
2013-06-30 10:21:47.750,-13.375,-2.0,63.0,-1.008,0.521517,88.82,36.23,1313.75,first rest
2013-06-30 10:21:48.000,-13.625,-2.0,63.0,12.26625,0.518956,88.78,36.25,1314.0,first rest
2013-06-30 10:21:48.250,-13.625,-2.0,63.0,9.195625,0.517675,88.74,36.25,1314.25,first rest
2013-06-30 10:21:48.500,-13.5,-2.0,63.0,-29.252,0.517675,88.7,36.25,1314.5,first rest
2013-06-30 10:21:48.750,-13.625,-2.0,63.125,15.14,0.517675,88.66,36.25,1314.75,first rest
2013-06-30 10:21:49.000,-13.625,-2.0,63.0,-2.046875,0.513833,88.62,36.27,1315.0,first rest
2013-06-30 10:21:49.250,-13.667,-2.0,63.0,-22.44,0.516395,88.58,36.27,1315.25,first rest
2013-06-30 10:21:49.500,-13.5,-2.0,63.0,14.9775,0.515114,88.54,36.27,1315.5,first rest
2013-06-30 10:21:49.750,-13.625,-2.0,63.0,-18.394,0.515114,88.51,36.27,1315.75,first rest
2013-06-30 10:21:50.000,-13.625,-2.0,63.0,-2.409375,0.515114,88.47,36.25,1316.0,first rest
2013-06-30 10:21:50.250,-13.625,-2.0,63.0,13.06625,0.516395,88.43,36.25,1316.25,first rest
2013-06-30 10:21:50.500,-13.625,-2.0,63.0,-12.964667,0.515114,88.4,36.25,1316.5,first rest
2013-06-30 10:21:50.750,-13.5,-2.0,63.0,25.7325,0.522798,88.36,36.25,1316.75,first rest
2013-06-30 10:21:51.000,-13.625,-2.0,63.125,-5.90125,0.517675,88.33,36.27,1317.0,first rest
2013-06-30 10:21:51.250,-13.625,-2.0,63.0,1.912,0.513833,88.3,36.27,1317.25,first rest
2013-06-30 10:21:51.500,-13.5,-2.0,63.0,7.759375,0.511272,88.27,36.27,1317.5,first rest
2013-06-30 10:21:51.750,-13.625,-2.0,63.125,-28.467333,0.511272,88.25,36.27,1317.75,first rest
2013-06-30 10:21:52.000,-13.625,-2.0,63.125,22.1775,0.511272,88.22,36.27,1318.0,first rest
2013-06-30 10:21:52.250,-13.5,-2.0,63.125,-4.77,0.511272,88.19,36.27,1318.25,first rest
2013-06-30 10:21:52.500,-13.625,-2.0,63.0,-9.288,0.509991,88.16,36.27,1318.5,first rest
2013-06-30 10:21:52.750,-13.625,-2.0,63.0,15.696875,0.512552,88.13,36.27,1318.75,first rest
2013-06-30 10:21:53.000,-14.0,-2.0,63.0,-8.44875,0.509991,88.1,36.29,1319.0,first rest
2013-06-30 10:21:53.250,-13.625,-2.0,63.0,28.708,0.50871,88.07,36.29,1319.25,first rest
2013-06-30 10:21:53.500,-13.75,-2.0,63.0,16.54375,0.50871,88.04,36.29,1319.5,first rest
2013-06-30 10:21:53.750,-13.625,-2.0,63.0,-15.222667,0.50871,88.01,36.29,1319.75,first rest
2013-06-30 10:21:54.000,-13.75,-2.0,63.0,1.053125,0.511272,87.98,36.27,1320.0,first rest
2013-06-30 10:21:54.250,-13.375,-2.0,63.0,-7.881875,0.509991,87.95,36.27,1320.25,first rest
2013-06-30 10:21:54.500,-13.625,-2.0,63.0,-3.689333,0.50871,87.93,36.27,1320.5,first rest
2013-06-30 10:21:54.750,-13.625,-2.0,63.0,9.725,0.50743,87.9,36.27,1320.75,first rest
2013-06-30 10:21:55.000,-13.5,-2.0,63.125,-15.49875,0.50743,87.88,36.27,1321.0,first rest
2013-06-30 10:21:55.250,-13.75,-2.0,63.125,-8.264,0.50743,87.85,36.27,1321.25,first rest
2013-06-30 10:21:55.500,-13.625,-2.0,63.125,6.02,0.506149,87.83,36.27,1321.5,first rest
2013-06-30 10:21:55.750,-13.5,-2.0,63.0,1.284,0.509991,87.8,36.27,1321.75,first rest
2013-06-30 10:21:56.000,-14.0,-2.0,63.0,9.9775,0.506149,87.78,36.33,1322.0,first rest
2013-06-30 10:21:56.250,-13.625,-2.0,63.125,8.75875,0.511272,87.76,36.33,1322.25,first rest
2013-06-30 10:21:56.500,-13.625,-2.0,63.0,-19.745333,0.509991,87.74,36.33,1322.5,first rest
2013-06-30 10:21:56.750,-13.5,-2.0,63.125,-28.250625,0.50743,87.72,36.33,1322.75,first rest
2013-06-30 10:21:57.000,-13.556,-2.0,63.0,26.1,0.506149,87.7,36.31,1323.0,first rest
2013-06-30 10:21:57.250,-13.25,-2.0,63.0,-10.319333,0.504868,87.68,36.31,1323.25,first rest
2013-06-30 10:21:57.500,-13.375,-2.0,63.125,-50.65375,0.504868,87.66,36.31,1323.5,first rest
2013-06-30 10:21:57.750,-13.625,-2.0,63.0,6.426,0.503587,87.64,36.31,1323.75,first rest
2013-06-30 10:21:58.000,-13.5,-2.0,63.125,-5.735,0.504868,87.62,36.29,1324.0,first rest
2013-06-30 10:21:58.250,-13.625,-2.0,63.125,-11.778125,0.502307,87.6,36.29,1324.25,first rest
2013-06-30 10:21:58.500,-13.5,-2.0,63.0,-3.212667,0.504868,87.57,36.29,1324.5,first rest
2013-06-30 10:21:58.750,-13.875,-2.0,63.0,-38.509375,0.503587,87.55,36.29,1324.75,first rest
2013-06-30 10:21:59.000,-13.75,-2.0,63.0,23.163125,0.502307,87.53,36.33,1325.0,first rest
2013-06-30 10:21:59.250,-13.75,-2.0,63.125,28.376667,0.503587,87.51,36.33,1325.25,first rest
2013-06-30 10:21:59.500,-13.75,-2.0,63.0,-17.88,0.503587,87.5,36.33,1325.5,first rest
2013-06-30 10:21:59.750,-13.625,-2.0,63.125,46.388667,0.499745,87.49,36.33,1325.75,first rest
2013-06-30 10:22:00.000,-13.625,-2.0,63.0,17.35,0.502307,87.47,36.34,1326.0,first rest
2013-06-30 10:22:00.250,-13.375,-2.0,63.125,-20.0575,0.502307,87.45,36.34,1326.25,first rest
2013-06-30 10:22:00.500,-13.5,-2.0,63.0,37.528,0.498465,87.42,36.34,1326.5,first rest
2013-06-30 10:22:00.750,-13.556,-2.0,63.111,21.92375,0.499745,87.4,36.34,1326.75,first rest
2013-06-30 10:22:01.000,-13.5,-2.0,63.0,-27.274375,0.501026,87.37,36.37,1327.0,first rest
2013-06-30 10:22:01.250,-13.5,-2.0,63.0,-4.182,0.503587,87.35,36.37,1327.25,first rest
2013-06-30 10:22:01.500,-13.5,-2.0,63.0,-9.331875,0.504868,87.32,36.37,1327.5,first rest
2013-06-30 10:22:01.750,-14.0,-2.0,63.0,-5.071333,0.504868,87.3,36.37,1327.75,first rest
2013-06-30 10:22:02.000,-13.75,-2.125,63.125,23.8075,0.501026,87.27,36.34,1328.0,first rest
2013-06-30 10:22:02.250,-13.625,-2.0,63.125,6.864375,0.506149,87.24,36.34,1328.25,first rest
2013-06-30 10:22:02.500,-13.625,-2.0,63.125,28.06,0.503587,87.2,36.34,1328.5,first rest
2013-06-30 10:22:02.750,-13.75,-2.0,63.0,5.3875,0.504868,87.17,36.34,1328.75,first rest
2013-06-30 10:22:03.000,-13.375,-2.0,63.0,-29.3925,0.501026,87.13,36.39,1329.0,first rest
2013-06-30 10:22:03.250,-13.75,-2.0,63.125,10.324,0.502307,87.09,36.39,1329.25,first rest
2013-06-30 10:22:03.500,-13.625,-2.0,63.0,-11.451875,0.502307,87.06,36.39,1329.5,first rest
2013-06-30 10:22:03.750,-13.75,-2.0,63.125,-32.968,0.502307,87.02,36.39,1329.75,first rest
2013-06-30 10:22:04.000,-13.5,-2.0,63.125,-5.05625,0.501026,86.98,36.37,1330.0,first rest
2013-06-30 10:22:04.250,-13.25,-2.0,63.0,-24.000625,0.499745,86.94,36.37,1330.25,first rest
2013-06-30 10:22:04.500,-13.75,-2.0,63.0,-1.352,0.501026,86.9,36.37,1330.5,first rest
2013-06-30 10:22:04.750,-13.667,-2.0,63.0,6.703125,0.498465,86.87,36.37,1330.75,first rest
2013-06-30 10:22:05.000,-13.625,-2.0,63.125,-16.128125,0.499745,86.83,36.41,1331.0,first rest
2013-06-30 10:22:05.250,-13.875,-2.0,63.0,46.474,0.498465,86.8,36.41,1331.25,first rest
2013-06-30 10:22:05.500,-13.5,-2.0,63.0,24.96,0.497184,86.76,36.41,1331.5,first rest
2013-06-30 10:22:05.750,-13.75,-2.0,63.0,-35.093333,0.499745,86.73,36.41,1331.75,first rest
2013-06-30 10:22:06.000,-13.625,-2.0,63.0,1.998125,0.498465,86.7,36.43,1332.0,first rest
2013-06-30 10:22:06.250,-13.375,-2.0,63.0,-1.380625,0.498465,86.67,36.43,1332.25,first rest
2013-06-30 10:22:06.500,-13.75,-2.0,63.0,43.056667,0.498465,86.64,36.43,1332.5,first rest
2013-06-30 10:22:06.750,-13.625,-2.0,63.0,-18.98875,0.503587,86.6,36.43,1332.75,first rest
2013-06-30 10:22:07.000,-13.5,-2.125,63.0,13.590625,0.502307,86.57,36.43,1333.0,first rest
2013-06-30 10:22:07.250,-13.75,-2.0,63.0,7.278,0.501026,86.54,36.43,1333.25,first rest
2013-06-30 10:22:07.500,-13.5,-2.0,63.0,-31.591875,0.497184,86.5,36.43,1333.5,first rest
2013-06-30 10:22:07.750,-13.75,-2.0,63.0,34.652667,0.493342,86.46,36.43,1333.75,first rest
2013-06-30 10:22:08.000,-13.75,-2.0,63.0,16.489375,0.497184,86.43,36.47,1334.0,first rest
2013-06-30 10:22:08.250,-13.5,-2.0,63.0,-39.48125,0.494622,86.4,36.47,1334.25,first rest
2013-06-30 10:22:08.500,-13.667,-2.0,63.111,27.877333,0.494622,86.37,36.47,1334.5,first rest
2013-06-30 10:22:08.750,-13.625,-2.0,63.0,21.4175,0.498465,86.33,36.47,1334.75,first rest
2013-06-30 10:22:09.000,-13.625,-2.125,63.0,-31.938125,0.497184,86.3,36.47,1335.0,first rest
2013-06-30 10:22:09.250,-13.5,-2.0,63.125,7.472,0.495903,86.26,36.47,1335.25,first rest
2013-06-30 10:22:09.500,-13.625,-2.0,63.0,23.075,0.494622,86.23,36.47,1335.5,first rest
2013-06-30 10:22:09.750,-13.5,-2.0,63.125,-10.485333,0.495903,86.19,36.47,1335.75,first rest
2013-06-30 10:22:10.000,-13.5,-2.0,63.0,-19.97125,0.493342,86.15,36.49,1336.0,first rest
2013-06-30 10:22:10.250,-13.875,-2.0,63.0,22.046875,0.497184,86.11,36.49,1336.25,first rest
2013-06-30 10:22:10.500,-13.625,-2.0,63.0,0.398,0.493342,86.07,36.49,1336.5,first rest
2013-06-30 10:22:10.750,-13.5,-2.0,63.0,-37.0525,0.495903,86.04,36.49,1336.75,first rest
2013-06-30 10:22:11.000,-13.5,-2.0,63.0,10.5225,0.492061,86.0,36.5,1337.0,first rest
2013-06-30 10:22:11.250,-13.5,-2.0,63.0,5.450667,0.492061,85.97,36.5,1337.25,first rest
2013-06-30 10:22:11.500,-13.75,-2.0,63.0,-20.725625,0.488219,85.93,36.5,1337.5,first rest
2013-06-30 10:22:11.750,-13.625,-2.0,63.125,-7.834,0.4895,85.9,36.5,1337.75,first rest
2013-06-30 10:22:12.000,-13.625,-2.0,63.0,21.58875,0.4895,85.87,36.53,1338.0,first rest
2013-06-30 10:22:12.250,-13.625,-2.0,63.0,-3.95375,0.485657,85.84,36.53,1338.25,first rest
2013-06-30 10:22:12.500,-13.667,-2.0,63.0,-32.606667,0.4895,85.8,36.53,1338.5,first rest
2013-06-30 10:22:12.750,-13.625,-2.0,63.0,18.68375,0.486938,85.76,36.53,1338.75,first rest
2013-06-30 10:22:13.000,-13.875,-2.0,63.0,0.369375,0.485657,85.73,36.53,1339.0,first rest
2013-06-30 10:22:13.250,-13.75,-2.0,63.25,-49.217333,0.486938,85.7,36.53,1339.25,first rest
2013-06-30 10:22:13.500,-13.75,-2.0,63.0,21.15375,0.49078,85.66,36.53,1339.5,first rest
2013-06-30 10:22:13.750,-13.875,-2.0,63.0,15.065333,0.488219,85.63,36.53,1339.75,first rest
2013-06-30 10:22:14.000,-13.625,-2.0,63.125,-37.00375,0.49078,85.6,36.55,1340.0,first rest
2013-06-30 10:22:14.250,-13.625,-2.0,63.0,27.26875,0.4895,85.57,36.55,1340.25,first rest
2013-06-30 10:22:14.500,-13.625,-2.0,63.0,19.516,0.49078,85.54,36.55,1340.5,first rest
2013-06-30 10:22:14.750,-13.875,-2.0,63.0,-32.451875,0.49078,85.5,36.55,1340.75,first rest
2013-06-30 10:22:15.000,-13.5,-2.0,63.0,25.783125,0.49078,85.47,36.57,1341.0,first rest
2013-06-30 10:22:15.250,-13.875,-2.125,63.0,19.536667,0.486938,85.44,36.57,1341.25,first rest
2013-06-30 10:22:15.500,-13.375,-2.0,63.0,-29.918125,0.483096,85.4,36.57,1341.5,first rest
2013-06-30 10:22:15.750,-13.625,-2.0,63.0,26.331333,0.486938,85.36,36.57,1341.75,first rest
2013-06-30 10:22:16.000,-13.875,-2.0,63.0,11.37375,0.480535,85.33,36.59,1342.0,first rest
2013-06-30 10:22:16.250,-13.778,-2.0,63.0,-37.4275,0.484377,85.3,36.59,1342.25,first rest
2013-06-30 10:22:16.500,-13.75,-2.0,63.0,22.088,0.481815,85.26,36.59,1342.5,first rest
2013-06-30 10:22:16.750,-13.5,-2.0,63.125,16.421875,0.485657,85.23,36.59,1342.75,first rest
2013-06-30 10:22:17.000,-13.625,-2.0,63.0,-22.679375,0.481815,85.2,36.59,1343.0,first rest
2013-06-30 10:22:17.250,-13.625,-2.0,63.0,24.949333,0.481815,85.17,36.59,1343.25,first rest
2013-06-30 10:22:17.500,-13.625,-2.0,63.0,4.4825,0.483096,85.14,36.59,1343.5,first rest
2013-06-30 10:22:17.750,-13.75,-2.0,63.0,-34.784,0.481815,85.1,36.59,1343.75,first rest
2013-06-30 10:22:18.000,-13.625,-2.0,63.0,22.5225,0.480535,85.07,36.59,1344.0,first rest
2013-06-30 10:22:18.250,-13.5,-2.125,63.0,5.326875,0.480535,85.04,36.59,1344.25,first rest
2013-06-30 10:22:18.500,-13.625,-2.0,63.0,-30.250667,0.480535,85.0,36.59,1344.5,first rest
2013-06-30 10:22:18.750,-13.375,-2.0,63.0,27.6625,0.485657,84.96,36.59,1344.75,first rest
2013-06-30 10:22:19.000,-13.75,-2.0,63.0,11.653125,0.480535,84.93,36.61,1345.0,first rest
2013-06-30 10:22:19.250,-13.625,-2.0,63.0,-38.766,0.479254,84.9,36.61,1345.25,first rest
2013-06-30 10:22:19.500,-13.875,-2.0,63.0,26.403125,0.480535,84.86,36.61,1345.5,first rest
2013-06-30 10:22:19.750,-13.375,-2.0,63.0,12.986,0.479254,84.83,36.61,1345.75,first rest
2013-06-30 10:22:20.000,-13.75,-2.0,63.0,-37.626875,0.477973,84.8,36.63,1346.0,first rest
2013-06-30 10:22:20.250,-13.556,-2.0,63.0,15.941875,0.476692,84.77,36.63,1346.25,first rest
2013-06-30 10:22:20.500,-13.5,-2.125,63.0,7.465333,0.475412,84.74,36.63,1346.5,first rest
2013-06-30 10:22:20.750,-13.75,-2.0,63.0,-33.89375,0.477973,84.71,36.63,1346.75,first rest
2013-06-30 10:22:21.000,-13.625,-2.0,63.0,21.198125,0.476692,84.68,36.61,1347.0,first rest
2013-06-30 10:22:21.250,-13.5,-2.0,63.0,21.855333,0.476692,84.65,36.61,1347.25,first rest
2013-06-30 10:22:21.500,-13.625,-2.0,63.0,-19.029375,0.475412,84.62,36.61,1347.5,first rest
2013-06-30 10:22:21.750,-13.625,-2.0,63.0,24.220667,0.476692,84.58,36.61,1347.75,first rest
2013-06-30 10:22:22.000,-13.375,-2.0,63.125,-0.52125,0.474131,84.55,36.63,1348.0,first rest
2013-06-30 10:22:22.250,-13.75,-2.0,63.0,-36.37,0.477973,84.52,36.63,1348.25,first rest
2013-06-30 10:22:22.500,-13.625,-2.0,63.0,23.153333,0.475412,84.49,36.63,1348.5,first rest
2013-06-30 10:22:22.750,-13.75,-2.0,63.0,-4.995,0.475412,84.45,36.63,1348.75,first rest
2013-06-30 10:22:23.000,-13.625,-2.0,63.0,-22.94,0.475412,84.42,36.66,1349.0,first rest
2013-06-30 10:22:23.250,-13.625,-2.0,63.0,24.396,0.476692,84.39,36.66,1349.25,first rest
2013-06-30 10:22:23.500,-13.625,-2.0,63.125,0.628125,0.474131,84.35,36.66,1349.5,first rest
2013-06-30 10:22:23.750,-13.625,-2.0,63.0,-26.84,0.47285,84.31,36.66,1349.75,first rest
2013-06-30 10:22:24.000,-13.556,-2.0,63.0,21.124375,0.47285,84.28,36.65,1350.0,first rest
2013-06-30 10:22:24.250,-13.5,-2.0,63.0,0.08875,0.469008,84.25,36.65,1350.25,first rest
2013-06-30 10:22:24.500,-13.625,-2.0,63.0,-22.518,0.474131,84.21,36.65,1350.5,first rest
2013-06-30 10:22:24.750,-13.5,-2.0,63.125,33.536875,0.47157,84.18,36.65,1350.75,first rest
2013-06-30 10:22:25.000,-13.625,-2.0,63.0,10.92375,0.474131,84.15,36.66,1351.0,first rest
2013-06-30 10:22:25.250,-13.625,-2.0,63.0,-5.788,0.47157,84.12,36.66,1351.25,first rest
2013-06-30 10:22:25.500,-13.625,-2.0,63.25,18.905,0.47285,84.09,36.66,1351.5,first rest
2013-06-30 10:22:25.750,-13.875,-2.0,63.0,-12.848,0.47285,84.06,36.66,1351.75,first rest
2013-06-30 10:22:26.000,-13.5,-2.0,63.0,-18.705625,0.47157,84.03,36.68,1352.0,first rest
2013-06-30 10:22:26.250,-13.5,-2.0,63.0,19.316875,0.470289,84.01,36.68,1352.25,first rest
2013-06-30 10:22:26.500,-13.875,-2.125,63.0,-9.539333,0.47285,83.99,36.68,1352.5,first rest
2013-06-30 10:22:26.750,-13.625,-2.0,63.0,-19.35375,0.47157,83.97,36.68,1352.75,first rest
2013-06-30 10:22:27.000,-13.625,-2.0,63.0,16.36125,0.47157,83.95,36.66,1353.0,first rest
2013-06-30 10:22:27.250,-13.625,-2.0,63.0,-8.481333,0.470289,83.93,36.66,1353.25,first rest
2013-06-30 10:22:27.500,-13.625,-2.0,63.125,-34.540625,0.470289,83.91,36.66,1353.5,first rest
2013-06-30 10:22:27.750,-13.5,-2.0,63.0,22.166667,0.47157,83.9,36.66,1353.75,first rest
2013-06-30 10:22:28.000,-13.667,-2.0,63.0,17.80375,0.467727,83.88,36.68,1354.0,first rest
2013-06-30 10:22:28.250,-13.5,-2.0,63.125,-10.835,0.467727,83.87,36.68,1354.25,first rest
2013-06-30 10:22:28.500,-14.0,-2.0,63.0,21.780667,0.466447,83.85,36.68,1354.5,first rest
2013-06-30 10:22:28.750,-13.875,-2.125,63.0,-8.159375,0.466447,83.84,36.68,1354.75,first rest
2013-06-30 10:22:29.000,-13.5,-2.125,63.0,-32.116875,0.467727,83.83,36.68,1355.0,first rest
2013-06-30 10:22:29.250,-13.375,-2.0,63.0,21.133333,0.469008,83.82,36.68,1355.25,first rest
2013-06-30 10:22:29.500,-13.5,-2.0,63.0,-2.0425,0.465166,83.81,36.68,1355.5,first rest
2013-06-30 10:22:29.750,-13.75,-2.0,63.0,-35.144667,0.465166,83.81,36.68,1355.75,first rest
2013-06-30 10:22:30.000,-13.875,-2.0,63.0,19.784375,0.467727,83.8,36.71,1356.0,first rest
2013-06-30 10:22:30.250,-13.375,-2.0,63.0,-3.25625,0.466447,83.79,36.71,1356.25,first rest
2013-06-30 10:22:30.500,-13.625,-2.0,63.0,-36.362667,0.466447,83.79,36.71,1356.5,first rest
2013-06-30 10:22:30.750,-13.5,-2.0,63.125,32.30875,0.467727,83.78,36.71,1356.75,first rest
2013-06-30 10:22:31.000,-13.5,-2.0,63.0,18.799375,0.466447,83.78,36.68,1357.0,first rest
2013-06-30 10:22:31.250,-13.25,-2.0,63.0,-6.995333,0.466447,83.78,36.68,1357.25,first rest
2013-06-30 10:22:31.500,-13.875,-2.125,63.0,31.593125,0.469008,83.78,36.68,1357.5,first rest
2013-06-30 10:22:31.750,-13.444,-2.0,63.0,-12.049333,0.467727,83.77,36.68,1357.75,first rest
2013-06-30 10:22:32.000,-13.875,-2.0,63.0,-19.045,0.465166,83.77,36.68,1358.0,first rest
2013-06-30 10:22:32.250,-13.75,-2.0,63.125,29.385625,0.462605,83.76,36.68,1358.25,first rest
2013-06-30 10:22:32.500,-13.625,-2.0,63.0,-10.594,0.463885,83.75,36.68,1358.5,first rest
2013-06-30 10:22:32.750,-13.625,-2.0,63.0,-12.086875,0.466447,83.74,36.68,1358.75,first rest
2013-06-30 10:22:33.000,-13.75,-2.0,63.0,32.3625,0.465166,83.73,36.68,1359.0,first rest
2013-06-30 10:22:33.250,-13.75,-2.0,63.0,-1.108667,0.467727,83.72,36.68,1359.25,first rest
2013-06-30 10:22:33.500,-13.625,-2.125,63.0,-38.920625,0.467727,83.7,36.68,1359.5,first rest
2013-06-30 10:22:33.750,-13.5,-2.0,63.0,24.959333,0.467727,83.69,36.68,1359.75,first rest
2013-06-30 10:22:34.000,-13.625,-2.0,63.0,7.719375,0.467727,83.67,36.68,1360.0,first rest
2013-06-30 10:22:34.250,-13.5,-2.0,63.0,-41.483125,0.463885,83.65,36.68,1360.25,first rest
2013-06-30 10:22:34.500,-13.5,-2.0,63.0,23.469333,0.469008,83.63,36.68,1360.5,first rest
2013-06-30 10:22:34.750,-13.625,-2.0,63.0,27.151875,0.465166,83.61,36.68,1360.75,first rest
2013-06-30 10:22:35.000,-13.875,-2.0,63.0,-21.066875,0.467727,83.58,36.68,1361.0,first rest
2013-06-30 10:22:35.250,-13.625,-2.0,63.125,21.860667,0.465166,83.55,36.68,1361.25,first rest
2013-06-30 10:22:35.500,-13.875,-2.0,63.0,3.356875,0.465166,83.53,36.68,1361.5,first rest
2013-06-30 10:22:35.750,-13.556,-2.0,63.0,-42.696667,0.462605,83.5,36.68,1361.75,first rest
2013-06-30 10:22:36.000,-13.625,-2.0,63.0,17.0325,0.462605,83.47,36.66,1362.0,first rest
2013-06-30 10:22:36.250,-13.375,-2.125,63.0,6.01375,0.460043,83.44,36.66,1362.25,first rest
2013-06-30 10:22:36.500,-13.625,-2.0,63.0,-47.218667,0.460043,83.41,36.66,1362.5,first rest
2013-06-30 10:22:36.750,-13.75,-2.0,63.0,17.878125,0.460043,83.38,36.66,1362.75,first rest
2013-06-30 10:22:37.000,-13.375,-2.0,63.25,9.45875,0.460043,83.35,36.68,1363.0,first rest
2013-06-30 10:22:37.250,-13.5,-2.0,63.125,-35.262,0.462605,83.32,36.68,1363.25,first rest
2013-06-30 10:22:37.500,-13.75,-2.0,63.0,29.91625,0.461324,83.28,36.68,1363.5,first rest
2013-06-30 10:22:37.750,-13.375,-2.0,63.0,21.876,0.462605,83.26,36.68,1363.75,first rest
2013-06-30 10:22:38.000,-13.625,-2.0,63.125,-21.809375,0.460043,83.23,36.68,1364.0,first rest
2013-06-30 10:22:38.250,-13.75,-2.0,63.0,32.055,0.462605,83.21,36.68,1364.25,first rest
2013-06-30 10:22:38.500,-13.625,-2.0,63.0,-2.636,0.460043,83.19,36.68,1364.5,first rest
2013-06-30 10:22:38.750,-13.5,-2.0,63.125,-42.684375,0.461324,83.17,36.68,1364.75,first rest
2013-06-30 10:22:39.000,-13.75,-2.0,63.0,28.6025,0.457482,83.15,36.68,1365.0,first rest
2013-06-30 10:22:39.250,-13.75,-2.0,63.0,3.857333,0.461324,83.12,36.68,1365.25,first rest
2013-06-30 10:22:39.500,-13.667,-2.0,63.0,-43.075625,0.458762,83.08,36.68,1365.5,first rest
2013-06-30 10:22:39.750,-13.625,-2.0,63.125,23.674667,0.457482,83.04,36.68,1365.75,first rest
2013-06-30 10:22:40.000,-13.625,-2.0,63.125,5.16,0.458762,83.0,36.66,1366.0,first rest
2013-06-30 10:22:40.250,-13.625,-2.0,63.0,-22.365,0.460043,82.97,36.66,1366.25,first rest
2013-06-30 10:22:40.500,-13.5,-2.0,63.125,36.170667,0.458762,82.94,36.66,1366.5,first rest
2013-06-30 10:22:40.750,-13.875,-2.0,63.0,11.43375,0.458762,82.92,36.66,1366.75,first rest
2013-06-30 10:22:41.000,-13.625,-2.0,63.0,-9.27125,0.461324,82.9,36.66,1367.0,first rest
2013-06-30 10:22:41.250,-13.875,-2.25,63.125,21.058667,0.45492,82.88,36.66,1367.25,first rest
2013-06-30 10:22:41.500,-13.875,-2.0,63.0,-18.3775,0.457482,82.86,36.66,1367.5,first rest
2013-06-30 10:22:41.750,-14.0,-2.0,63.0,-15.741333,0.458762,82.84,36.66,1367.75,first rest
2013-06-30 10:22:42.000,-14.25,-2.0,63.0,23.195,0.457482,82.82,36.66,1368.0,first rest
2013-06-30 10:22:42.250,-14.25,-2.125,63.0,-13.375625,0.45492,82.8,36.66,1368.25,first rest
2013-06-30 10:22:42.500,-14.25,-2.25,62.875,-14.266,0.456201,82.78,36.66,1368.5,first rest
2013-06-30 10:22:42.750,-14.25,-2.125,63.125,22.5875,0.456201,82.77,36.66,1368.75,first rest
2013-06-30 10:22:43.000,-14.25,-2.125,63.0,-13.06125,0.456201,82.77,36.66,1369.0,first rest
2013-06-30 10:22:43.250,-14.0,-2.125,63.0,-31.868667,0.45364,82.79,36.66,1369.25,first rest
2013-06-30 10:22:43.500,-13.778,-2.0,63.0,24.558125,0.45492,82.82,36.66,1369.5,first rest
2013-06-30 10:22:43.750,-13.5,-2.125,63.0,11.912,0.45492,82.86,36.66,1369.75,first rest
2013-06-30 10:22:44.000,-13.5,-2.0,63.125,-6.39125,0.45492,82.9,36.65,1370.0,first rest
2013-06-30 10:22:44.250,-13.625,-2.0,63.125,30.0175,0.45364,82.94,36.65,1370.25,first rest
2013-06-30 10:22:44.500,-14.25,-2.25,62.875,-3.644667,0.45492,82.97,36.65,1370.5,first rest
2013-06-30 10:22:44.750,-14.0,-2.125,63.125,-21.45625,0.452359,83.0,36.65,1370.75,first rest
2013-06-30 10:22:45.000,-14.0,-2.0,63.0,19.6275,0.45364,83.03,36.65,1371.0,first rest
2013-06-30 10:22:45.250,-14.0,-2.0,63.0,-15.817333,0.456201,83.05,36.65,1371.25,first rest
2013-06-30 10:22:45.500,-14.125,-2.0,63.0,-16.595625,0.456201,83.08,36.65,1371.5,first rest
2013-06-30 10:22:45.750,-13.75,-2.125,63.0,18.828,0.457482,83.1,36.65,1371.75,first rest
2013-06-30 10:22:46.000,-13.0,-2.0,63.25,-15.604375,0.45364,83.13,36.66,1372.0,first rest
2013-06-30 10:22:46.250,-14.5,-2.125,62.75,-29.184375,0.451078,83.16,36.66,1372.25,first rest
2013-06-30 10:22:46.500,-13.875,-2.0,63.0,25.111333,0.449797,83.2,36.66,1372.5,first rest
2013-06-30 10:22:46.750,-13.875,-2.0,63.125,5.44625,0.449797,83.24,36.66,1372.75,first rest
2013-06-30 10:22:47.000,-13.625,-2.125,63.0,-4.61,0.451078,83.27,36.66,1373.0,first rest
2013-06-30 10:22:47.250,-14.222,-2.111,62.667,27.411333,0.451078,83.3,36.66,1373.25,first rest
2013-06-30 10:22:47.500,-14.25,-2.125,63.0,-6.53375,0.45364,83.33,36.66,1373.5,first rest
2013-06-30 10:22:47.750,-14.625,-2.125,63.0,-21.556,0.45364,83.35,36.66,1373.75,first rest
2013-06-30 10:22:48.000,-14.375,-2.5,63.0,19.593125,0.449797,83.38,36.71,1374.0,first rest
2013-06-30 10:22:48.250,-14.75,-2.125,63.0,-15.319375,0.451078,83.41,36.71,1374.25,first rest
2013-06-30 10:22:48.500,-15.0,-2.0,62.75,-20.986,0.451078,83.43,36.71,1374.5,first rest
2013-06-30 10:22:48.750,-13.75,-2.125,63.0,25.41875,0.448517,83.46,36.71,1374.75,first rest
2013-06-30 10:22:49.000,-13.375,-2.0,63.5,-18.37375,0.447236,83.48,36.71,1375.0,first rest
2013-06-30 10:22:49.250,-13.375,-2.0,63.25,-24.98,0.451078,83.5,36.71,1375.25,first rest
2013-06-30 10:22:49.500,-13.25,-2.0,63.25,26.589375,0.447236,83.53,36.71,1375.5,first rest
2013-06-30 10:22:49.750,-13.625,-2.125,63.25,2.809333,0.451078,83.55,36.71,1375.75,first rest
2013-06-30 10:22:50.000,-14.0,-2.125,63.0,6.955,0.447236,83.57,36.66,1376.0,first rest
2013-06-30 10:22:50.250,-14.0,-2.0,63.0,27.115,0.448517,83.59,36.66,1376.25,first rest
2013-06-30 10:22:50.500,-14.5,-2.0,63.0,-23.429333,0.449797,83.6,36.66,1376.5,first rest
2013-06-30 10:22:50.750,-14.875,-2.0,63.0,6.303125,0.449797,83.62,36.66,1376.75,first rest
2013-06-30 10:22:51.000,-15.75,-2.25,62.5,13.16375,0.449797,83.63,36.68,1377.0,first rest
2013-06-30 10:22:51.250,-16.0,-2.667,62.444,-38.596,0.447236,83.64,36.68,1377.25,first rest
2013-06-30 10:22:51.500,-16.0,-2.75,62.25,19.579375,0.448517,83.65,36.68,1377.5,first rest
2013-06-30 10:22:51.750,-16.0,-2.75,62.125,10.698,0.445955,83.66,36.68,1377.75,first rest
2013-06-30 10:22:52.000,-15.75,-2.75,62.5,-41.900625,0.448517,83.67,36.68,1378.0,first rest
2013-06-30 10:22:52.250,-15.125,-2.5,62.5,12.444375,0.447236,83.67,36.68,1378.25,first rest
2013-06-30 10:22:52.500,-14.375,-2.625,62.875,15.294667,0.451078,83.68,36.68,1378.5,first rest
2013-06-30 10:22:52.750,-14.125,-2.0,63.125,-29.163125,0.444675,83.68,36.68,1378.75,first rest
2013-06-30 10:22:53.000,-13.75,-2.0,63.0,33.4925,0.448517,83.68,36.75,1379.0,first rest
2013-06-30 10:22:53.250,-13.625,-2.0,63.125,19.254667,0.445955,83.68,36.75,1379.25,first rest
2013-06-30 10:22:53.500,-13.625,-2.0,63.125,-22.403125,0.445955,83.69,36.75,1379.5,first rest
2013-06-30 10:22:53.750,-13.875,-2.0,63.0,23.307333,0.447236,83.69,36.75,1379.75,first rest
2013-06-30 10:22:54.000,-13.75,-2.0,63.0,-7.393125,0.442113,83.7,36.71,1380.0,first rest
2013-06-30 10:22:54.250,-13.75,-2.0,63.0,-31.640625,0.444675,83.7,36.71,1380.25,first rest
2013-06-30 10:22:54.500,-13.625,-2.0,63.0,24.076,0.443394,83.71,36.71,1380.5,first rest
2013-06-30 10:22:54.750,-14.0,-2.0,63.0,-7.9475,0.443394,83.7,36.71,1380.75,first rest
2013-06-30 10:22:55.000,-14.0,-2.0,63.0,-26.25,0.443394,83.7,36.77,1381.0,first rest
2013-06-30 10:22:55.250,-14.0,-2.0,63.0,20.192667,0.447236,83.69,36.77,1381.25,first rest
2013-06-30 10:22:55.500,-14.0,-2.125,63.0,-7.025625,0.443394,83.68,36.77,1381.5,first rest
2013-06-30 10:22:55.750,-12.75,-2.0,63.25,-9.060667,0.442113,83.68,36.77,1381.75,first rest
2013-06-30 10:22:56.000,-13.125,-2.0,63.25,39.711875,0.442113,83.67,36.77,1382.0,first rest
2013-06-30 10:22:56.250,-13.625,-2.0,63.0,-1.364375,0.439552,83.67,36.77,1382.25,first rest
2013-06-30 10:22:56.500,-13.5,-2.0,63.0,19.704,0.443394,83.67,36.77,1382.5,first rest
2013-06-30 10:22:56.750,-13.875,-2.25,63.125,9.92,0.440832,83.67,36.77,1382.75,first rest
2013-06-30 10:22:57.000,-13.375,-2.0,63.0,-38.18375,0.443394,83.68,36.77,1383.0,first rest
2013-06-30 10:22:57.250,-13.25,-2.125,63.125,22.251333,0.440832,83.68,36.77,1383.25,first rest
2013-06-30 10:22:57.500,-13.125,-2.0,63.0,13.805,0.444675,83.69,36.77,1383.5,first rest
2013-06-30 10:22:57.750,-13.0,-2.0,63.0,-37.27,0.443394,83.69,36.77,1383.75,first rest
2013-06-30 10:22:58.000,-13.25,-2.0,63.0,14.038125,0.445955,83.7,36.77,1384.0,first rest
2013-06-30 10:22:58.250,-13.0,-2.125,63.125,6.015,0.444675,83.71,36.77,1384.25,first rest
2013-06-30 10:22:58.500,-13.125,-2.0,63.0,-35.178667,0.442113,83.71,36.77,1384.5,first rest
2013-06-30 10:22:58.750,-13.375,-2.125,63.0,15.525,0.444675,83.72,36.77,1384.75,first rest
2013-06-30 10:22:59.000,-13.0,-2.0,63.222,25.06,0.443394,83.72,36.79,1385.0,first rest
2013-06-30 10:22:59.250,-12.75,-2.25,63.375,-15.960667,0.444675,83.72,36.79,1385.25,first rest
2013-06-30 10:22:59.500,-12.5,-2.0,63.375,18.679375,0.442113,83.72,36.79,1385.5,first rest
2013-06-30 10:22:59.750,-13.875,-2.125,63.0,5.368,0.444675,83.72,36.79,1385.75,first rest
2013-06-30 10:23:00.000,-15.0,-2.125,62.875,-38.3025,0.442113,83.72,36.81,1386.0,first rest
2013-06-30 10:23:00.250,-12.625,-2.5,63.625,4.344375,0.445955,83.72,36.81,1386.25,first rest
2013-06-30 10:23:00.500,-12.25,-2.875,63.375,11.6,0.442113,83.73,36.81,1386.5,first rest
2013-06-30 10:23:00.750,-13.875,-2.875,62.5,-30.75875,0.442113,83.74,36.81,1386.75,first rest
2013-06-30 10:23:01.000,-2.875,-4.25,64.75,-10.85125,0.444675,83.75,36.81,1387.0,first rest
2013-06-30 10:23:01.250,3.625,-3.75,63.625,9.400667,0.442113,83.76,36.81,1387.25,first rest
2013-06-30 10:23:01.500,5.0,-2.875,64.0,-23.9825,0.444675,83.76,36.81,1387.5,first rest
2013-06-30 10:23:01.750,-1.375,-3.25,63.875,-7.224667,0.442113,83.77,36.81,1387.75,first rest
2013-06-30 10:23:02.000,-0.25,-3.5,64.625,30.39125,0.444675,83.78,36.79,1388.0,first rest
2013-06-30 10:23:02.250,-3.125,-3.625,64.5,-17.2575,0.440832,83.79,36.79,1388.25,first rest
2013-06-30 10:23:02.500,-1.125,-3.0,64.5,15.768,0.439552,83.8,36.79,1388.5,first rest
2013-06-30 10:23:02.750,0.667,-3.0,64.444,12.615,0.439552,83.81,36.79,1388.75,first rest
2013-06-30 10:23:03.000,4.5,-3.0,64.0,-45.8975,0.440832,83.82,36.79,1389.0,first rest
2013-06-30 10:23:03.250,6.25,-3.0,64.0,31.190667,0.440832,83.83,36.79,1389.25,first rest
2013-06-30 10:23:03.500,5.875,-3.0,64.0,22.95,0.440832,83.83,36.79,1389.5,first rest
2013-06-30 10:23:03.750,6.75,-3.0,64.0,-41.687333,0.439552,83.83,36.79,1389.75,first rest
2013-06-30 10:23:04.000,6.25,-3.0,64.0,29.73875,0.439552,83.83,36.81,1390.0,first rest
2013-06-30 10:23:04.250,6.375,-3.0,64.0,15.828125,0.440832,83.83,36.81,1390.25,first rest
2013-06-30 10:23:04.500,5.0,-3.0,64.0,-35.598667,0.438271,83.83,36.81,1390.5,first rest
2013-06-30 10:23:04.750,5.125,-3.0,64.0,37.664375,0.438271,83.83,36.81,1390.75,first rest
2013-06-30 10:23:05.000,4.5,-3.0,64.0,22.6125,0.438271,83.83,36.79,1391.0,first rest
2013-06-30 10:23:05.250,4.75,-3.0,64.0,-16.15,0.438271,83.83,36.79,1391.25,first rest
2013-06-30 10:23:05.500,2.0,-3.125,64.375,26.12,0.43699,83.83,36.79,1391.5,first rest
2013-06-30 10:23:05.750,1.875,-3.0,64.375,-10.060667,0.438271,83.83,36.79,1391.75,first rest
2013-06-30 10:23:06.000,2.25,-3.0,64.375,-22.76625,0.438271,83.83,36.77,1392.0,first rest
2013-06-30 10:23:06.250,2.25,-3.0,64.5,20.3625,0.440832,83.82,36.77,1392.25,first rest
2013-06-30 10:23:06.500,2.125,-3.0,64.5,-9.057333,0.438271,83.82,36.77,1392.5,first rest
2013-06-30 10:23:06.750,2.222,-3.0,64.778,-14.213125,0.43699,83.81,36.77,1392.75,first rest
2013-06-30 10:23:07.000,2.25,-3.0,64.625,15.5975,0.438271,83.8,36.79,1393.0,first rest
2013-06-30 10:23:07.250,2.0,-3.0,64.25,-17.351333,0.43571,83.79,36.79,1393.25,first rest
2013-06-30 10:23:07.500,2.0,-3.0,64.875,-24.626875,0.442113,83.79,36.79,1393.5,first rest
2013-06-30 10:23:07.750,1.875,-3.0,64.25,17.71,0.439552,83.78,36.79,1393.75,first rest
2013-06-30 10:23:08.000,1.375,-3.0,64.5,-2.073125,0.439552,83.78,36.77,1394.0,first rest
2013-06-30 10:23:08.250,1.375,-3.0,64.5,-4.880625,0.43699,83.78,36.77,1394.25,first rest
2013-06-30 10:23:08.500,1.5,-3.0,64.5,22.884,0.438271,83.78,36.77,1394.5,first rest
2013-06-30 10:23:08.750,1.625,-3.0,64.25,-10.578125,0.434429,83.78,36.77,1394.75,first rest
2013-06-30 10:23:09.000,1.875,-3.0,64.75,-7.265,0.43571,83.78,36.77,1395.0,first rest
2013-06-30 10:23:09.250,1.75,-3.0,64.25,9.343333,0.43699,83.78,36.77,1395.25,first rest
2013-06-30 10:23:09.500,1.875,-3.0,64.375,-31.708125,0.43699,83.78,36.77,1395.5,first rest
2013-06-30 10:23:09.750,1.625,-3.0,64.875,-0.956667,0.43699,83.78,36.77,1395.75,first rest
2013-06-30 10:23:10.000,2.0,-3.0,64.375,20.54125,0.434429,83.78,36.77,1396.0,first rest
2013-06-30 10:23:10.250,2.0,-3.0,64.5,-31.721875,0.438271,83.78,36.77,1396.25,first rest
2013-06-30 10:23:10.500,2.0,-3.0,64.111,-2.248667,0.43699,83.79,36.77,1396.5,first rest
2013-06-30 10:23:10.750,2.0,-3.0,64.5,20.246875,0.43699,83.79,36.77,1396.75,first rest
2013-06-30 10:23:11.000,2.0,-3.0,64.5,-24.904375,0.43699,83.8,36.77,1397.0,first rest
2013-06-30 10:23:11.250,2.0,-3.0,64.625,25.657333,0.439552,83.8,36.77,1397.25,first rest
2013-06-30 10:23:11.500,2.0,-3.0,64.625,29.75625,0.43699,83.81,36.77,1397.5,first rest
2013-06-30 10:23:11.750,2.0,-3.0,64.5,-20.43,0.43571,83.8,36.77,1397.75,first rest
2013-06-30 10:23:12.000,2.0,-3.0,64.375,32.488125,0.43699,83.8,36.75,1398.0,first rest
2013-06-30 10:23:12.250,2.0,-3.0,64.75,-0.861875,0.43699,83.79,36.75,1398.25,first rest
2013-06-30 10:23:12.500,1.75,-3.0,64.375,-39.748,0.43571,83.78,36.75,1398.5,first rest
2013-06-30 10:23:12.750,2.0,-3.0,64.875,30.579375,0.438271,83.78,36.75,1398.75,first rest
2013-06-30 10:23:13.000,1.75,-3.0,64.625,0.646875,0.434429,83.78,36.75,1399.0,first rest
2013-06-30 10:23:13.250,1.375,-2.875,64.75,-28.591333,0.440832,83.79,36.75,1399.25,first rest
2013-06-30 10:23:13.500,2.375,-3.0,64.5,23.800625,0.440832,83.82,36.75,1399.5,first rest
2013-06-30 10:23:13.750,3.0,-3.125,64.125,-9.069333,0.440832,83.84,36.75,1399.75,first rest
2013-06-30 10:23:14.000,3.25,-3.0,64.125,-26.125,0.39985,83.87,36.75,1400.0,first rest
2013-06-30 10:23:14.250,4.25,-3.0,64.125,24.43625,0.407534,83.89,36.75,1400.25,first rest
2013-06-30 10:23:14.500,5.556,-3.0,64.111,3.968,0.447236,83.91,36.75,1400.5,first rest
2013-06-30 10:23:14.750,5.25,-2.875,64.125,9.8275,0.448517,83.93,36.75,1400.75,first rest
2013-06-30 10:23:15.000,6.5,-3.125,64.25,22.7,0.452359,83.95,36.73,1401.0,first rest
2013-06-30 10:23:15.250,6.125,-3.0,64.0,-26.340667,0.456201,83.97,36.73,1401.25,first rest
2013-06-30 10:23:15.500,6.0,-3.0,64.0,9.573125,0.465166,83.99,36.73,1401.5,first rest
2013-06-30 10:23:15.750,6.25,-3.0,64.0,10.171333,0.47157,84.01,36.73,1401.75,first rest
2013-06-30 10:23:16.000,6.125,-3.0,64.0,-39.57125,0.480535,84.03,36.75,1402.0,first rest
2013-06-30 10:23:16.250,6.75,-3.0,64.0,17.33875,0.486938,84.05,36.75,1402.25,first rest
2013-06-30 10:23:16.500,6.875,-3.0,64.0,11.166667,0.495903,84.08,36.75,1402.5,first rest
2013-06-30 10:23:16.750,7.0,-3.0,64.0,-37.929375,0.501026,84.1,36.75,1402.75,first rest
2013-06-30 10:23:17.000,7.0,-3.0,64.0,12.906875,0.506149,84.13,36.68,1403.0,first rest
2013-06-30 10:23:17.250,6.75,-3.0,64.0,5.608667,0.50871,84.16,36.68,1403.25,first rest
2013-06-30 10:23:17.500,7.25,-3.0,64.0,-39.075625,0.511272,84.19,36.68,1403.5,first rest
2013-06-30 10:23:17.750,6.75,-3.0,64.0,13.395333,0.513833,84.22,36.68,1403.75,first rest
2013-06-30 10:23:18.000,6.0,-3.125,64.125,20.844375,0.512552,84.25,36.66,1404.0,first rest
2013-06-30 10:23:18.250,6.0,-3.0,64.0,-16.04375,0.512552,84.27,36.66,1404.25,first rest
2013-06-30 10:23:18.500,5.875,-3.0,64.0,33.727333,0.509991,84.29,36.66,1404.5,first rest
2013-06-30 10:23:18.750,6.25,-3.0,64.0,7.865625,0.511272,84.31,36.66,1404.75,first rest
2013-06-30 10:23:19.000,6.25,-3.0,64.0,-38.870625,0.512552,84.32,36.65,1405.0,first rest
2013-06-30 10:23:19.250,6.375,-3.0,64.0,24.748667,0.516395,84.33,36.65,1405.25,first rest
2013-06-30 10:23:19.500,6.75,-3.0,64.0,-0.83625,0.518956,84.35,36.65,1405.5,first rest
2013-06-30 10:23:19.750,6.375,-3.0,64.0,-34.993333,0.518956,84.37,36.65,1405.75,first rest
2013-06-30 10:23:20.000,6.375,-3.0,64.0,29.618125,0.521517,84.38,36.65,1406.0,first rest
2013-06-30 10:23:20.250,6.875,-3.0,64.0,-4.619375,0.517675,84.39,36.65,1406.25,first rest
2013-06-30 10:23:20.500,6.625,-3.125,64.0,-35.060667,0.515114,84.41,36.65,1406.5,first rest
2013-06-30 10:23:20.750,6.875,-3.0,64.0,26.845625,0.513833,84.42,36.65,1406.75,first rest
2013-06-30 10:23:21.000,6.75,-3.0,64.0,-4.154375,0.512552,84.43,36.65,1407.0,first rest
2013-06-30 10:23:21.250,7.0,-3.0,64.0,-13.516667,0.515114,84.44,36.65,1407.25,first rest
2013-06-30 10:23:21.500,7.0,-3.0,64.0,36.8075,0.515114,84.45,36.65,1407.5,first rest
2013-06-30 10:23:21.750,6.625,-3.0,64.0,2.696667,0.513833,84.46,36.65,1407.75,first rest
2013-06-30 10:23:22.000,6.75,-3.0,64.0,15.775625,0.512552,84.48,36.65,1408.0,first rest
2013-06-30 10:23:22.250,6.111,-3.111,64.0,15.7175,0.509991,84.5,36.65,1408.25,first rest
2013-06-30 10:23:22.500,6.125,-3.25,64.0,-46.462667,0.511272,84.53,36.65,1408.5,first rest
2013-06-30 10:23:22.750,6.0,-3.125,64.0,20.380625,0.511272,84.56,36.65,1408.75,first rest
2013-06-30 10:23:23.000,6.375,-3.0,64.0,6.35,0.513833,84.6,36.65,1409.0,first rest
2013-06-30 10:23:23.250,6.375,-3.125,64.0,-39.698,0.513833,84.64,36.65,1409.25,first rest
2013-06-30 10:23:23.500,6.25,-3.0,64.0,28.506875,0.511272,84.69,36.65,1409.5,first rest
2013-06-30 10:23:23.750,6.625,-3.25,64.0,1.35,0.511272,84.73,36.65,1409.75,first rest
2013-06-30 10:23:24.000,6.75,-3.0,64.0,-46.135,0.515114,84.78,36.63,1410.0,first rest
2013-06-30 10:23:24.250,6.625,-3.125,64.0,26.265,0.513833,84.83,36.63,1410.25,first rest
2013-06-30 10:23:24.500,6.75,-3.375,64.125,8.991333,0.511272,84.88,36.63,1410.5,first rest
2013-06-30 10:23:24.750,6.375,-3.25,64.0,-21.95125,0.50871,84.93,36.63,1410.75,first rest
2013-06-30 10:23:25.000,6.125,-3.375,64.0,38.5175,0.50871,84.98,36.61,1411.0,first rest
2013-06-30 10:23:25.250,6.125,-3.25,64.0,13.038,0.509991,85.03,36.61,1411.25,first rest
2013-06-30 10:23:25.500,6.5,-3.125,64.0,-25.92875,0.50871,85.09,36.61,1411.5,first rest
2013-06-30 10:23:25.750,6.625,-3.0,64.0,7.358667,0.509991,85.14,36.61,1411.75,first rest
2013-06-30 10:23:26.000,6.444,-3.222,64.0,12.45375,0.513833,85.2,36.61,1412.0,first rest
2013-06-30 10:23:26.250,6.5,-3.0,64.0,-38.0025,0.512552,85.26,36.61,1412.25,first rest
2013-06-30 10:23:26.500,6.375,-3.5,64.0,9.178,0.511272,85.31,36.61,1412.5,first rest
2013-06-30 10:23:26.750,6.75,-3.0,64.0,12.769375,0.511272,85.37,36.61,1412.75,first rest
2013-06-30 10:23:27.000,6.75,-3.125,64.0,-43.13,0.50743,85.43,36.59,1413.0,first rest
2013-06-30 10:23:27.250,7.0,-3.0,64.0,-8.233333,0.506149,85.49,36.59,1413.25,first rest
2013-06-30 10:23:27.500,6.875,-3.0,64.0,-7.10375,0.50743,85.56,36.59,1413.5,first rest
2013-06-30 10:23:27.750,7.0,-3.0,64.0,-27.362,0.503587,85.63,36.59,1413.75,first rest
2013-06-30 10:23:28.000,7.0,-3.0,64.0,34.855,0.50871,85.7,36.61,1414.0,first rest
2013-06-30 10:23:28.250,7.0,-3.0,64.0,49.711875,0.50871,85.77,36.61,1414.25,first rest
2013-06-30 10:23:28.500,7.0,-3.125,64.0,10.939333,0.509991,85.85,36.61,1414.5,first rest
2013-06-30 10:23:28.750,7.0,-3.125,64.0,15.524375,0.50871,85.92,36.61,1414.75,first rest
2013-06-30 10:23:29.000,7.0,-3.125,64.0,-23.729375,0.511272,86.0,36.59,1415.0,first rest
2013-06-30 10:23:29.250,7.125,-3.0,64.125,19.234667,0.50743,86.08,36.59,1415.25,first rest
2013-06-30 10:23:29.500,6.625,-3.75,63.625,12.2375,0.511272,86.16,36.59,1415.5,first rest
2013-06-30 10:23:29.750,9.5,-1.0,63.75,-40.286,0.511272,86.24,36.59,1415.75,first rest
2013-06-30 10:23:30.000,10.0,1.0,63.556,12.69125,0.511272,86.32,36.59,1416.0,first rest
2013-06-30 10:23:30.250,11.875,2.75,63.5,20.26625,0.512552,86.4,36.59,1416.25,first rest
2013-06-30 10:23:30.500,12.75,3.25,63.0,-14.015333,0.513833,86.48,36.59,1416.5,first rest
2013-06-30 10:23:30.750,12.5,3.0,63.0,40.605,0.515114,86.55,36.59,1416.75,first rest
2013-06-30 10:23:31.000,12.375,3.5,63.75,16.011875,0.515114,86.63,36.59,1417.0,first rest
2013-06-30 10:23:31.250,10.25,1.0,62.625,-62.467333,0.52536,86.7,36.59,1417.25,first rest
2013-06-30 10:23:31.500,7.75,-2.0,64.0,4.356875,0.533044,86.78,36.59,1417.5,first rest
2013-06-30 10:23:31.750,6.75,-2.25,64.0,3.363333,0.538167,86.85,36.59,1417.75,first rest
2013-06-30 10:23:32.000,8.875,-2.125,64.0,-44.33875,0.538167,86.93,36.59,1418.0,first rest
2013-06-30 10:23:32.250,8.0,-2.0,64.0,-4.678125,0.538167,87.01,36.59,1418.25,first rest
2013-06-30 10:23:32.500,7.75,-2.0,64.0,51.280667,0.54329,87.1,36.59,1418.5,first rest
2013-06-30 10:23:32.750,7.625,-2.0,64.0,-0.74125,0.550974,87.19,36.59,1418.75,first rest
2013-06-30 10:23:33.000,7.375,-2.125,64.0,-16.974375,0.547132,87.28,36.61,1419.0,first rest
2013-06-30 10:23:33.250,7.0,-2.0,64.0,2.748667,0.550974,87.37,36.61,1419.25,first rest
2013-06-30 10:23:33.500,6.875,-2.0,64.0,-26.456875,0.554816,87.46,36.61,1419.5,first rest
2013-06-30 10:23:33.750,6.444,-2.0,64.0,30.281333,0.5625,87.54,36.61,1419.75,first rest
2013-06-30 10:23:34.000,7.0,-2.0,64.0,10.4175,0.563781,87.63,36.59,1420.0,first rest
2013-06-30 10:23:34.250,7.0,-2.125,64.0,-32.945625,0.568904,87.72,36.59,1420.25,first rest
2013-06-30 10:23:34.500,7.125,-2.0,64.0,-22.017333,0.570185,87.8,36.59,1420.5,first rest
2013-06-30 10:23:34.750,7.25,-2.25,64.0,-1.545625,0.572746,87.89,36.59,1420.75,first rest
2013-06-30 10:23:35.000,7.5,-2.125,64.0,-63.138125,0.571465,87.97,36.57,1421.0,first rest
2013-06-30 10:23:35.250,7.5,-2.0,64.0,-3.343333,0.571465,88.05,36.57,1421.25,first rest
2013-06-30 10:23:35.500,7.0,-2.125,64.0,-1.08125,0.574027,88.14,36.57,1421.5,first rest
2013-06-30 10:23:35.750,7.125,-2.25,64.0,-23.582667,0.581711,88.22,36.57,1421.75,first rest
2013-06-30 10:23:36.000,7.0,-2.375,64.0,24.395625,0.57915,88.3,36.55,1422.0,first rest
2013-06-30 10:23:36.250,7.0,-2.25,64.0,44.049375,0.586834,88.38,36.55,1422.25,first rest
2013-06-30 10:23:36.500,7.25,-2.375,64.0,4.739333,0.595799,88.46,36.55,1422.5,first rest
2013-06-30 10:23:36.750,7.0,-2.5,64.0,11.13375,0.607325,88.54,36.55,1422.75,first rest
2013-06-30 10:23:37.000,7.25,-2.25,64.0,9.205625,0.611167,88.62,36.55,1423.0,first rest
2013-06-30 10:23:37.250,7.0,-2.375,64.0,-19.481333,0.613729,88.7,36.55,1423.25,first rest
2013-06-30 10:23:37.500,7.0,-2.25,64.0,47.923125,0.618852,88.78,36.55,1423.5,first rest
2013-06-30 10:23:37.750,7.0,-2.556,64.0,16.908,0.620132,88.85,36.55,1423.75,first rest
2013-06-30 10:23:38.000,7.125,-2.5,64.0,-5.796875,0.622694,88.93,36.55,1424.0,first rest
2013-06-30 10:23:38.250,7.0,-2.25,64.0,7.84125,0.626536,89.0,36.55,1424.25,first rest
2013-06-30 10:23:38.500,7.0,-2.5,64.0,-35.784667,0.635501,89.08,36.55,1424.5,first rest
2013-06-30 10:23:38.750,6.5,-2.875,64.0,9.34625,0.639343,89.15,36.55,1424.75,first rest
2013-06-30 10:23:39.000,6.375,-2.875,64.0,-34.365625,0.647027,89.23,36.55,1425.0,first rest
2013-06-30 10:23:39.250,6.0,-3.0,64.0,-31.438667,0.661115,89.31,36.55,1425.25,first rest
2013-06-30 10:23:39.500,6.5,-2.875,64.0,-0.38875,0.675203,89.39,36.55,1425.5,first rest
2013-06-30 10:23:39.750,6.375,-2.875,64.0,8.218667,0.691852,89.47,36.55,1425.75,first rest
2013-06-30 10:23:40.000,6.875,-3.0,64.0,79.091875,0.72387,89.55,36.5,1426.0,first rest
2013-06-30 10:23:40.250,6.5,-3.0,64.0,44.40375,0.731555,89.62,36.5,1426.25,first rest
2013-06-30 10:23:40.500,6.75,-2.875,64.0,-6.991333,0.750765,89.69,36.5,1426.5,first rest
2013-06-30 10:23:40.750,6.375,-3.0,64.0,6.59125,0.767415,89.76,36.5,1426.75,first rest
2013-06-30 10:23:41.000,6.625,-2.875,64.0,-17.1575,0.778941,89.82,36.53,1427.0,real opinion
2013-06-30 10:23:41.250,6.75,-3.0,64.0,6.185333,0.787906,89.88,36.53,1427.25,real opinion
2013-06-30 10:23:41.500,6.778,-3.0,64.0,-2.59375,0.786625,89.95,36.53,1427.5,real opinion
2013-06-30 10:23:41.750,7.0,-3.0,64.0,-2.965333,0.787906,90.01,36.53,1427.75,real opinion
2013-06-30 10:23:42.000,6.625,-3.0,64.0,19.0975,0.786625,90.08,36.53,1428.0,real opinion
2013-06-30 10:23:42.250,7.125,-3.0,64.0,7.9525,0.785345,90.15,36.53,1428.25,real opinion
2013-06-30 10:23:42.500,7.0,-3.0,64.0,-14.427333,0.77766,90.22,36.53,1428.5,real opinion
2013-06-30 10:23:42.750,7.125,-3.0,64.0,-13.404375,0.773818,90.29,36.53,1428.75,real opinion
2013-06-30 10:23:43.000,7.125,-3.0,64.0,-29.144375,0.773818,90.37,36.49,1429.0,real opinion
2013-06-30 10:23:43.250,7.125,-3.0,64.0,-34.294667,0.767415,90.45,36.49,1429.25,real opinion
2013-06-30 10:23:43.500,7.25,-3.0,64.0,15.22125,0.75845,90.54,36.49,1429.5,real opinion
2013-06-30 10:23:43.750,6.875,-3.0,64.0,-8.2,0.753327,90.62,36.49,1429.75,real opinion
2013-06-30 10:23:44.000,7.125,-3.0,64.0,-35.106875,0.75973,90.7,36.49,1430.0,real opinion
2013-06-30 10:23:44.250,7.0,-3.0,64.0,7.83,0.75973,90.77,36.49,1430.25,real opinion
2013-06-30 10:23:44.500,7.25,-3.0,64.0,-9.482667,0.77766,90.84,36.49,1430.5,real opinion
2013-06-30 10:23:44.750,7.0,-3.0,64.0,-21.3275,0.79559,90.91,36.49,1430.75,real opinion
2013-06-30 10:23:45.000,7.125,-3.0,64.0,28.17375,0.798152,90.98,36.45,1431.0,real opinion
2013-06-30 10:23:45.250,6.875,-3.0,64.0,-0.408,0.801994,91.05,36.45,1431.25,real opinion
2013-06-30 10:23:45.500,6.889,-3.0,64.0,-37.585,0.799432,91.12,36.45,1431.5,real opinion
2013-06-30 10:23:45.750,6.5,-3.0,64.0,32.333333,0.799432,91.19,36.45,1431.75,real opinion
2013-06-30 10:23:46.000,6.875,-3.0,64.0,-4.51,0.798152,91.25,36.45,1432.0,real opinion
2013-06-30 10:23:46.250,6.75,-3.0,64.0,-73.854375,0.796871,91.31,36.45,1432.25,real opinion
2013-06-30 10:23:46.500,6.875,-3.0,64.0,40.593333,0.79559,91.37,36.45,1432.5,real opinion
2013-06-30 10:23:46.750,6.75,-3.0,64.0,51.43,0.793029,91.42,36.45,1432.75,real opinion
2013-06-30 10:23:47.000,7.0,-3.0,64.0,74.640625,0.79559,91.48,36.43,1433.0,real opinion
2013-06-30 10:23:47.250,6.75,-3.0,64.0,19.344667,0.803275,91.54,36.43,1433.25,real opinion
2013-06-30 10:23:47.500,6.875,-3.0,63.875,-18.614375,0.805836,91.6,36.43,1433.5,real opinion
2013-06-30 10:23:47.750,6.5,-2.875,64.0,156.621333,0.800713,91.66,36.43,1433.75,real opinion
2013-06-30 10:23:48.000,7.0,-3.0,64.0,-108.721875,0.81224,91.72,36.43,1434.0,real opinion
2013-06-30 10:23:48.250,6.625,-3.0,64.0,-41.328125,0.818643,91.77,36.43,1434.25,real opinion
2013-06-30 10:23:48.500,6.875,-3.0,64.0,-44.966667,0.825047,91.83,36.43,1434.5,real opinion
2013-06-30 10:23:48.750,7.125,-3.0,64.0,-29.7675,0.835292,91.88,36.43,1434.75,real opinion
2013-06-30 10:23:49.000,7.875,-3.0,64.0,17.23875,0.835292,91.93,36.43,1435.0,real opinion
2013-06-30 10:23:49.250,7.667,-2.778,64.0,-10.264,0.837854,91.98,36.43,1435.25,real opinion
2013-06-30 10:23:49.500,7.75,-3.0,64.0,18.451875,0.836573,92.04,36.43,1435.5,real opinion
2013-06-30 10:23:49.750,7.875,-3.0,64.0,94.768667,0.835292,92.1,36.43,1435.75,real opinion
2013-06-30 10:23:50.000,8.125,-3.0,64.0,4.571875,0.835292,92.15,36.43,1436.0,real opinion
2013-06-30 10:23:50.250,8.0,-3.0,64.0,6.226875,0.839135,92.2,36.43,1436.25,real opinion
2013-06-30 10:23:50.500,7.75,-3.0,64.0,-35.856,0.84938,92.25,36.43,1436.5,real opinion
2013-06-30 10:23:50.750,7.875,-3.0,64.0,-9.605,0.86603,92.3,36.43,1436.75,real opinion
2013-06-30 10:23:51.000,8.125,-3.0,64.0,-14.789375,0.873714,92.35,36.45,1437.0,real opinion
2013-06-30 10:23:51.250,8.0,-3.0,64.0,-21.046,0.882679,92.4,36.45,1437.25,real opinion
2013-06-30 10:23:51.500,8.0,-3.0,64.0,2.420625,0.886521,92.44,36.45,1437.5,real opinion
2013-06-30 10:23:51.750,7.875,-3.0,64.0,-31.580667,0.890363,92.48,36.45,1437.75,real opinion
2013-06-30 10:23:52.000,8.25,-2.875,64.0,-3.225,0.891644,92.53,36.43,1438.0,real opinion
2013-06-30 10:23:52.250,8.125,-3.0,64.0,-7.454375,0.892925,92.58,36.43,1438.25,real opinion
2013-06-30 10:23:52.500,8.625,-3.0,64.0,-53.560667,0.889082,92.63,36.43,1438.5,real opinion
2013-06-30 10:23:52.750,8.5,-3.0,64.0,15.576875,0.894205,92.68,36.43,1438.75,real opinion
2013-06-30 10:23:53.000,8.75,-2.875,64.0,-6.28375,0.896767,92.73,36.43,1439.0,real opinion
2013-06-30 10:23:53.250,8.444,-3.0,64.0,-20.04,0.905732,92.79,36.43,1439.25,real opinion
2013-06-30 10:23:53.500,8.75,-3.0,64.0,25.245625,0.924942,92.85,36.43,1439.5,real opinion
2013-06-30 10:23:53.750,8.375,-3.0,64.0,-24.748667,0.931346,92.91,36.43,1439.75,real opinion
2013-06-30 10:23:54.000,8.5,-3.0,63.875,4.9175,0.944153,92.97,36.43,1440.0,real opinion
2013-06-30 10:23:54.250,8.25,-3.0,64.0,15.1425,0.960802,93.04,36.43,1440.25,real opinion
2013-06-30 10:23:54.500,8.375,-3.0,64.0,-35.702,0.987697,93.1,36.43,1440.5,real opinion
2013-06-30 10:23:54.750,8.25,-3.0,64.0,29.44375,1.024838,93.17,36.43,1440.75,real opinion
2013-06-30 10:23:55.000,8.0,-2.875,64.0,-8.370625,1.005696,93.25,36.43,1441.0,real opinion
2013-06-30 10:23:55.250,8.0,-3.0,64.0,-8.052,1.03003,93.33,36.43,1441.25,real opinion
2013-06-30 10:23:55.500,6.0,-3.125,64.125,29.093125,1.044118,93.41,36.43,1441.5,real opinion
2013-06-30 10:23:55.750,5.75,-3.0,64.0,-23.408667,1.049241,93.5,36.43,1441.75,real opinion
2013-06-30 10:23:56.000,5.5,-3.0,64.25,31.471875,1.050521,93.58,36.41,1442.0,real opinion
2013-06-30 10:23:56.250,6.375,-3.0,64.25,-8.918125,1.04796,93.66,36.41,1442.25,real opinion
2013-06-30 10:23:56.500,7.0,-3.0,64.0,-4.446,1.044118,93.73,36.41,1442.5,real opinion
2013-06-30 10:23:56.750,6.625,-3.0,64.0,8.65125,1.044118,93.8,36.41,1442.75,real opinion
2013-06-30 10:23:57.000,7.0,-3.0,64.0,-48.893125,1.044118,93.88,36.41,1443.0,real opinion
2013-06-30 10:23:57.250,7.0,-3.0,64.0,41.52,1.042837,93.96,36.41,1443.25,real opinion
2013-06-30 10:23:57.500,7.25,-3.0,64.0,-26.289375,1.046679,94.04,36.41,1443.5,real opinion
2013-06-30 10:23:57.750,7.375,-3.0,64.0,22.634,1.067171,94.13,36.41,1443.75,real opinion
2013-06-30 10:23:58.000,7.0,-3.0,64.0,6.303125,1.08382,94.22,36.41,1444.0,real opinion
2013-06-30 10:23:58.250,7.375,-3.0,64.0,-12.846875,1.100469,94.31,36.41,1444.25,real opinion
2013-06-30 10:23:58.500,7.5,-3.0,64.0,39.602,1.118399,94.4,36.41,1444.5,real opinion
2013-06-30 10:23:58.750,7.5,-3.0,64.0,-18.39875,1.135049,94.5,36.41,1444.75,real opinion
2013-06-30 10:23:59.000,7.0,-3.0,64.0,45.27375,1.140171,94.6,36.39,1445.0,real opinion
2013-06-30 10:23:59.250,6.75,-3.0,64.0,1.668,1.136329,94.7,36.39,1445.25,real opinion
2013-06-30 10:23:59.500,6.875,-3.0,64.0,17.41,1.131206,94.81,36.39,1445.5,real opinion
2013-06-30 10:23:59.750,7.0,-3.0,64.0,13.377333,1.136329,94.92,36.39,1445.75,real opinion
2013-06-30 10:24:00.000,7.0,-3.0,64.0,-7.66875,1.133768,95.02,36.37,1446.0,real opinion
2013-06-30 10:24:00.250,6.75,-3.0,64.0,45.58,1.132487,95.12,36.37,1446.25,real opinion
2013-06-30 10:24:00.500,6.375,-3.0,64.0,13.653333,1.131206,95.22,36.37,1446.5,real opinion
2013-06-30 10:24:00.750,6.25,-3.0,64.0,76.515625,1.132487,95.33,36.37,1446.75,real opinion
2013-06-30 10:24:01.000,7.0,-3.0,64.0,13.579375,1.127364,95.43,36.37,1447.0,real opinion
2013-06-30 10:24:01.250,6.625,-3.0,64.0,19.392,1.128645,95.54,36.37,1447.25,real opinion
2013-06-30 10:24:01.500,7.0,-3.0,64.0,-28.229375,1.120961,95.65,36.37,1447.5,real opinion
2013-06-30 10:24:01.750,7.125,-3.0,64.0,-112.854667,1.115838,95.76,36.37,1447.75,real opinion
2013-06-30 10:24:02.000,6.375,-3.0,64.0,-48.865,1.111996,95.88,36.34,1448.0,real opinion
2013-06-30 10:24:02.250,6.75,-3.0,64.0,-59.65625,1.106873,96.0,36.34,1448.25,real opinion
2013-06-30 10:24:02.500,7.0,-3.0,64.125,5.652,1.106873,96.11,36.34,1448.5,real opinion
2013-06-30 10:24:02.750,7.25,-3.0,64.0,-37.37625,1.103031,96.23,36.34,1448.75,real opinion
2013-06-30 10:24:03.000,7.25,-3.0,64.0,8.27375,1.10175,96.35,36.34,1449.0,real opinion
2013-06-30 10:24:03.250,7.0,-3.0,64.0,16.209333,1.103031,96.47,36.34,1449.25,real opinion
2013-06-30 10:24:03.500,7.0,-3.0,64.0,-28.175625,1.095346,96.59,36.34,1449.5,real opinion
2013-06-30 10:24:03.750,7.5,-3.0,64.0,34.258,1.092785,96.71,36.34,1449.75,real opinion
2013-06-30 10:24:04.000,7.0,-3.0,64.0,8.888125,1.091504,96.83,36.33,1450.0,real opinion
2013-06-30 10:24:04.250,7.125,-3.0,64.0,-12.945,1.08382,96.95,36.33,1450.25,real opinion
2013-06-30 10:24:04.500,7.25,-3.0,64.0,47.220667,1.08382,97.08,36.33,1450.5,real opinion
2013-06-30 10:24:04.750,7.333,-3.0,64.0,14.6475,1.08382,97.2,36.33,1450.75,real opinion
2013-06-30 10:24:05.000,7.0,-3.0,64.0,-5.49,1.08382,97.32,36.34,1451.0,real opinion
2013-06-30 10:24:05.250,6.125,-3.0,64.0,18.920667,1.090224,97.44,36.34,1451.25,real opinion
2013-06-30 10:24:05.500,6.0,-3.25,64.125,-7.35625,1.097908,97.55,36.34,1451.5,real opinion
2013-06-30 10:24:05.750,4.625,-3.625,64.125,24.434667,1.100469,97.66,36.34,1451.75,real opinion
2013-06-30 10:24:06.000,4.625,-3.5,64.125,-5.111875,1.099189,97.77,36.31,1452.0,real opinion
2013-06-30 10:24:06.250,4.875,-3.375,64.125,-49.9,1.100469,97.88,36.31,1452.25,real opinion
2013-06-30 10:24:06.500,4.375,-3.625,64.125,20.906,1.099189,98.0,36.31,1452.5,real opinion
2013-06-30 10:24:06.750,4.625,-3.125,64.25,-13.44375,1.103031,98.11,36.31,1452.75,real opinion
2013-06-30 10:24:07.000,4.5,-3.75,64.125,-36.485625,1.108154,98.22,36.31,1453.0,real opinion
2013-06-30 10:24:07.250,5.0,-3.625,64.125,24.852667,1.111996,98.33,36.31,1453.25,real opinion
2013-06-30 10:24:07.500,5.0,-3.375,64.125,-12.614375,1.113276,98.43,36.31,1453.5,real opinion
2013-06-30 10:24:07.750,5.0,-3.625,64.125,13.845333,1.118399,98.53,36.31,1453.75,real opinion
2013-06-30 10:24:08.000,5.125,-3.125,64.0,11.168125,1.126084,98.63,36.31,1454.0,real opinion
2013-06-30 10:24:08.250,5.625,-3.125,64.0,-35.91125,1.128645,98.73,36.31,1454.25,real opinion
2013-06-30 10:24:08.500,5.375,-3.0,64.0,33.576667,1.133768,98.83,36.31,1454.5,real opinion
2013-06-30 10:24:08.750,5.222,-3.0,64.0,-3.21875,1.127364,98.93,36.31,1454.75,real opinion
2013-06-30 10:24:09.000,5.25,-3.0,64.0,14.494375,1.132487,99.03,36.33,1455.0,real opinion
2013-06-30 10:24:09.250,5.375,-3.0,64.0,16.34,1.122241,99.13,36.33,1455.25,real opinion
2013-06-30 10:24:09.500,5.5,-3.0,64.0,-10.04,1.126084,99.23,36.33,1455.5,real opinion
2013-06-30 10:24:09.750,5.625,-3.0,64.0,34.139333,1.122241,99.33,36.33,1455.75,real opinion
2013-06-30 10:24:10.000,5.5,-3.0,64.0,-6.454375,1.11968,99.43,36.31,1456.0,real opinion
2013-06-30 10:24:10.250,5.75,-3.0,64.0,23.183125,1.128645,99.53,36.31,1456.25,real opinion
2013-06-30 10:24:10.500,6.25,-3.0,64.0,7.327333,1.135049,99.63,36.31,1456.5,real opinion
2013-06-30 10:24:10.750,6.25,-3.5,63.875,-2.981875,1.142733,99.72,36.31,1456.75,real opinion
2013-06-30 10:24:11.000,8.625,1.75,64.25,3.388125,1.149136,99.82,36.31,1457.0,real opinion
2013-06-30 10:24:11.250,8.75,4.0,63.875,-35.015333,1.151698,99.92,36.31,1457.25,real opinion
2013-06-30 10:24:11.500,10.125,4.625,63.875,20.3525,1.165786,100.02,36.31,1457.5,real opinion
2013-06-30 10:24:11.750,10.25,4.625,63.875,-17.417333,1.201646,100.12,36.31,1457.75,real opinion
2013-06-30 10:24:12.000,7.625,0.625,65.875,4.825,1.234944,100.22,36.31,1458.0,real opinion
2013-06-30 10:24:12.250,6.125,-2.0,64.0,-4.32375,1.269524,100.32,36.31,1458.25,real opinion
2013-06-30 10:24:12.500,6.111,-2.333,64.0,-21.797333,1.291296,100.42,36.31,1458.5,real opinion
2013-06-30 10:24:12.750,6.0,-2.125,64.0,30.73375,1.31691,100.51,36.31,1458.75,real opinion
2013-06-30 10:24:13.000,5.875,-2.5,64.0,-25.509375,1.324594,100.6,36.29,1459.0,real opinion
2013-06-30 10:24:13.250,6.125,-2.25,64.0,6.562,1.322033,100.68,36.29,1459.25,real opinion
2013-06-30 10:24:13.500,5.75,-2.5,64.0,-15.454375,1.320752,100.75,36.29,1459.5,real opinion
2013-06-30 10:24:13.750,6.125,-2.25,64.0,10.668667,1.318191,100.81,36.29,1459.75,real opinion
2013-06-30 10:24:14.000,6.0,-2.625,64.0,13.285625,1.31691,100.88,36.27,1460.0,real opinion
2013-06-30 10:24:14.250,5.875,-2.375,64.0,-20.77375,1.31691,100.95,36.27,1460.25,real opinion
2013-06-30 10:24:14.500,6.0,-2.625,64.0,28.646667,1.345086,101.03,36.27,1460.5,real opinion
2013-06-30 10:24:14.750,5.75,-2.5,64.0,-24.740625,1.356612,101.1,36.27,1460.75,real opinion
2013-06-30 10:24:15.000,5.75,-2.75,64.0,20.315,1.363016,101.18,36.27,1461.0,real opinion
2013-06-30 10:24:15.250,5.625,-2.875,64.0,3.329333,1.355331,101.26,36.27,1461.25,real opinion
2013-06-30 10:24:15.500,5.875,-2.875,64.0,-26.175625,1.356612,101.33,36.27,1461.5,real opinion
2013-06-30 10:24:15.750,5.625,-2.875,64.0,27.81,1.350209,101.4,36.27,1461.75,real opinion
2013-06-30 10:24:16.000,5.875,-2.75,64.0,-10.700625,1.339963,101.47,36.29,1462.0,real opinion
2013-06-30 10:24:16.250,5.625,-3.0,64.0,13.476875,1.333559,101.54,36.29,1462.25,real opinion
2013-06-30 10:24:16.500,5.778,-2.778,64.0,16.692,1.330998,101.6,36.29,1462.5,real opinion
2013-06-30 10:24:16.750,5.75,-2.875,64.0,-27.539375,1.329717,101.66,36.29,1462.75,real opinion
2013-06-30 10:24:17.000,5.5,-2.75,64.0,22.806875,1.33484,101.72,36.27,1463.0,real opinion
2013-06-30 10:24:17.250,5.375,-3.0,64.0,4.393333,1.333559,101.77,36.27,1463.25,real opinion
2013-06-30 10:24:17.500,5.625,-2.875,64.0,-84.224375,1.330998,101.82,36.27,1463.5,real opinion
2013-06-30 10:24:17.750,5.75,-3.0,64.0,91.204,1.327156,101.88,36.27,1463.75,real opinion
2013-06-30 10:24:18.000,5.625,-2.5,64.0,209.319375,1.33484,101.93,36.25,1464.0,real opinion
2013-06-30 10:24:18.250,5.875,-3.0,64.0,84.15625,1.350209,101.99,36.25,1464.25,real opinion
2013-06-30 10:24:18.500,5.875,-3.0,64.0,-51.563333,1.373261,102.06,36.25,1464.5,real opinion
2013-06-30 10:24:18.750,5.75,-3.0,64.0,-293.711875,1.391191,102.13,36.25,1464.75,real opinion
2013-06-30 10:24:19.000,5.875,-2.75,64.0,-502.753125,1.40656,102.22,36.27,1465.0,real opinion
2013-06-30 10:24:19.250,5.875,-2.875,64.0,-92.407333,1.450104,102.32,36.27,1465.25,real opinion
2013-06-30 10:24:19.500,6.0,-3.0,64.0,276.281875,1.46035,102.42,36.27,1465.5,real opinion
2013-06-30 10:24:19.750,5.875,-3.0,64.0,6.838,1.470596,102.52,36.27,1465.75,real opinion
2013-06-30 10:24:20.000,5.875,-3.0,64.0,-20.31875,1.455326,102.62,36.27,1466.0,real opinion
2013-06-30 10:24:20.250,5.889,-3.0,64.111,19.370625,1.454045,102.71,36.27,1466.25,real opinion
2013-06-30 10:24:20.500,5.75,-2.875,64.125,123.695333,1.455326,102.8,36.27,1466.5,real opinion
2013-06-30 10:24:20.750,5.25,-2.875,64.0,159.274375,1.450203,102.89,36.27,1466.75,real opinion
2013-06-30 10:24:21.000,5.75,-2.875,64.0,9.350625,1.450203,102.97,36.25,1467.0,real opinion
2013-06-30 10:24:21.250,5.75,-3.0,64.0,45.170667,1.448923,103.05,36.25,1467.25,real opinion
2013-06-30 10:24:21.500,5.25,-3.0,64.0,15.599375,1.469414,103.13,36.25,1467.5,real opinion
2013-06-30 10:24:21.750,5.875,-3.0,64.0,12.234667,1.493748,103.21,36.25,1467.75,real opinion
2013-06-30 10:24:22.000,5.5,-3.0,64.125,44.234375,1.5168,103.28,36.25,1468.0,real opinion
2013-06-30 10:24:22.250,6.0,-2.875,64.0,-4.16,1.53345,103.35,36.25,1468.25,no phase
2013-06-30 10:24:22.500,5.875,-3.0,64.0,47.814667,1.543695,103.4,36.25,1468.5,no phase
2013-06-30 10:24:22.750,5.875,-2.875,64.0,-5.336875,1.539853,103.46,36.25,1468.75,no phase
2013-06-30 10:24:23.000,6.0,-3.0,64.0,16.241875,1.530888,103.5,36.23,1469.0,no phase
2013-06-30 10:24:23.250,6.0,-3.0,64.0,11.811333,1.521923,103.54,36.23,1469.25,no phase
2013-06-30 10:24:23.500,5.75,-3.0,64.0,-29.92875,1.511678,103.57,36.23,1469.5,no phase
2013-06-30 10:24:23.750,5.75,-3.0,64.0,18.093333,1.512958,103.6,36.23,1469.75,no phase
2013-06-30 10:24:24.000,5.625,-3.0,64.0,-20.594375,1.5168,103.62,36.21,1470.0,no phase
2013-06-30 10:24:24.250,5.778,-3.0,64.0,5.36625,1.512958,103.64,36.21,1470.25,no phase
2013-06-30 10:24:24.500,5.875,-3.0,64.0,0.177333,1.511678,103.67,36.21,1470.5,no phase
2013-06-30 10:24:24.750,5.875,-3.0,64.125,-19.5925,1.475818,103.69,36.21,1470.75,no phase
2013-06-30 10:24:25.000,6.0,-3.0,64.0,-0.300625,1.433554,103.72,36.18,1471.0,no phase
2013-06-30 10:24:25.250,6.0,-3.0,64.0,-11.890667,1.423308,103.75,36.18,1471.25,no phase
2013-06-30 10:24:25.500,6.0,-3.0,64.0,-22.6975,1.422028,103.77,36.18,1471.5,no phase
2013-06-30 10:24:25.750,6.0,-2.875,64.0,15.288,1.46173,103.8,36.18,1471.75,no phase
2013-06-30 10:24:26.000,6.0,-3.0,64.0,-29.6675,1.468133,103.83,36.16,1472.0,no phase
2013-06-30 10:24:26.250,6.0,-3.0,64.0,20.2825,1.470695,103.86,36.16,1472.25,no phase
2013-06-30 10:24:26.500,6.0,-3.0,64.0,-13.904,1.469414,103.88,36.16,1472.5,no phase
2013-06-30 10:24:26.750,6.0,-3.0,64.0,-3.456875,1.465572,103.91,36.16,1472.75,no phase
2013-06-30 10:24:27.000,6.0,-3.0,64.0,23.245625,1.459168,103.93,36.18,1473.0,no phase
2013-06-30 10:24:27.250,5.75,-3.0,64.0,-20.878,1.468133,103.95,36.18,1473.25,no phase
2013-06-30 10:24:27.500,6.0,-3.0,64.0,16.3275,1.464291,103.97,36.18,1473.5,no phase
2013-06-30 10:24:27.750,5.625,-3.0,64.0,-0.675333,1.459168,103.99,36.18,1473.75,no phase
2013-06-30 10:24:28.000,6.0,-3.0,64.0,10.0175,1.460449,104.02,36.16,1474.0,no phase
2013-06-30 10:24:28.250,6.0,-3.0,64.0,-23.2125,1.457888,104.06,36.16,1474.25,no phase
2013-06-30 10:24:28.500,6.0,-3.0,64.0,-1.567333,1.456607,104.11,36.16,1474.5,no phase
2013-06-30 10:24:28.750,6.0,-3.0,64.0,-9.2725,1.459168,104.16,36.16,1474.75,no phase
2013-06-30 10:24:29.000,6.0,-3.0,64.0,-6.085,1.454045,104.22,36.16,1475.0,no phase
2013-06-30 10:24:29.250,6.0,-3.0,64.0,10.399333,1.454045,104.28,36.16,1475.25,no phase
2013-06-30 10:24:29.500,6.0,-3.0,64.0,-14.88875,1.450203,104.34,36.16,1475.5,no phase
2013-06-30 10:24:29.750,6.0,-3.0,64.0,22.298,1.454045,104.4,36.16,1475.75,no phase
2013-06-30 10:24:30.000,6.0,-3.0,64.0,-23.666875,1.452765,104.45,36.16,1476.0,no phase
2013-06-30 10:24:30.250,6.0,-3.0,64.0,4.901875,1.456607,104.5,36.16,1476.25,no phase
2013-06-30 10:24:30.500,6.0,-3.0,64.0,-14.804,1.454045,104.54,36.16,1476.5,no phase
2013-06-30 10:24:30.750,6.0,-3.0,64.0,6.49,1.448923,104.59,36.16,1476.75,no phase
2013-06-30 10:24:31.000,6.0,-3.0,64.0,-5.88375,1.450203,104.63,36.16,1477.0,no phase
2013-06-30 10:24:31.250,5.875,-3.0,64.0,-8.593333,1.44508,104.67,36.16,1477.25,no phase
2013-06-30 10:24:31.500,6.0,-3.0,64.0,4.37875,1.450203,104.72,36.16,1477.5,no phase
2013-06-30 10:24:31.750,6.0,-3.0,64.0,-4.207333,1.448923,104.75,36.16,1477.75,no phase
2013-06-30 10:24:32.000,6.0,-3.0,64.0,14.700625,1.448923,104.78,36.16,1478.0,no phase
2013-06-30 10:24:32.250,6.0,-3.0,64.0,-18.908125,1.44508,104.8,36.16,1478.25,no phase
2013-06-30 10:24:32.500,6.0,-3.0,64.125,1.950667,1.442519,104.8,36.16,1478.5,no phase
2013-06-30 10:24:32.750,6.0,-3.0,64.0,-19.186875,1.44508,104.8,36.16,1478.75,no phase
2013-06-30 10:24:33.000,6.0,-3.0,64.0,2.50125,1.446361,104.8,36.16,1479.0,no phase
2013-06-30 10:24:33.250,6.0,-3.0,64.0,-9.124667,1.4438,104.8,36.16,1479.25,no phase
2013-06-30 10:24:33.500,6.0,-3.0,64.0,-14.676875,1.441238,104.8,36.16,1479.5,no phase
2013-06-30 10:24:33.750,6.0,-3.0,64.0,-15.778,1.441238,104.81,36.16,1479.75,no phase
2013-06-30 10:24:34.000,6.0,-3.0,64.0,-19.864375,1.4438,104.82,36.18,1480.0,no phase
2013-06-30 10:24:34.250,6.0,-3.0,64.0,9.91125,1.446361,104.84,36.18,1480.25,no phase
2013-06-30 10:24:34.500,6.0,-3.0,64.0,-4.823333,1.446361,104.87,36.18,1480.5,no phase
2013-06-30 10:24:34.750,6.0,-3.0,64.0,9.21125,1.450203,104.89,36.18,1480.75,no phase
2013-06-30 10:24:35.000,6.125,-3.0,64.0,-17.82,1.448923,104.92,36.15,1481.0,no phase
2013-06-30 10:24:35.250,6.25,-3.0,64.0,10.118667,1.454045,104.94,36.15,1481.25,no phase
2013-06-30 10:24:35.500,6.875,-3.0,64.0,-20.47,1.456607,104.97,36.15,1481.5,no phase
2013-06-30 10:24:35.750,6.111,-3.0,64.0,24.990667,1.468133,104.99,36.15,1481.75,no phase
2013-06-30 10:24:36.000,6.25,-2.875,64.0,-7.85,1.48094,105.02,36.15,1482.0,no phase
2013-06-30 10:24:36.250,5.875,-3.0,64.0,51.9675,1.489905,105.06,36.15,1482.25,no phase
2013-06-30 10:24:36.500,5.75,-3.0,64.0,33.702667,1.495028,105.09,36.15,1482.5,no phase
2013-06-30 10:24:36.750,6.125,-3.0,64.0,31.135625,1.500151,105.13,36.15,1482.75,no phase
2013-06-30 10:24:37.000,5.875,-3.0,64.0,-5.03,1.505274,105.15,36.15,1483.0,no phase
2013-06-30 10:24:37.250,6.0,-3.0,64.0,-44.306667,1.502713,105.16,36.15,1483.25,no phase
2013-06-30 10:24:37.500,5.875,-3.0,64.0,-21.135,1.500151,105.16,36.15,1483.5,no phase
2013-06-30 10:24:37.750,6.0,-3.0,64.0,-30.506,1.49759,105.16,36.15,1483.75,no phase
2013-06-30 10:24:38.000,6.0,-3.0,64.0,38.059375,1.491186,105.18,36.11,1484.0,no phase
2013-06-30 10:24:38.250,6.125,-3.0,64.0,-2.220625,1.488625,105.21,36.11,1484.25,no phase
2013-06-30 10:24:38.500,6.125,-3.0,64.0,-7.084,1.486063,105.25,36.11,1484.5,no phase
2013-06-30 10:24:38.750,6.25,-2.875,64.0,14.813125,1.47966,105.28,36.11,1484.75,no phase
2013-06-30 10:24:39.000,6.125,-3.0,64.0,-11.92125,1.477098,105.28,36.11,1485.0,no phase
2013-06-30 10:24:39.250,6.75,-2.875,64.0,11.406667,1.478379,105.25,36.11,1485.25,no phase
2013-06-30 10:24:39.500,6.875,-3.0,64.0,-16.50625,1.484783,105.19,36.11,1485.5,no phase
2013-06-30 10:24:39.750,6.778,-3.111,63.889,7.824,1.49887,105.12,36.11,1485.75,no phase
2013-06-30 10:24:40.000,7.125,-2.0,63.875,-0.105,1.519362,105.05,36.11,1486.0,no phase
2013-06-30 10:24:40.250,8.75,1.375,64.125,-10.601875,1.543695,104.99,36.11,1486.25,no phase
2013-06-30 10:24:40.500,8.625,2.5,64.0,6.298667,1.556503,104.95,36.11,1486.5,no phase
2013-06-30 10:24:40.750,9.125,2.375,63.875,-16.006875,1.564187,104.91,36.11,1486.75,no phase
2013-06-30 10:24:41.000,11.5,3.0,63.125,32.28,1.568029,104.87,36.05,1487.0,no phase
2013-06-30 10:24:41.250,12.625,5.0,63.125,-14.346,1.561625,104.83,36.05,1487.25,no phase
2013-06-30 10:24:41.500,12.875,5.0,62.875,0.653125,1.560345,104.78,36.05,1487.5,no phase
2013-06-30 10:24:41.750,12.75,4.75,63.0,-12.904,1.555222,104.73,36.05,1487.75,no phase
2013-06-30 10:24:42.000,11.0,-1.25,62.75,-4.01125,1.546257,104.68,36.05,1488.0,no phase
2013-06-30 10:24:42.250,11.625,-2.5,63.375,1.284375,1.539853,104.63,36.05,1488.25,no phase
2013-06-30 10:24:42.500,10.875,-2.125,63.5,-26.662,1.536011,104.58,36.05,1488.5,no phase
2013-06-30 10:24:42.750,11.0,-2.0,64.0,9.475,1.536011,104.53,36.05,1488.75,no phase
2013-06-30 10:24:43.000,10.5,-2.125,63.875,-10.18375,1.536011,104.48,36.05,1489.0,no phase
2013-06-30 10:24:43.250,10.25,-2.0,64.0,23.171333,1.53473,104.42,36.05,1489.25,no phase
2013-06-30 10:24:43.500,10.111,-2.333,64.0,-15.406875,1.532169,104.36,36.05,1489.5,no phase
2013-06-30 10:24:43.750,10.5,-2.125,63.75,16.866,1.53473,104.29,36.05,1489.75,no phase
2013-06-30 10:24:44.000,10.25,-2.125,64.0,-8.98,1.538573,104.23,36.0,1490.0,no phase
2013-06-30 10:24:44.250,10.0,-2.125,63.875,-19.58,1.539853,104.17,36.0,1490.25,no phase
2013-06-30 10:24:44.500,10.25,-2.25,64.0,-12.451333,1.539853,104.12,36.0,1490.5,no phase
2013-06-30 10:24:44.750,10.125,-2.5,63.875,17.975625,1.539853,104.07,36.0,1490.75,no phase
2013-06-30 10:24:45.000,10.0,-2.375,64.0,61.29125,1.536011,104.03,36.0,1491.0,no phase
2013-06-30 10:24:45.250,10.0,-2.375,64.0,23.559333,1.536011,103.99,36.0,1491.25,no phase
2013-06-30 10:24:45.500,10.125,-2.375,64.0,15.70875,1.53473,103.95,36.0,1491.5,no phase
2013-06-30 10:24:45.750,10.125,-2.25,63.75,-2.772,1.530888,103.91,36.0,1491.75,no phase
2013-06-30 10:24:46.000,10.0,-2.375,63.875,22.548125,1.528327,103.87,35.99,1492.0,no phase
2013-06-30 10:24:46.250,10.0,-2.25,64.0,-19.888125,1.53345,103.83,35.99,1492.25,no phase
2013-06-30 10:24:46.500,10.0,-2.625,64.0,-0.317333,1.532169,103.8,35.99,1492.5,no phase
2013-06-30 10:24:46.750,10.0,-2.5,64.0,-20.668125,1.528327,103.76,35.99,1492.75,no phase
2013-06-30 10:24:47.000,9.875,-2.875,63.875,1.044375,1.527046,103.73,35.99,1493.0,no phase
2013-06-30 10:24:47.250,9.875,-2.75,63.75,-31.708667,1.523204,103.7,35.99,1493.25,no phase
2013-06-30 10:24:47.500,10.0,-2.667,64.0,8.865625,1.529608,103.66,35.99,1493.5,no phase
2013-06-30 10:24:47.750,10.0,-2.625,64.0,-38.458667,1.520643,103.63,35.99,1493.75,no phase
2013-06-30 10:24:48.000,10.0,-2.625,64.0,11.845,1.520643,103.6,35.97,1494.0,no phase
2013-06-30 10:24:48.250,10.0,-2.5,64.0,-12.15,1.519362,103.57,35.97,1494.25,no phase
2013-06-30 10:24:48.500,10.125,-2.625,63.75,16.467333,1.520643,103.54,35.97,1494.5,no phase
2013-06-30 10:24:48.750,10.125,-2.625,64.0,-5.855,1.519362,103.5,35.97,1494.75,no phase
2013-06-30 10:24:49.000,10.0,-2.375,64.0,13.505625,1.514239,103.47,35.95,1495.0,no phase
2013-06-30 10:24:49.250,10.0,-2.5,64.0,-19.497333,1.519362,103.44,35.95,1495.25,no phase
2013-06-30 10:24:49.500,10.375,-2.75,64.0,18.13,1.523204,103.4,35.95,1495.5,no phase
2013-06-30 10:24:49.750,9.875,-2.875,64.0,14.33,1.528327,103.36,35.95,1495.75,no phase
2013-06-30 10:24:50.000,10.0,-2.625,63.75,-7.5575,1.53473,103.32,35.97,1496.0,no phase
2013-06-30 10:24:50.250,10.125,-2.5,64.0,28.9075,1.538573,103.28,35.97,1496.25,no phase
2013-06-30 10:24:50.500,10.0,-2.5,64.0,-27.31,1.541134,103.24,35.97,1496.5,no phase
2013-06-30 10:24:50.750,10.0,-2.25,64.0,3.58875,1.544976,103.2,35.97,1496.75,no phase
2013-06-30 10:24:51.000,10.0,-2.75,63.875,11.800625,1.539853,103.17,35.93,1497.0,no phase
2013-06-30 10:24:51.250,10.222,-2.556,63.889,-28.567333,1.543695,103.15,35.93,1497.25,no phase
2013-06-30 10:24:51.500,9.875,-2.625,64.0,23.110625,1.536011,103.13,35.93,1497.5,no phase
2013-06-30 10:24:51.750,10.0,-2.625,63.875,1.046667,1.538573,103.12,35.93,1497.75,no phase
2013-06-30 10:24:52.000,10.0,-2.75,64.0,-37.469375,1.550099,103.1,35.93,1498.0,opposite opinion
2013-06-30 10:24:52.250,10.125,-3.0,64.0,22.951875,1.56931,103.08,35.93,1498.25,opposite opinion
2013-06-30 10:24:52.500,10.25,-2.75,64.0,-7.791333,1.591082,103.05,35.93,1498.5,opposite opinion
2013-06-30 10:24:52.750,9.875,-2.75,63.625,-28.83375,1.621819,103.01,35.93,1498.75,opposite opinion
2013-06-30 10:24:53.000,10.625,-2.5,63.5,22.97375,1.653837,102.98,35.91,1499.0,opposite opinion
2013-06-30 10:24:53.250,10.625,-2.875,63.75,-3.624667,1.665363,102.95,35.91,1499.25,opposite opinion
2013-06-30 10:24:53.500,10.75,-2.625,63.75,-9.29875,1.674328,102.92,35.91,1499.5,opposite opinion
2013-06-30 10:24:53.750,10.75,-2.875,63.625,37.787333,1.669205,102.89,35.91,1499.75,opposite opinion
2013-06-30 10:24:54.000,10.375,-2.5,63.875,-0.64125,1.670486,102.85,35.91,1500.0,opposite opinion
2013-06-30 10:24:54.250,10.125,-2.75,63.875,-28.561875,1.646152,102.81,35.91,1500.25,opposite opinion
2013-06-30 10:24:54.500,10.5,-2.625,64.0,-11.524667,1.626942,102.77,35.91,1500.5,opposite opinion
2013-06-30 10:24:54.750,10.25,-2.625,63.875,-8.244375,1.602608,102.72,35.91,1500.75,opposite opinion
2013-06-30 10:24:55.000,10.0,-2.375,63.875,-41.275,1.548818,102.67,35.89,1501.0,opposite opinion
2013-06-30 10:24:55.250,10.111,-2.556,63.889,2.556667,1.557783,102.62,35.89,1501.25,opposite opinion
2013-06-30 10:24:55.500,9.875,-2.75,63.625,12.38875,1.55138,102.57,35.89,1501.5,opposite opinion
2013-06-30 10:24:55.750,9.75,-2.75,63.875,24.653333,1.550099,102.52,35.89,1501.75,opposite opinion
2013-06-30 10:24:56.000,10.25,-2.375,63.75,77.26875,1.578275,102.48,35.87,1502.0,opposite opinion
2013-06-30 10:24:56.250,10.375,-2.75,63.75,7.910625,1.58852,102.44,35.87,1502.25,opposite opinion
2013-06-30 10:24:56.500,10.25,-2.75,64.0,-58.493333,1.584678,102.4,35.87,1502.5,opposite opinion
2013-06-30 10:24:56.750,10.125,-2.5,63.75,4.515625,1.58724,102.37,35.87,1502.75,opposite opinion
2013-06-30 10:24:57.000,10.375,-2.75,63.75,12.460625,1.584678,102.33,35.89,1503.0,opposite opinion
2013-06-30 10:24:57.250,10.5,-2.875,63.75,40.02,1.580836,102.29,35.89,1503.25,opposite opinion
2013-06-30 10:24:57.500,10.75,-2.5,63.625,1.01375,1.585959,102.25,35.89,1503.5,opposite opinion
2013-06-30 10:24:57.750,10.625,-2.5,64.0,-35.506667,1.593643,102.2,35.89,1503.75,opposite opinion
2013-06-30 10:24:58.000,10.0,-2.875,64.0,24.2975,1.594924,102.15,35.84,1504.0,opposite opinion
2013-06-30 10:24:58.250,10.0,-2.5,64.0,-0.96125,1.598766,102.1,35.84,1504.25,opposite opinion
2013-06-30 10:24:58.500,10.375,-2.75,64.0,8.131333,1.598766,102.04,35.84,1504.5,opposite opinion
2013-06-30 10:24:58.750,10.125,-2.75,64.0,10.545625,1.594924,101.98,35.84,1504.75,opposite opinion
2013-06-30 10:24:59.000,10.667,-2.667,63.778,-27.895625,1.592363,101.92,35.87,1505.0,opposite opinion
2013-06-30 10:24:59.250,10.625,-2.875,63.625,20.125333,1.589801,101.86,35.87,1505.25,opposite opinion
2013-06-30 10:24:59.500,10.5,-3.0,63.75,-20.425,1.58852,101.8,35.87,1505.5,opposite opinion
2013-06-30 10:24:59.750,10.625,-2.75,63.875,-13.833333,1.584678,101.74,35.87,1505.75,opposite opinion
2013-06-30 10:25:00.000,10.625,-2.625,63.5,25.409375,1.584678,101.68,35.83,1506.0,opposite opinion
2013-06-30 10:25:00.250,10.625,-2.75,63.75,-35.97625,1.578275,101.62,35.83,1506.25,opposite opinion
2013-06-30 10:25:00.500,10.125,-3.0,64.0,91.256667,1.576994,101.56,35.83,1506.5,opposite opinion
2013-06-30 10:25:00.750,10.5,-3.0,63.875,150.518125,1.573152,101.5,35.83,1506.75,opposite opinion
2013-06-30 10:25:01.000,10.75,-2.875,63.5,3.120625,1.57059,101.45,35.84,1507.0,opposite opinion
2013-06-30 10:25:01.250,10.75,-2.75,63.75,-313.775333,1.573152,101.4,35.84,1507.25,opposite opinion
2013-06-30 10:25:01.500,10.875,-2.375,63.75,-442.195,1.568029,101.35,35.84,1507.5,opposite opinion
2013-06-30 10:25:01.750,10.625,-2.875,64.0,183.903333,1.574433,101.3,35.84,1507.75,opposite opinion
2013-06-30 10:25:02.000,10.5,-2.875,63.75,14.875,1.583398,101.25,35.84,1508.0,opposite opinion
2013-06-30 10:25:02.250,10.875,-2.75,63.5,27.01,1.611573,101.2,35.84,1508.25,opposite opinion
2013-06-30 10:25:02.500,11.0,-2.625,63.5,153.164,1.64231,101.15,35.84,1508.5,opposite opinion
2013-06-30 10:25:02.750,10.625,-2.625,63.625,37.346875,1.666644,101.1,35.84,1508.75,opposite opinion
2013-06-30 10:25:03.000,10.889,-2.667,63.556,43.738125,1.683293,101.05,35.83,1509.0,opposite opinion
2013-06-30 10:25:03.250,10.75,-2.625,63.5,44.790667,1.688416,101.0,35.83,1509.25,opposite opinion
2013-06-30 10:25:03.500,11.0,-2.875,63.5,-30.895,1.701223,100.95,35.83,1509.5,opposite opinion
2013-06-30 10:25:03.750,10.875,-2.375,63.5,62.928,1.697381,100.9,35.83,1509.75,opposite opinion
2013-06-30 10:25:04.000,10.625,-2.875,63.5,25.78125,1.69482,100.85,35.84,1510.0,opposite opinion
2013-06-30 10:25:04.250,11.0,-2.625,63.625,13.95875,1.690978,100.8,35.84,1510.25,opposite opinion
2013-06-30 10:25:04.500,10.875,-2.5,63.625,42.988,1.685855,100.76,35.84,1510.5,opposite opinion
2013-06-30 10:25:04.750,10.75,-2.75,63.875,-25.968125,1.690978,100.71,35.84,1510.75,opposite opinion
2013-06-30 10:25:05.000,10.25,-2.625,63.75,40.455,1.71275,100.67,35.83,1511.0,opposite opinion
2013-06-30 10:25:05.250,9.625,-2.875,63.75,32.403333,1.760136,100.63,35.83,1511.25,opposite opinion
2013-06-30 10:25:05.500,9.125,-2.875,64.0,-40.885625,1.797277,100.59,35.83,1511.5,opposite opinion
2013-06-30 10:25:05.750,8.25,-3.0,63.875,21.864667,1.822891,100.55,35.83,1511.75,opposite opinion
2013-06-30 10:25:06.000,9.0,-2.875,64.0,-15.014375,1.836979,100.5,35.84,1512.0,opposite opinion
2013-06-30 10:25:06.250,9.5,-2.875,63.875,-37.528125,1.83954,100.44,35.84,1512.25,opposite opinion
2013-06-30 10:25:06.500,9.625,-2.875,64.0,35.306,1.833137,100.38,35.84,1512.5,opposite opinion
2013-06-30 10:25:06.750,9.667,-2.778,64.0,6.856875,1.845944,100.31,35.84,1512.75,opposite opinion
2013-06-30 10:25:07.000,9.75,-3.0,64.0,-52.189375,1.862593,100.25,35.81,1513.0,opposite opinion
2013-06-30 10:25:07.250,9.75,-3.0,64.0,25.355333,1.872839,100.19,35.81,1513.25,opposite opinion
2013-06-30 10:25:07.500,10.0,-3.0,64.0,1.79625,1.890769,100.13,35.81,1513.5,opposite opinion
2013-06-30 10:25:07.750,9.625,-3.0,64.0,-32.428667,1.884365,100.08,35.81,1513.75,opposite opinion
2013-06-30 10:25:08.000,9.75,-2.875,64.0,19.396875,1.883085,100.03,35.83,1514.0,opposite opinion
2013-06-30 10:25:08.250,10.0,-3.0,64.0,-31.628125,1.879243,99.98,35.83,1514.25,opposite opinion
2013-06-30 10:25:08.500,10.0,-3.0,64.0,-4.881333,1.865155,99.93,35.83,1514.5,opposite opinion
2013-06-30 10:25:08.750,10.0,-3.0,64.0,18.949375,1.843382,99.88,35.83,1514.75,opposite opinion
2013-06-30 10:25:09.000,10.0,-2.75,64.0,-41.381875,1.831856,99.83,35.79,1515.0,opposite opinion
2013-06-30 10:25:09.250,10.0,-2.875,64.0,25.652667,1.815207,99.78,35.79,1515.25,opposite opinion
2013-06-30 10:25:09.500,10.0,-3.0,63.875,-2.753125,1.810084,99.73,35.79,1515.5,opposite opinion
2013-06-30 10:25:09.750,10.125,-2.875,63.875,-54.478667,1.804961,99.69,35.79,1515.75,opposite opinion
2013-06-30 10:25:10.000,10.125,-2.875,63.875,30.839375,1.804961,99.65,35.81,1516.0,opposite opinion
2013-06-30 10:25:10.250,10.0,-2.875,63.875,6.02125,1.804961,99.61,35.81,1516.25,opposite opinion
2013-06-30 10:25:10.500,10.0,-2.5,63.625,-15.609333,1.812645,99.58,35.81,1516.5,opposite opinion
2013-06-30 10:25:10.750,9.111,-2.667,63.778,14.845625,1.815207,99.54,35.81,1516.75,opposite opinion
2013-06-30 10:25:11.000,9.625,-2.875,64.0,-30.04625,1.82033,99.5,35.79,1517.0,opposite opinion
2013-06-30 10:25:11.250,9.875,-3.0,64.0,33.492667,1.82161,99.45,35.79,1517.25,opposite opinion
2013-06-30 10:25:11.500,10.0,-2.75,63.875,11.791875,1.822891,99.39,35.79,1517.5,opposite opinion
2013-06-30 10:25:11.750,10.125,-2.875,63.875,-15.914667,1.816488,99.32,35.79,1517.75,opposite opinion
2013-06-30 10:25:12.000,10.125,-2.75,63.75,31.230625,1.804961,99.25,35.79,1518.0,opposite opinion
2013-06-30 10:25:12.250,10.0,-2.5,64.0,-16.065,1.798558,99.17,35.79,1518.25,opposite opinion
2013-06-30 10:25:12.500,10.125,-2.625,63.625,13.442667,1.793435,99.09,35.79,1518.5,opposite opinion
2013-06-30 10:25:12.750,10.125,-2.375,63.875,29.971875,1.789593,99.03,35.79,1518.75,opposite opinion
2013-06-30 10:25:13.000,10.125,-2.75,63.625,-35.501875,1.781908,98.98,35.77,1519.0,opposite opinion
2013-06-30 10:25:13.250,10.25,-2.625,63.75,10.41,1.776785,98.96,35.77,1519.25,opposite opinion
2013-06-30 10:25:13.500,10.0,-2.5,64.0,1.225,1.774224,98.96,35.77,1519.5,opposite opinion
2013-06-30 10:25:13.750,10.125,-2.75,64.0,-37.740667,1.769101,98.97,35.77,1519.75,opposite opinion
2013-06-30 10:25:14.000,10.25,-2.875,63.75,21.45875,1.762698,98.97,35.77,1520.0,opposite opinion
2013-06-30 10:25:14.250,10.5,-2.625,63.875,6.473125,1.763978,98.96,35.77,1520.25,opposite opinion
2013-06-30 10:25:14.500,10.222,-2.778,63.889,-26.830667,1.757575,98.94,35.77,1520.5,opposite opinion
2013-06-30 10:25:14.750,10.25,-2.875,63.75,21.851875,1.757575,98.92,35.77,1520.75,opposite opinion
2013-06-30 10:25:15.000,10.375,-2.875,63.75,-10.61,1.760136,98.9,35.79,1521.0,opposite opinion
2013-06-30 10:25:15.250,10.375,-2.75,63.875,-10.118,1.762698,98.88,35.79,1521.25,opposite opinion
2013-06-30 10:25:15.500,10.5,-2.625,64.0,10.271875,1.776785,98.87,35.79,1521.5,opposite opinion
2013-06-30 10:25:15.750,10.125,-2.5,63.5,-32.503333,1.789593,98.86,35.79,1521.75,opposite opinion
2013-06-30 10:25:16.000,10.125,-2.5,63.75,6.325,1.793435,98.85,35.77,1522.0,opposite opinion
2013-06-30 10:25:16.250,10.5,-2.5,63.75,-1.324375,1.795996,98.84,35.77,1522.25,opposite opinion
2013-06-30 10:25:16.500,10.875,-2.5,63.875,-44.534667,1.799838,98.83,35.77,1522.5,opposite opinion
2013-06-30 10:25:16.750,10.5,-2.5,63.75,17.48875,1.810084,98.81,35.77,1522.75,opposite opinion
2013-06-30 10:25:17.000,10.75,-2.75,63.875,2.191875,1.82033,98.8,35.75,1523.0,opposite opinion
2013-06-30 10:25:17.250,10.625,-2.75,64.0,-4.196,1.829295,98.79,35.75,1523.25,opposite opinion
2013-06-30 10:25:17.500,10.625,-2.5,63.875,26.2025,1.842102,98.77,35.75,1523.5,opposite opinion
2013-06-30 10:25:17.750,10.625,-2.625,63.75,-10.994,1.83954,98.76,35.75,1523.75,opposite opinion
2013-06-30 10:25:18.000,10.75,-2.5,63.875,27.605625,1.831856,98.75,35.77,1524.0,opposite opinion
2013-06-30 10:25:18.250,10.5,-2.75,63.75,3.46375,1.82033,98.74,35.77,1524.25,opposite opinion
2013-06-30 10:25:18.500,10.667,-2.333,63.556,-14.318667,1.82033,98.72,35.77,1524.5,opposite opinion
2013-06-30 10:25:18.750,11.0,-2.5,63.875,17.665,1.835698,98.7,35.77,1524.75,opposite opinion
2013-06-30 10:25:19.000,10.75,-2.875,63.75,-24.568125,1.861313,98.67,35.77,1525.0,opposite opinion
2013-06-30 10:25:19.250,10.5,-2.5,63.875,7.136,1.889488,98.62,35.77,1525.25,opposite opinion
2013-06-30 10:25:19.500,10.75,-2.875,64.0,1.84625,1.915102,98.57,35.77,1525.5,opposite opinion
2013-06-30 10:25:19.750,10.5,-2.5,63.5,-32.906667,1.926629,98.52,35.77,1525.75,opposite opinion
2013-06-30 10:25:20.000,10.625,-2.5,63.5,21.8575,1.936875,98.47,35.75,1526.0,opposite opinion
2013-06-30 10:25:20.250,10.625,-2.75,64.0,6.649375,1.938155,98.44,35.75,1526.25,opposite opinion
2013-06-30 10:25:20.500,10.5,-2.5,63.875,-10.736667,1.926629,98.41,35.75,1526.5,opposite opinion
2013-06-30 10:25:20.750,10.375,-2.75,63.5,11.616875,1.908699,98.4,35.75,1526.75,opposite opinion
2013-06-30 10:25:21.000,10.5,-2.5,63.625,-26.841875,1.894611,98.38,35.75,1527.0,opposite opinion
2013-06-30 10:25:21.250,10.75,-2.5,63.875,12.832,1.885646,98.36,35.75,1527.25,opposite opinion
2013-06-30 10:25:21.500,10.625,-2.625,63.625,-3.0075,1.889488,98.35,35.75,1527.5,opposite opinion
2013-06-30 10:25:21.750,10.875,-2.5,63.625,-38.304667,1.899734,98.34,35.75,1527.75,opposite opinion
2013-06-30 10:25:22.000,10.875,-2.5,63.875,20.59875,1.904857,98.33,35.71,1528.0,opposite opinion
2013-06-30 10:25:22.250,11.0,-2.667,63.444,-10.490625,1.90998,98.33,35.71,1528.25,opposite opinion
2013-06-30 10:25:22.500,10.875,-2.375,63.625,-20.141333,1.921506,98.34,35.71,1528.5,opposite opinion
2013-06-30 10:25:22.750,11.0,-2.375,63.625,23.829375,1.925348,98.34,35.71,1528.75,opposite opinion
2013-06-30 10:25:23.000,11.0,-2.375,63.5,-15.533125,1.92919,98.35,35.71,1529.0,opposite opinion
2013-06-30 10:25:23.250,11.0,-2.5,63.875,-6.436,1.925348,98.35,35.71,1529.25,opposite opinion
2013-06-30 10:25:23.500,10.75,-2.875,63.625,23.258125,1.906137,98.36,35.71,1529.5,opposite opinion
2013-06-30 10:25:23.750,11.5,-2.375,63.0,16.448667,1.89205,98.36,35.71,1529.75,opposite opinion
2013-06-30 10:25:24.000,15.125,0.75,63.0,-30.3425,1.876681,98.37,35.73,1530.0,opposite opinion
2013-06-30 10:25:24.250,15.25,2.875,62.375,30.41,1.866435,98.38,35.73,1530.25,opposite opinion
2013-06-30 10:25:24.500,16.25,3.625,62.125,10.45,1.858751,98.4,35.73,1530.5,opposite opinion
2013-06-30 10:25:24.750,16.125,4.625,62.0,-24.144375,1.85747,98.41,35.73,1530.75,opposite opinion
2013-06-30 10:25:25.000,15.75,4.875,62.0,23.723125,1.85619,98.42,35.71,1531.0,opposite opinion
2013-06-30 10:25:25.250,14.75,-2.75,61.875,-15.374,1.852347,98.42,35.71,1531.25,opposite opinion
2013-06-30 10:25:25.500,9.25,-1.875,63.75,-5.860625,1.843382,98.43,35.71,1531.5,opposite opinion
2013-06-30 10:25:25.750,9.5,-2.0,64.0,15.09,1.843382,98.43,35.71,1531.75,opposite opinion
2013-06-30 10:25:26.000,9.875,-2.125,64.0,-36.9775,1.83954,98.43,35.71,1532.0,opposite opinion
2013-06-30 10:25:26.250,9.444,-2.0,64.0,27.03,1.836979,98.44,35.71,1532.25,opposite opinion
2013-06-30 10:25:26.500,9.75,-2.0,64.0,-4.027333,1.835698,98.45,35.71,1532.5,opposite opinion
2013-06-30 10:25:26.750,9.5,-2.125,64.0,-28.30375,1.833137,98.47,35.71,1532.75,opposite opinion
2013-06-30 10:25:27.000,9.125,-2.125,63.875,43.435,1.830575,98.5,35.71,1533.0,opposite opinion
2013-06-30 10:25:27.250,9.0,-2.25,64.0,-7.584667,1.831856,98.54,35.71,1533.25,opposite opinion
2013-06-30 10:25:27.500,9.125,-2.25,64.0,24.276875,1.830575,98.57,35.71,1533.5,opposite opinion
2013-06-30 10:25:27.750,9.0,-2.125,64.0,13.547333,1.828014,98.6,35.71,1533.75,opposite opinion
2013-06-30 10:25:28.000,9.0,-2.0,64.0,-12.03125,1.825453,98.62,35.68,1534.0,opposite opinion
2013-06-30 10:25:28.250,9.375,-2.125,64.0,21.78875,1.826733,98.62,35.68,1534.25,opposite opinion
2013-06-30 10:25:28.500,9.125,-2.25,64.0,-19.428667,1.824172,98.6,35.68,1534.5,opposite opinion
2013-06-30 10:25:28.750,9.0,-2.5,64.0,22.490625,1.822891,98.58,35.68,1534.75,opposite opinion
2013-06-30 10:25:29.000,9.125,-2.375,64.0,-3.590625,1.822891,98.55,35.71,1535.0,opposite opinion
2013-06-30 10:25:29.250,9.0,-2.25,64.0,-11.911333,1.82161,98.53,35.71,1535.25,opposite opinion
2013-06-30 10:25:29.500,8.625,-2.375,63.875,18.475625,1.82033,98.5,35.71,1535.5,opposite opinion
2013-06-30 10:25:29.750,8.375,-2.25,64.0,-24.268,1.819049,98.49,35.71,1535.75,opposite opinion
2013-06-30 10:25:30.000,9.333,-2.333,63.889,13.298125,1.813926,98.48,35.66,1536.0,opposite opinion
2013-06-30 10:25:30.250,9.25,-2.25,64.0,51.36875,1.812645,98.48,35.66,1536.25,opposite opinion
2013-06-30 10:25:30.500,9.125,-2.625,64.0,125.662667,1.811365,98.48,35.66,1536.5,opposite opinion
2013-06-30 10:25:30.750,9.5,-2.25,64.0,99.953125,1.808803,98.49,35.66,1536.75,opposite opinion
2013-06-30 10:25:31.000,9.625,-2.25,64.0,85.4775,1.806242,98.5,35.68,1537.0,opposite opinion
2013-06-30 10:25:31.250,9.125,-2.5,64.0,11.867333,1.806242,98.52,35.68,1537.25,opposite opinion
2013-06-30 10:25:31.500,9.25,-2.125,64.0,-35.51375,1.806242,98.53,35.68,1537.5,opposite opinion
2013-06-30 10:25:31.750,9.125,-2.375,64.0,-44.320667,1.8024,98.54,35.68,1537.75,opposite opinion
2013-06-30 10:25:32.000,9.625,-2.25,64.0,-180.305,1.799838,98.53,35.68,1538.0,opposite opinion
2013-06-30 10:25:32.250,9.625,-2.5,64.0,-610.925625,1.806242,98.5,35.68,1538.25,opposite opinion
2013-06-30 10:25:32.500,9.375,-2.625,64.0,-1076.008,1.801119,98.46,35.68,1538.5,opposite opinion
2013-06-30 10:25:32.750,9.625,-2.375,64.0,567.045,1.801119,98.42,35.68,1538.75,opposite opinion
2013-06-30 10:25:33.000,9.625,-2.375,63.875,504.9275,1.798558,98.37,35.65,1539.0,opposite opinion
2013-06-30 10:25:33.250,9.75,-2.625,64.0,111.691333,1.799838,98.33,35.65,1539.25,opposite opinion
2013-06-30 10:25:33.500,9.75,-2.75,64.0,107.110625,1.795996,98.29,35.65,1539.5,opposite opinion
2013-06-30 10:25:33.750,9.875,-2.25,64.0,138.994667,1.801119,98.25,35.65,1539.75,opposite opinion
2013-06-30 10:25:34.000,9.889,-2.556,64.0,29.586875,1.797277,98.2,35.63,1540.0,opposite opinion
2013-06-30 10:25:34.250,9.875,-2.5,64.0,-38.8975,1.801119,98.15,35.63,1540.25,opposite opinion
2013-06-30 10:25:34.500,10.0,-2.375,63.875,37.927333,1.799838,98.09,35.63,1540.5,opposite opinion
2013-06-30 10:25:34.750,9.875,-1.75,63.875,4.183125,1.794715,98.02,35.63,1540.75,opposite opinion
2013-06-30 10:25:35.000,10.125,-3.0,63.875,7.671875,1.801119,97.95,35.65,1541.0,opposite opinion
2013-06-30 10:25:35.250,10.0,-2.875,64.0,33.176,1.794715,97.88,35.65,1541.25,opposite opinion
2013-06-30 10:25:35.500,10.0,-2.625,64.0,-10.749375,1.798558,97.8,35.65,1541.5,opposite opinion
2013-06-30 10:25:35.750,10.0,-2.75,63.875,49.876,1.799838,97.7,35.65,1541.75,opposite opinion
2013-06-30 10:25:36.000,9.875,-2.625,63.875,28.174375,1.797277,97.6,35.63,1542.0,second rest
2013-06-30 10:25:36.250,10.125,-2.625,63.875,-18.966875,1.808803,97.48,35.63,1542.25,second rest
2013-06-30 10:25:36.500,10.25,-2.875,63.875,35.961333,1.812645,97.35,35.63,1542.5,second rest
2013-06-30 10:25:36.750,10.0,-2.75,64.0,3.248125,1.822891,97.22,35.63,1542.75,second rest
2013-06-30 10:25:37.000,10.0,-2.875,64.0,-7.0225,1.830575,97.1,35.59,1543.0,second rest
2013-06-30 10:25:37.250,9.75,-3.0,64.0,21.951333,1.834417,96.99,35.59,1543.25,second rest
2013-06-30 10:25:37.500,9.625,-2.875,64.0,-21.211875,1.83826,96.89,35.59,1543.5,second rest
2013-06-30 10:25:37.750,9.889,-2.889,64.0,17.093333,1.83826,96.79,35.59,1543.75,second rest
2013-06-30 10:25:38.000,10.0,-2.875,64.0,-1.48375,1.830575,96.68,35.57,1544.0,second rest
2013-06-30 10:25:38.250,9.875,-2.75,63.875,-15.075625,1.817768,96.56,35.57,1544.25,second rest
2013-06-30 10:25:38.500,10.0,-2.75,64.0,8.511333,1.807523,96.44,35.57,1544.5,second rest
2013-06-30 10:25:38.750,10.0,-2.875,64.0,-30.8025,1.801119,96.32,35.57,1544.75,second rest
2013-06-30 10:25:39.000,9.875,-3.0,64.0,16.13375,1.797277,96.23,35.55,1545.0,second rest
2013-06-30 10:25:39.250,9.5,-2.875,63.875,-11.253333,1.78575,96.17,35.55,1545.25,second rest
2013-06-30 10:25:39.500,9.875,-2.875,64.0,-5.5725,1.795996,96.13,35.55,1545.5,second rest
2013-06-30 10:25:39.750,9.5,-2.625,63.875,11.485333,1.804961,96.1,35.55,1545.75,second rest
2013-06-30 10:25:40.000,9.875,-3.0,64.0,-20.344375,1.810084,96.07,35.55,1546.0,second rest
2013-06-30 10:25:40.250,9.875,-2.875,64.0,25.986875,1.811365,96.03,35.55,1546.25,second rest
2013-06-30 10:25:40.500,9.875,-2.875,64.0,-9.292,1.815207,95.98,35.55,1546.5,second rest
2013-06-30 10:25:40.750,10.0,-2.75,64.0,-3.345625,1.816488,95.92,35.55,1546.75,second rest
2013-06-30 10:25:41.000,9.875,-2.875,64.0,-0.63125,1.812645,95.85,35.49,1547.0,second rest
2013-06-30 10:25:41.250,10.0,-2.875,64.0,4.915333,1.82033,95.78,35.49,1547.25,second rest
2013-06-30 10:25:41.500,10.0,-3.0,64.0,5.451875,1.82161,95.71,35.49,1547.5,second rest
2013-06-30 10:25:41.750,9.778,-2.667,63.778,-23.180667,1.82033,95.63,35.49,1547.75,second rest
2013-06-30 10:25:42.000,10.0,-2.75,63.875,13.636875,1.822891,95.55,35.47,1548.0,second rest
2013-06-30 10:25:42.250,9.875,-2.75,63.75,-26.01875,1.828014,95.46,35.47,1548.25,second rest
2013-06-30 10:25:42.500,10.0,-3.0,64.0,20.436,1.829295,95.37,35.47,1548.5,second rest
2013-06-30 10:25:42.750,10.0,-3.0,64.0,-8.191875,1.831856,95.27,35.47,1548.75,second rest
2013-06-30 10:25:43.000,9.875,-3.0,64.0,12.346875,1.833137,95.18,35.47,1549.0,second rest
2013-06-30 10:25:43.250,9.625,-3.0,63.875,3.758667,1.842102,95.09,35.47,1549.25,second rest
2013-06-30 10:25:43.500,9.625,-2.875,64.0,-9.185625,1.848505,94.99,35.47,1549.5,second rest
2013-06-30 10:25:43.750,10.0,-3.0,64.0,5.98,1.851067,94.9,35.47,1549.75,second rest
2013-06-30 10:25:44.000,10.0,-3.0,64.0,-18.219375,1.851067,94.8,35.49,1550.0,second rest
2013-06-30 10:25:44.250,9.875,-2.75,64.0,8.02875,1.852347,94.7,35.49,1550.25,second rest
2013-06-30 10:25:44.500,9.875,-2.875,64.0,-16.121333,1.85747,94.58,35.49,1550.5,second rest
2013-06-30 10:25:44.750,10.125,-2.75,63.875,0.735,1.854909,94.46,35.49,1550.75,second rest
2013-06-30 10:25:45.000,9.625,-2.875,63.875,-0.533125,1.853628,94.33,35.43,1551.0,second rest
2013-06-30 10:25:45.250,9.375,-2.875,64.0,-13.224667,1.854909,94.19,35.43,1551.25,second rest
2013-06-30 10:25:45.500,9.667,-2.889,64.0,2.955,1.851067,94.04,35.43,1551.5,second rest
2013-06-30 10:25:45.750,10.0,-2.875,64.0,-19.742,1.849786,93.9,35.43,1551.75,second rest
2013-06-30 10:25:46.000,9.5,-2.875,64.0,11.356875,1.851067,93.78,35.43,1552.0,second rest
2013-06-30 10:25:46.250,9.25,-2.875,64.0,-8.5725,1.848505,93.68,35.43,1552.25,second rest
2013-06-30 10:25:46.500,9.0,-3.0,64.0,13.299333,1.848505,93.6,35.43,1552.5,second rest
2013-06-30 10:25:46.750,9.125,-2.125,64.0,-11.3225,1.845944,93.53,35.43,1552.75,second rest
2013-06-30 10:25:47.000,9.0,-2.125,64.0,-9.139375,1.844663,93.47,35.41,1553.0,second rest
2013-06-30 10:25:47.250,9.0,-2.5,64.0,3.488,1.840821,93.4,35.41,1553.25,second rest
2013-06-30 10:25:47.500,9.0,-2.375,64.0,2.0525,1.852347,93.33,35.41,1553.5,second rest
2013-06-30 10:25:47.750,9.125,-2.375,63.875,10.602667,1.844663,93.27,35.41,1553.75,second rest
2013-06-30 10:25:48.000,9.5,-2.375,64.0,-7.770625,1.848505,93.2,35.41,1554.0,second rest
2013-06-30 10:25:48.250,9.75,-2.5,64.125,-1.11625,1.849786,93.14,35.41,1554.25,second rest
2013-06-30 10:25:48.500,9.875,-2.375,64.0,-15.404667,1.851067,93.08,35.41,1554.5,second rest
2013-06-30 10:25:48.750,9.875,-2.625,63.875,4.81,1.851067,93.02,35.41,1554.75,second rest
2013-06-30 10:25:49.000,10.125,-2.75,63.75,-5.435625,1.85619,92.97,35.37,1555.0,second rest
2013-06-30 10:25:49.250,9.5,-2.75,63.75,21.07,1.854909,92.92,35.37,1555.25,second rest
2013-06-30 10:25:49.500,9.556,-2.889,64.0,-11.091875,1.860032,92.86,35.37,1555.5,second rest
2013-06-30 10:25:49.750,9.625,-2.625,64.0,4.343333,1.85619,92.81,35.37,1555.75,second rest
2013-06-30 10:25:50.000,9.375,-2.625,64.0,-11.19875,1.85747,92.77,35.37,1556.0,second rest
2013-06-30 10:25:50.250,9.375,-2.75,64.125,3.079375,1.853628,92.73,35.37,1556.25,second rest
2013-06-30 10:25:50.500,9.25,-2.125,63.875,-7.126667,1.85619,92.7,35.37,1556.5,second rest
2013-06-30 10:25:50.750,9.125,-2.375,63.75,-4.51,1.852347,92.68,35.37,1556.75,second rest
2013-06-30 10:25:51.000,9.625,-2.375,63.875,3.575625,1.851067,92.65,35.37,1557.0,second rest
2013-06-30 10:25:51.250,9.75,-2.25,63.75,-15.224667,1.847225,92.63,35.37,1557.25,second rest
2013-06-30 10:25:51.500,9.625,-2.625,63.625,16.328125,1.845944,92.6,35.37,1557.5,second rest
2013-06-30 10:25:51.750,9.5,-2.5,64.0,-21.823333,1.845944,92.58,35.37,1557.75,second rest
2013-06-30 10:25:52.000,9.5,-2.25,64.0,16.94375,1.843382,92.57,35.37,1558.0,second rest
2013-06-30 10:25:52.250,9.875,-2.5,64.0,12.980625,1.849786,92.56,35.37,1558.25,second rest
2013-06-30 10:25:52.500,9.5,-2.875,64.0,-12.973333,1.85747,92.56,35.37,1558.5,second rest
2013-06-30 10:25:52.750,9.625,-3.0,64.0,17.84125,1.866435,92.55,35.37,1558.75,second rest
2013-06-30 10:25:53.000,9.75,-2.75,63.875,-4.0525,1.877962,92.55,35.37,1559.0,second rest
2013-06-30 10:25:53.250,9.333,-3.0,64.0,1.531333,1.888208,92.54,35.37,1559.25,second rest
2013-06-30 10:25:53.500,9.875,-3.0,64.0,-2.11125,1.890769,92.54,35.37,1559.5,second rest
2013-06-30 10:25:53.750,9.875,-3.0,64.0,-32.815333,1.898453,92.53,35.37,1559.75,second rest
2013-06-30 10:25:54.000,9.625,-3.0,63.75,21.69625,1.895892,92.52,35.37,1560.0,second rest
2013-06-30 10:25:54.250,10.0,-3.0,63.875,-15.533125,1.898453,92.51,35.37,1560.25,second rest
2013-06-30 10:25:54.500,10.5,-3.0,63.75,3.474,1.89333,92.5,35.37,1560.5,second rest
2013-06-30 10:25:54.750,10.125,-3.0,63.875,9.996875,1.884365,92.49,35.37,1560.75,second rest
2013-06-30 10:25:55.000,10.0,-3.0,63.875,-6.1325,1.883085,92.48,35.37,1561.0,second rest
2013-06-30 10:25:55.250,9.875,-3.0,64.0,13.219333,1.87412,92.47,35.37,1561.25,second rest
2013-06-30 10:25:55.500,9.5,-3.0,64.0,-12.613125,1.867716,92.46,35.37,1561.5,second rest
2013-06-30 10:25:55.750,9.0,-3.125,64.0,16.902667,1.868997,92.45,35.37,1561.75,second rest
2013-06-30 10:25:56.000,8.875,-3.125,64.0,0.354375,1.862593,92.43,35.37,1562.0,second rest
2013-06-30 10:25:56.250,8.75,-3.125,64.0,15.22875,1.861313,92.41,35.37,1562.25,second rest
2013-06-30 10:25:56.500,8.625,-3.0,64.0,8.041333,1.853628,92.38,35.37,1562.5,second rest
2013-06-30 10:25:56.750,8.375,-3.0,64.0,-14.0825,1.851067,92.36,35.37,1562.75,second rest
2013-06-30 10:25:57.000,8.125,-3.125,64.0,15.325625,1.851067,92.33,35.39,1563.0,second rest
2013-06-30 10:25:57.250,8.111,-3.333,64.0,-0.919333,1.849786,92.3,35.39,1563.25,second rest
2013-06-30 10:25:57.500,8.5,-3.125,64.0,13.085,1.848505,92.28,35.39,1563.5,second rest
2013-06-30 10:25:57.750,9.0,-3.125,64.0,-19.694,1.844663,92.25,35.39,1563.75,second rest
2013-06-30 10:25:58.000,9.0,-3.125,64.0,6.17375,1.844663,92.22,35.34,1564.0,second rest
2013-06-30 10:25:58.250,9.0,-3.0,64.0,-21.829375,1.842102,92.19,35.34,1564.25,second rest
2013-06-30 10:25:58.500,9.0,-3.0,64.0,7.528,1.844663,92.16,35.34,1564.5,second rest
2013-06-30 10:25:58.750,9.0,-3.0,64.0,-26.27,1.840821,92.13,35.34,1564.75,second rest
2013-06-30 10:25:59.000,9.0,-3.0,64.0,7.3425,1.836979,92.1,35.37,1565.0,second rest
2013-06-30 10:25:59.250,9.0,-3.125,64.0,22.186667,1.836979,92.07,35.37,1565.25,second rest
2013-06-30 10:25:59.500,9.0,-3.0,64.0,-26.603125,1.834417,92.03,35.37,1565.5,second rest
2013-06-30 10:25:59.750,9.0,-3.375,64.0,36.544667,1.836979,91.99,35.37,1565.75,second rest
2013-06-30 10:26:00.000,8.875,-3.25,64.0,18.443125,1.831856,91.95,35.37,1566.0,second rest
2013-06-30 10:26:00.250,9.0,-3.25,64.0,-32.403125,1.828014,91.91,35.37,1566.25,second rest
2013-06-30 10:26:00.500,8.875,-3.25,64.0,6.732667,1.829295,91.87,35.37,1566.5,second rest
2013-06-30 10:26:00.750,9.0,-3.0,64.0,10.10375,1.826733,91.82,35.37,1566.75,second rest
2013-06-30 10:26:01.000,9.0,-3.111,64.0,-27.720625,1.817768,91.77,35.37,1567.0,second rest
2013-06-30 10:26:01.250,9.0,-3.25,64.0,10.15,1.813926,91.71,35.37,1567.25,second rest
2013-06-30 10:26:01.500,9.0,-3.125,64.0,4.510625,1.808803,91.65,35.37,1567.5,second rest
2013-06-30 10:26:01.750,9.0,-3.0,64.0,-27.154,1.806242,91.59,35.37,1567.75,second rest
2013-06-30 10:26:02.000,9.0,-3.125,64.0,15.185625,1.799838,91.52,35.37,1568.0,second rest
2013-06-30 10:26:02.250,9.0,-3.0,64.0,-0.4225,1.810084,91.45,35.37,1568.25,second rest
2013-06-30 10:26:02.500,9.0,-3.0,64.0,-27.234,1.807523,91.38,35.37,1568.5,second rest
2013-06-30 10:26:02.750,9.0,-3.0,64.0,21.156875,1.795996,91.32,35.37,1568.75,second rest
2013-06-30 10:26:03.000,9.0,-3.0,64.0,-6.753125,1.789593,91.25,35.37,1569.0,second rest
2013-06-30 10:26:03.250,9.0,-3.0,64.0,-25.458667,1.790873,91.18,35.37,1569.25,second rest
2013-06-30 10:26:03.500,8.875,-3.0,64.0,32.464375,1.793435,91.12,35.37,1569.5,second rest
2013-06-30 10:26:03.750,9.0,-3.0,64.0,12.99,1.792154,91.05,35.37,1569.75,second rest
2013-06-30 10:26:04.000,9.0,-3.25,64.0,-1.81,1.787031,90.98,35.37,1570.0,second rest
2013-06-30 10:26:04.250,8.875,-3.25,64.0,23.1,1.783189,90.91,35.37,1570.25,second rest
2013-06-30 10:26:04.500,9.0,-3.0,64.0,-1.64,1.780627,90.83,35.37,1570.5,second rest
2013-06-30 10:26:04.750,9.0,-3.0,64.0,-38.6175,1.778066,90.76,35.37,1570.75,second rest
2013-06-30 10:26:05.000,9.0,-3.111,64.0,17.535,1.778066,90.68,35.37,1571.0,second rest
2013-06-30 10:26:05.250,9.0,-3.125,64.0,17.824667,1.775505,90.6,35.37,1571.25,second rest
2013-06-30 10:26:05.500,9.0,-3.25,64.0,-30.393125,1.780627,90.53,35.37,1571.5,second rest
2013-06-30 10:26:05.750,9.0,-3.0,64.0,10.214,1.780627,90.46,35.37,1571.75,second rest
2013-06-30 10:26:06.000,9.0,-3.25,64.0,20.249375,1.778066,90.4,35.41,1572.0,second rest
2013-06-30 10:26:06.250,9.0,-3.0,64.0,-19.054375,1.778066,90.35,35.41,1572.25,second rest
2013-06-30 10:26:06.500,9.0,-3.125,64.0,-10.03,1.776785,90.3,35.41,1572.5,second rest
2013-06-30 10:26:06.750,9.0,-3.0,64.0,20.18625,1.78575,90.26,35.41,1572.75,second rest
2013-06-30 10:26:07.000,8.875,-3.125,64.0,-7.734375,1.799838,90.22,35.41,1573.0,second rest
2013-06-30 10:26:07.250,9.0,-3.125,64.0,-13.945333,1.795996,90.17,35.41,1573.25,second rest
2013-06-30 10:26:07.500,8.75,-3.0,64.0,18.45875,1.799838,90.12,35.41,1573.5,second rest
2013-06-30 10:26:07.750,9.0,-3.125,64.0,-8.770667,1.798558,90.07,35.41,1573.75,second rest
2013-06-30 10:26:08.000,9.0,-3.125,64.0,-16.669375,1.8024,90.02,35.41,1574.0,second rest
2013-06-30 10:26:08.250,9.0,-3.0,64.0,17.78,1.80368,89.97,35.41,1574.25,second rest
2013-06-30 10:26:08.500,9.0,-3.0,64.0,-7.451333,1.799838,89.92,35.41,1574.5,second rest
2013-06-30 10:26:08.750,9.0,-3.0,64.0,-15.788125,1.797277,89.87,35.41,1574.75,second rest
2013-06-30 10:26:09.000,8.875,-3.0,64.0,18.160625,1.798558,89.82,35.43,1575.0,second rest
2013-06-30 10:26:09.250,9.0,-3.0,64.0,-11.921333,1.795996,89.77,35.43,1575.25,second rest
2013-06-30 10:26:09.500,9.0,-3.125,64.0,-2.07,1.797277,89.71,35.43,1575.5,second rest
2013-06-30 10:26:09.750,9.0,-3.0,64.0,18.829333,1.804961,89.66,35.43,1575.75,second rest
2013-06-30 10:26:10.000,8.75,-3.25,64.0,-17.9875,1.812645,89.6,35.43,1576.0,second rest
2013-06-30 10:26:10.250,9.0,-3.0,64.0,4.24,1.815207,89.54,35.43,1576.25,second rest
2013-06-30 10:26:10.500,8.875,-3.25,64.0,19.931333,1.828014,89.48,35.43,1576.5,second rest
2013-06-30 10:26:10.750,8.75,-3.0,64.0,-22.329375,1.835698,89.43,35.43,1576.75,second rest
2013-06-30 10:26:11.000,8.875,-3.125,64.0,8.12125,1.847225,89.38,35.47,1577.0,second rest
2013-06-30 10:26:11.250,9.0,-3.0,64.0,23.279333,1.848505,89.34,35.47,1577.25,second rest
2013-06-30 10:26:11.500,8.75,-3.0,64.0,-17.37,1.845944,89.3,35.47,1577.5,second rest
2013-06-30 10:26:11.750,9.0,-3.0,64.0,0.500667,1.848505,89.27,35.47,1577.75,second rest
2013-06-30 10:26:12.000,9.0,-3.0,64.0,21.750625,1.849786,89.25,35.43,1578.0,second rest
2013-06-30 10:26:12.250,8.625,-3.125,64.0,-7.974375,1.847225,89.24,35.43,1578.25,second rest
2013-06-30 10:26:12.500,9.0,-3.0,64.0,-12.902667,1.853628,89.23,35.43,1578.5,second rest
2013-06-30 10:26:12.750,9.0,-3.111,64.0,18.740625,1.852347,89.21,35.43,1578.75,second rest
2013-06-30 10:26:13.000,8.875,-3.0,64.0,-12.628125,1.848505,89.17,35.47,1579.0,second rest
2013-06-30 10:26:13.250,8.75,-3.0,64.0,-1.743333,1.843382,89.11,35.47,1579.25,second rest
2013-06-30 10:26:13.500,8.75,-3.25,64.0,12.83,1.83826,89.03,35.47,1579.5,second rest
2013-06-30 10:26:13.750,8.25,-3.0,64.0,-24.205333,1.834417,88.94,35.47,1579.75,second rest
2013-06-30 10:26:14.000,8.125,-3.25,64.0,-1.044375,1.829295,88.85,35.49,1580.0,second rest
2013-06-30 10:26:14.250,8.0,-3.375,64.0,16.230625,1.830575,88.77,35.49,1580.25,second rest
2013-06-30 10:26:14.500,7.875,-3.25,64.0,-20.294,1.835698,88.7,35.49,1580.5,second rest
2013-06-30 10:26:14.750,7.625,-3.5,64.0,-2.771875,1.843382,88.64,35.49,1580.75,second rest
2013-06-30 10:26:15.000,7.625,-3.125,64.0,25.100625,1.851067,88.57,35.55,1581.0,second rest
2013-06-30 10:26:15.250,7.625,-3.5,64.0,-1.536667,1.85619,88.5,35.55,1581.25,second rest
2013-06-30 10:26:15.500,7.75,-3.25,64.0,3.315625,1.85619,88.43,35.55,1581.5,second rest
2013-06-30 10:26:15.750,7.875,-3.125,64.0,78.152667,1.853628,88.35,35.55,1581.75,second rest
2013-06-30 10:26:16.000,8.0,-3.125,64.0,50.391875,1.852347,88.28,35.55,1582.0,second rest
2013-06-30 10:26:16.250,8.125,-3.25,64.0,95.45,1.844663,88.21,35.55,1582.25,second rest
2013-06-30 10:26:16.500,8.111,-3.222,64.0,53.305333,1.843382,88.15,35.55,1582.5,second rest
2013-06-30 10:26:16.750,8.0,-3.25,64.0,-42.70125,1.835698,88.08,35.55,1582.75,second rest
2013-06-30 10:26:17.000,8.0,-3.25,64.0,-377.360625,1.834417,88.02,35.57,1583.0,second rest
2013-06-30 10:26:17.250,8.125,-3.25,64.0,-574.883333,1.825453,87.96,35.57,1583.25,second rest
2013-06-30 10:26:17.500,8.25,-3.125,64.0,318.715625,1.822891,87.9,35.57,1583.5,second rest
2013-06-30 10:26:17.750,8.125,-3.125,64.0,91.168,1.819049,87.83,35.57,1583.75,second rest
2013-06-30 10:26:18.000,8.0,-3.375,64.0,127.348125,1.819049,87.77,35.57,1584.0,second rest
2013-06-30 10:26:18.250,8.375,-3.25,64.0,73.104375,1.817768,87.71,35.57,1584.25,second rest
2013-06-30 10:26:18.500,8.375,-3.25,64.0,-0.286,1.816488,87.64,35.57,1584.5,second rest
2013-06-30 10:26:18.750,8.5,-3.0,64.0,16.168125,1.815207,87.58,35.57,1584.75,second rest
2013-06-30 10:26:19.000,8.0,-3.25,64.0,-28.675625,1.82161,87.52,35.57,1585.0,second rest
2013-06-30 10:26:19.250,7.875,-3.5,64.0,45.443333,1.824172,87.46,35.57,1585.25,second rest
2013-06-30 10:26:19.500,8.0,-3.625,64.0,43.475625,1.836979,87.4,35.57,1585.5,second rest
2013-06-30 10:26:19.750,7.875,-3.375,64.0,-17.337333,1.848505,87.34,35.57,1585.75,second rest
2013-06-30 10:26:20.000,7.875,-3.625,64.0,43.426875,1.858751,87.27,35.59,1586.0,second rest
2013-06-30 10:26:20.250,7.125,-3.5,64.0,25.1975,1.85619,87.19,35.59,1586.25,second rest
2013-06-30 10:26:20.500,7.778,-3.667,64.0,-20.170667,1.860032,87.11,35.59,1586.5,second rest
2013-06-30 10:26:20.750,7.75,-4.0,64.0,36.519375,1.860032,87.02,35.59,1586.75,second rest
2013-06-30 10:26:21.000,7.875,-3.625,64.0,6.0,1.853628,86.93,35.57,1587.0,second rest
2013-06-30 10:26:21.250,7.75,-3.75,64.0,-12.975333,1.851067,86.85,35.57,1587.25,second rest
2013-06-30 10:26:21.500,7.625,-3.75,64.0,27.094375,1.848505,86.77,35.57,1587.5,second rest
2013-06-30 10:26:21.750,8.0,-3.375,64.0,-15.411333,1.847225,86.68,35.57,1587.75,second rest
2013-06-30 10:26:22.000,8.0,-3.625,64.0,7.659375,1.842102,86.6,35.61,1588.0,second rest
2013-06-30 10:26:22.250,8.0,-3.625,64.0,-15.46875,1.835698,86.51,35.61,1588.25,second rest
2013-06-30 10:26:22.500,7.875,-3.625,64.0,-38.309333,1.836979,86.42,35.61,1588.5,second rest
2013-06-30 10:26:22.750,8.0,-3.375,64.0,20.426875,1.831856,86.32,35.61,1588.75,second rest
2013-06-30 10:26:23.000,8.0,-3.875,64.0,8.47625,1.824172,86.23,35.57,1589.0,second rest
2013-06-30 10:26:23.250,7.875,-3.75,64.0,-34.778,1.822891,86.14,35.57,1589.25,second rest
2013-06-30 10:26:23.500,7.75,-3.5,64.0,6.046875,1.82033,86.06,35.57,1589.5,second rest
2013-06-30 10:26:23.750,7.875,-3.75,64.0,9.534667,1.817768,85.97,35.57,1589.75,second rest
2013-06-30 10:26:24.000,7.625,-3.75,64.0,-28.39875,1.811365,85.88,35.59,1590.0,second rest
2013-06-30 10:26:24.250,7.111,-3.778,64.0,23.7875,1.810084,85.78,35.59,1590.25,second rest
2013-06-30 10:26:24.500,7.125,-3.75,64.0,9.566,1.8024,85.68,35.59,1590.5,second rest
2013-06-30 10:26:24.750,7.375,-3.75,64.0,-23.289375,1.80368,85.58,35.59,1590.75,second rest
2013-06-30 10:26:25.000,7.5,-3.625,64.0,27.2975,1.80368,85.48,35.61,1591.0,second rest
2013-06-30 10:26:25.250,7.625,-4.0,64.0,4.762667,1.799838,85.38,35.61,1591.25,second rest
2013-06-30 10:26:25.500,7.625,-3.625,64.0,-17.320625,1.8024,85.28,35.61,1591.5,second rest
2013-06-30 10:26:25.750,7.5,-3.75,64.0,9.380667,1.799838,85.18,35.61,1591.75,second rest
2013-06-30 10:26:26.000,7.625,-3.75,64.0,-23.64875,1.801119,85.07,35.61,1592.0,second rest
2013-06-30 10:26:26.250,7.625,-3.75,64.0,10.471875,1.797277,84.96,35.61,1592.25,second rest
2013-06-30 10:26:26.500,7.5,-3.875,64.0,-5.347333,1.792154,84.85,35.61,1592.5,second rest
2013-06-30 10:26:26.750,7.75,-3.625,64.0,-36.589375,1.790873,84.73,35.61,1592.75,second rest
2013-06-30 10:26:27.000,7.625,-3.75,64.0,18.468125,1.792154,84.6,35.61,1593.0,second rest
2013-06-30 10:26:27.250,7.625,-3.875,64.0,-9.168667,1.78447,84.47,35.61,1593.25,second rest
2013-06-30 10:26:27.500,7.5,-3.75,64.0,-6.881875,1.794715,84.34,35.61,1593.5,second rest
2013-06-30 10:26:27.750,7.5,-3.75,64.0,25.630667,1.788312,84.2,35.61,1593.75,second rest
2013-06-30 10:26:28.000,7.375,-4.0,64.0,-9.930625,1.783189,84.07,35.61,1594.0,second rest
2013-06-30 10:26:28.250,7.333,-3.889,64.0,2.541875,1.775505,83.94,35.61,1594.25,second rest
2013-06-30 10:26:28.500,7.25,-4.0,64.0,30.838,1.772943,83.81,35.61,1594.5,second rest
2013-06-30 10:26:28.750,7.125,-4.0,64.0,-3.84625,1.769101,83.68,35.61,1594.75,second rest
2013-06-30 10:26:29.000,7.25,-3.75,64.0,-3.123125,1.76654,83.55,35.63,1595.0,second rest
2013-06-30 10:26:29.250,7.5,-3.875,64.0,9.428667,1.770382,83.41,35.63,1595.25,second rest
2013-06-30 10:26:29.500,7.375,-3.625,64.0,-27.554375,1.76654,83.27,35.63,1595.5,second rest
2013-06-30 10:26:29.750,7.75,-3.875,64.0,7.707333,1.758855,83.13,35.63,1595.75,second rest
2013-06-30 10:26:30.000,7.75,-3.75,64.0,5.335625,1.760136,82.98,35.63,1596.0,second rest
2013-06-30 10:26:30.250,7.375,-3.625,64.0,-31.72,1.756294,82.83,35.63,1596.25,second rest
2013-06-30 10:26:30.500,7.625,-3.625,64.0,20.454667,1.760136,82.68,35.63,1596.5,second rest
2013-06-30 10:26:30.750,7.5,-3.625,64.0,0.3,1.74989,82.53,35.63,1596.75,second rest
2013-06-30 10:26:31.000,7.5,-4.0,64.0,-24.525,1.755013,82.38,35.63,1597.0,second rest
2013-06-30 10:26:31.250,7.375,-3.75,64.0,22.347333,1.760136,82.23,35.63,1597.25,second rest
2013-06-30 10:26:31.500,7.25,-4.0,64.0,2.031875,1.752452,82.08,35.63,1597.5,second rest
2013-06-30 10:26:31.750,7.0,-4.0,64.0,-25.824667,1.752452,81.94,35.63,1597.75,second rest
2013-06-30 10:26:32.000,7.333,-4.0,64.0,22.930625,1.74989,81.82,35.61,1598.0,second rest
2013-06-30 10:26:32.250,7.125,-3.875,64.0,-1.145,1.744768,81.73,35.61,1598.25,second rest
2013-06-30 10:26:32.500,7.25,-3.875,64.0,-20.354667,1.743487,81.65,35.61,1598.5,second rest
2013-06-30 10:26:32.750,7.25,-3.75,64.0,15.961875,1.739645,81.59,35.61,1598.75,second rest
2013-06-30 10:26:33.000,7.375,-3.75,64.0,-17.596875,1.740925,81.52,35.61,1599.0,second rest
2013-06-30 10:26:33.250,7.375,-4.0,64.0,-5.234667,1.739645,81.45,35.61,1599.25,second rest
2013-06-30 10:26:33.500,7.5,-3.875,64.0,11.396875,1.737083,81.37,35.61,1599.5,second rest
2013-06-30 10:26:33.750,7.5,-4.0,64.0,-32.928667,1.737083,81.28,35.61,1599.75,second rest
2013-06-30 10:26:34.000,7.625,-4.0,64.0,7.893125,1.729399,81.2,35.63,1600.0,second rest
2013-06-30 10:26:34.250,7.25,-3.75,64.0,17.8675,1.728118,81.12,35.63,1600.25,second rest
2013-06-30 10:26:34.500,7.25,-3.75,64.0,-37.656667,1.722995,81.04,35.63,1600.5,second rest
2013-06-30 10:26:34.750,7.375,-4.0,64.0,20.191875,1.726838,80.97,35.63,1600.75,second rest
2013-06-30 10:26:35.000,7.375,-3.875,64.0,26.280625,1.720434,80.9,35.63,1601.0,second rest
2013-06-30 10:26:35.250,7.125,-3.875,64.0,-27.771333,1.720434,80.84,35.63,1601.25,second rest
2013-06-30 10:26:35.500,7.375,-4.0,64.0,13.866875,1.716592,80.79,35.63,1601.5,second rest
2013-06-30 10:26:35.750,7.25,-4.0,64.0,25.364,1.717873,80.75,35.63,1601.75,second rest
2013-06-30 10:26:36.000,7.222,-3.556,64.0,-25.52625,1.716592,80.72,35.63,1602.0,second rest
2013-06-30 10:26:36.250,7.375,-3.375,64.0,14.889375,1.711469,80.7,35.63,1602.25,second rest
2013-06-30 10:26:36.500,7.5,-3.875,64.0,11.825333,1.715311,80.69,35.63,1602.5,second rest
2013-06-30 10:26:36.750,7.25,-3.625,64.0,-35.573125,1.711469,80.68,35.63,1602.75,second rest
2013-06-30 10:26:37.000,7.375,-3.875,64.0,22.24875,1.716592,80.68,35.65,1603.0,second rest
2013-06-30 10:26:37.250,7.625,-4.0,64.0,7.032667,1.707627,80.68,35.65,1603.25,second rest
2013-06-30 10:26:37.500,7.375,-3.75,64.0,-41.0025,1.711469,80.68,35.65,1603.5,second rest
2013-06-30 10:26:37.750,7.5,-3.75,64.0,27.797333,1.711469,80.68,35.65,1603.75,second rest
2013-06-30 10:26:38.000,7.25,-3.75,64.0,23.613125,1.711469,80.68,35.66,1604.0,second rest
2013-06-30 10:26:38.250,7.125,-4.0,64.0,-32.14375,1.711469,80.68,35.66,1604.25,second rest
2013-06-30 10:26:38.500,7.0,-3.75,64.0,31.370667,1.708907,80.67,35.66,1604.5,second rest
2013-06-30 10:26:38.750,7.0,-3.875,64.0,23.154375,1.707627,80.67,35.66,1604.75,second rest
2013-06-30 10:26:39.000,6.5,-4.0,64.0,-38.1,1.705065,80.67,35.65,1605.0,second rest
2013-06-30 10:26:39.250,6.25,-4.0,64.0,15.563333,1.705065,80.67,35.65,1605.25,second rest
2013-06-30 10:26:39.500,6.0,-4.0,64.0,18.50875,1.703785,80.67,35.65,1605.5,second rest
2013-06-30 10:26:39.750,5.778,-4.0,64.0,-26.568667,1.698662,80.67,35.65,1605.75,second rest
2013-06-30 10:26:40.000,6.0,-4.0,64.0,14.860625,1.6961,80.68,35.66,1606.0,second rest
2013-06-30 10:26:40.250,6.0,-4.0,64.0,-1.79625,1.692258,80.69,35.66,1606.25,second rest
2013-06-30 10:26:40.500,6.0,-4.0,64.0,-46.236,1.69482,80.7,35.66,1606.5,second rest
2013-06-30 10:26:40.750,6.0,-4.0,64.0,13.790625,1.689697,80.71,35.66,1606.75,second rest
2013-06-30 10:26:41.000,6.125,-4.0,64.0,9.16875,1.684574,80.73,35.65,1607.0,second rest
2013-06-30 10:26:41.250,6.0,-4.0,64.0,-33.298,1.688416,80.76,35.65,1607.25,second rest
2013-06-30 10:26:41.500,6.0,-4.0,64.0,14.718125,1.685855,80.79,35.65,1607.5,second rest
2013-06-30 10:26:41.750,6.125,-4.0,64.0,26.01,1.680732,80.83,35.65,1607.75,second rest
2013-06-30 10:26:42.000,6.5,-4.0,64.0,2.089375,1.680732,80.87,35.68,1608.0,second rest
2013-06-30 10:26:42.250,6.25,-4.0,64.0,-10.879375,1.674328,80.92,35.68,1608.25,second rest
2013-06-30 10:26:42.500,6.25,-4.0,64.0,20.468667,1.675609,80.97,35.68,1608.5,second rest
2013-06-30 10:26:42.750,6.5,-4.0,64.0,-1.780625,1.671767,81.02,35.68,1608.75,second rest
2013-06-30 10:26:43.000,6.5,-4.0,64.0,-17.689375,1.670486,81.07,35.68,1609.0,second rest
2013-06-30 10:26:43.250,6.125,-4.0,64.0,12.990667,1.665363,81.12,35.68,1609.25,second rest
2013-06-30 10:26:43.500,6.5,-4.0,64.0,-8.818125,1.669205,81.17,35.68,1609.5,second rest
2013-06-30 10:26:43.750,6.556,-4.0,64.0,-10.527333,1.664083,81.22,35.68,1609.75,second rest
2013-06-30 10:26:44.000,6.375,-4.0,64.0,12.551875,1.661521,81.28,35.71,1610.0,second rest
2013-06-30 10:26:44.250,6.625,-4.0,64.0,-18.12875,1.661521,81.35,35.71,1610.25,second rest
2013-06-30 10:26:44.500,6.625,-4.0,64.0,-5.405333,1.65896,81.43,35.71,1610.5,second rest
2013-06-30 10:26:44.750,6.5,-4.0,64.0,24.569375,1.66024,81.52,35.71,1610.75,second rest
2013-06-30 10:26:45.000,6.625,-4.0,64.0,-9.26625,1.657679,81.62,35.68,1611.0,second rest
2013-06-30 10:26:45.250,7.0,-4.0,64.0,-8.167333,1.652556,81.72,35.68,1611.25,second rest
2013-06-30 10:26:45.500,6.75,-4.0,64.0,20.1375,1.655118,81.83,35.68,1611.5,second rest
2013-06-30 10:26:45.750,6.375,-4.0,64.0,-17.653333,1.653837,81.92,35.68,1611.75,second rest
2013-06-30 10:26:46.000,6.625,-4.0,64.0,-30.52875,1.652556,82.0,35.66,1612.0,second rest
2013-06-30 10:26:46.250,6.625,-4.0,64.0,22.445625,1.646152,82.05,35.66,1612.25,second rest
2013-06-30 10:26:46.500,6.375,-4.0,64.0,-10.714667,1.648714,82.09,35.66,1612.5,second rest
2013-06-30 10:26:46.750,6.375,-4.0,64.0,-65.6075,1.64231,82.11,35.66,1612.75,second rest
2013-06-30 10:26:47.000,6.75,-4.0,64.0,12.16375,1.64231,82.13,35.71,1613.0,second rest
2013-06-30 10:26:47.250,6.75,-4.0,64.0,-15.409333,1.64231,82.15,35.71,1613.25,second rest
2013-06-30 10:26:47.500,6.556,-4.0,64.0,21.850625,1.646152,82.17,35.71,1613.5,second rest
2013-06-30 10:26:47.750,6.625,-4.0,64.0,14.432,1.639749,82.18,35.71,1613.75,second rest
2013-06-30 10:26:48.000,6.625,-4.0,64.0,-35.129375,1.637188,82.2,35.66,1614.0,second rest
2013-06-30 10:26:48.250,6.625,-4.0,64.0,44.328125,1.637188,82.21,35.66,1614.25,second rest
2013-06-30 10:26:48.500,6.5,-4.0,64.0,-8.16,1.633345,82.23,35.66,1614.5,second rest
2013-06-30 10:26:48.750,6.5,-4.0,64.0,-11.830625,1.632065,82.24,35.66,1614.75,second rest
2013-06-30 10:26:49.000,6.625,-3.875,64.0,49.236875,1.630784,82.25,35.65,1615.0,second rest
2013-06-30 10:26:49.250,6.75,-3.875,64.0,-19.344,1.632065,82.26,35.65,1615.25,second rest
2013-06-30 10:26:49.500,6.75,-4.0,64.0,42.10125,1.629503,82.27,35.65,1615.5,second rest
2013-06-30 10:26:49.750,6.75,-3.875,64.0,54.032,1.62438,82.27,35.65,1615.75,second rest
2013-06-30 10:26:50.000,6.5,-4.0,64.0,-31.55375,1.62438,82.27,35.66,1616.0,second rest
2013-06-30 10:26:50.250,6.625,-4.0,64.0,34.2525,1.621819,82.27,35.66,1616.25,second rest
2013-06-30 10:26:50.500,6.875,-4.0,64.0,29.528667,1.617977,82.26,35.66,1616.5,second rest
2013-06-30 10:26:50.750,6.375,-4.0,64.0,-38.27625,1.614135,82.24,35.66,1616.75,second rest
2013-06-30 10:26:51.000,6.5,-4.0,64.0,33.606875,1.614135,82.22,35.68,1617.0,second rest
2013-06-30 10:26:51.250,6.625,-4.0,64.0,1.087333,1.610293,82.19,35.68,1617.25,second rest
2013-06-30 10:26:51.500,6.667,-4.0,64.0,-51.299375,1.607731,82.15,35.68,1617.5,second rest
2013-06-30 10:26:51.750,6.5,-4.0,64.0,38.511333,1.610293,82.12,35.68,1617.75,second rest
2013-06-30 10:26:52.000,6.625,-4.0,64.0,10.029375,1.603889,82.08,35.68,1618.0,second rest
2013-06-30 10:26:52.250,6.625,-3.875,64.0,-58.435,1.601328,82.05,35.68,1618.25,second rest
2013-06-30 10:26:52.500,6.375,-4.0,64.0,38.036667,1.598766,82.01,35.68,1618.5,second rest
2013-06-30 10:26:52.750,6.25,-4.0,64.0,24.088125,1.598766,81.98,35.68,1618.75,second rest
2013-06-30 10:26:53.000,6.375,-4.0,64.0,-53.645625,1.596205,81.95,35.68,1619.0,second rest
2013-06-30 10:26:53.250,6.25,-4.0,64.0,14.327333,1.596205,81.92,35.68,1619.25,second rest
2013-06-30 10:26:53.500,6.5,-4.0,64.0,20.503125,1.58852,81.89,35.68,1619.5,second rest
2013-06-30 10:26:53.750,6.375,-4.0,64.0,-35.885333,1.591082,81.86,35.68,1619.75,second rest
2013-06-30 10:26:54.000,6.875,-3.875,64.0,0.7425,1.58852,81.83,35.66,1620.0,second rest
2013-06-30 10:26:54.250,6.5,-4.0,64.0,15.134375,1.583398,81.81,35.66,1620.25,second rest
2013-06-30 10:26:54.500,6.625,-4.0,64.0,-47.245333,1.583398,81.79,35.66,1620.5,second rest
2013-06-30 10:26:54.750,6.75,-4.0,64.0,15.391875,1.579555,81.77,35.66,1620.75,second rest
2013-06-30 10:26:55.000,6.5,-4.0,64.0,12.32875,1.579555,81.75,35.68,1621.0,second rest
2013-06-30 10:26:55.250,6.556,-4.0,64.0,-57.614,1.584678,81.73,35.68,1621.25,second rest
2013-06-30 10:26:55.500,6.25,-4.0,64.0,25.84125,1.592363,81.71,35.68,1621.5,second rest
2013-06-30 10:26:55.750,6.625,-4.0,64.0,19.523333,1.597485,81.7,35.68,1621.75,second rest
2013-06-30 10:26:56.000,6.5,-4.0,64.0,-53.74375,1.612854,81.68,35.71,1622.0,second rest
2013-06-30 10:26:56.250,6.125,-4.0,64.0,27.648125,1.619258,81.66,35.71,1622.25,second rest
2013-06-30 10:26:56.500,6.5,-4.0,64.0,25.882667,1.626942,81.65,35.71,1622.5,second rest
2013-06-30 10:26:56.750,6.125,-4.0,64.0,-44.446875,1.629503,81.63,35.71,1622.75,second rest
2013-06-30 10:26:57.000,6.375,-4.0,64.0,9.33,1.629503,81.62,35.71,1623.0,second rest
2013-06-30 10:26:57.250,6.5,-4.0,64.0,26.039333,1.629503,81.61,35.71,1623.25,second rest
2013-06-30 10:26:57.500,6.5,-4.0,64.0,-36.53125,1.620538,81.59,35.71,1623.5,second rest
2013-06-30 10:26:57.750,6.5,-4.0,64.0,10.111333,1.617977,81.57,35.71,1623.75,second rest
2013-06-30 10:26:58.000,6.25,-4.0,64.0,21.476875,1.609012,81.55,35.73,1624.0,second rest
2013-06-30 10:26:58.250,6.375,-4.0,64.0,-46.736875,1.60517,81.52,35.73,1624.25,second rest
2013-06-30 10:26:58.500,6.375,-4.0,64.0,36.058667,1.60517,81.49,35.73,1624.5,second rest
2013-06-30 10:26:58.750,6.5,-4.0,64.0,12.63875,1.598766,81.46,35.73,1624.75,second rest
2013-06-30 10:26:59.000,6.375,-4.0,64.0,-45.835625,1.593643,81.43,35.73,1625.0,second rest
2013-06-30 10:26:59.250,6.333,-4.0,64.0,48.336,1.58724,81.4,35.73,1625.25,second rest
2013-06-30 10:26:59.500,6.375,-3.875,64.0,13.64375,1.582117,81.38,35.73,1625.5,second rest
2013-06-30 10:26:59.750,6.25,-4.0,64.0,-31.560667,1.580836,81.35,35.73,1625.75,second rest
2013-06-30 10:27:00.000,6.0,-4.0,64.0,49.33375,1.576994,81.33,35.73,1626.0,second rest
2013-06-30 10:27:00.250,6.375,-4.0,64.0,7.095,1.575713,81.31,35.73,1626.25,second rest
2013-06-30 10:27:00.500,6.125,-4.0,64.0,-28.253333,1.568029,81.28,35.73,1626.5,second rest
2013-06-30 10:27:00.750,6.125,-4.0,64.0,31.3,1.568029,81.25,35.73,1626.75,second rest
2013-06-30 10:27:01.000,6.375,-4.0,64.0,-7.79375,1.565468,81.22,35.73,1627.0,second rest
2013-06-30 10:27:01.250,6.25,-4.0,64.0,-11.363333,1.561625,81.19,35.73,1627.25,second rest
2013-06-30 10:27:01.500,6.375,-4.0,64.0,25.325625,1.562906,81.15,35.73,1627.5,second rest
2013-06-30 10:27:01.750,6.5,-4.0,64.0,-20.176,1.561625,81.12,35.73,1627.75,second rest
2013-06-30 10:27:02.000,6.25,-4.0,64.0,-24.251875,1.559064,81.08,35.73,1628.0,second rest
2013-06-30 10:27:02.250,6.375,-4.0,64.0,29.29375,1.553941,81.04,35.73,1628.25,second rest
2013-06-30 10:27:02.500,6.125,-4.0,64.0,-10.564667,1.548818,81.01,35.73,1628.5,second rest
2013-06-30 10:27:02.750,6.0,-4.0,64.0,-37.08625,1.547538,80.97,35.73,1628.75,second rest
2013-06-30 10:27:03.000,6.444,-4.0,64.0,35.799375,1.55138,80.93,35.75,1629.0,second rest
2013-06-30 10:27:03.250,6.125,-4.0,64.0,13.11,1.542415,80.89,35.75,1629.25,second rest
2013-06-30 10:27:03.500,6.25,-4.0,64.0,-65.563125,1.541134,80.84,35.75,1629.5,second rest
2013-06-30 10:27:03.750,6.375,-4.0,64.0,18.260667,1.53473,80.8,35.75,1629.75,second rest
2013-06-30 10:27:04.000,6.375,-4.0,64.0,25.408125,1.537292,80.75,35.75,1630.0,second rest
2013-06-30 10:27:04.250,6.25,-4.0,64.0,-32.514375,1.530888,80.71,35.75,1630.25,second rest
2013-06-30 10:27:04.500,6.5,-4.0,64.0,-7.729333,1.528327,80.66,35.75,1630.5,second rest
2013-06-30 10:27:04.750,6.25,-4.0,64.0,32.140625,1.525765,80.62,35.75,1630.75,second rest
2013-06-30 10:27:05.000,6.375,-4.0,64.0,-11.618125,1.524485,80.57,35.75,1631.0,second rest
2013-06-30 10:27:05.250,6.125,-4.0,64.0,-44.410667,1.524485,80.52,35.75,1631.25,second rest
2013-06-30 10:27:05.500,6.125,-4.0,64.0,46.719375,1.520643,80.47,35.75,1631.5,second rest
2013-06-30 10:27:05.750,6.25,-4.0,64.0,26.236667,1.524485,80.42,35.75,1631.75,second rest
2013-06-30 10:27:06.000,6.125,-4.0,64.0,-62.539375,1.520643,80.37,35.73,1632.0,second rest
2013-06-30 10:27:06.250,6.25,-4.0,64.0,25.956875,1.5168,80.32,35.73,1632.25,second rest
2013-06-30 10:27:06.500,6.375,-4.0,64.0,38.654667,1.5168,80.27,35.73,1632.5,second rest
2013-06-30 10:27:06.750,6.375,-4.0,64.0,-19.939375,1.51552,80.22,35.73,1632.75,second rest
2013-06-30 10:27:07.000,6.222,-4.0,64.0,-44.744375,1.514239,80.17,35.75,1633.0,second rest
2013-06-30 10:27:07.250,6.375,-3.875,64.0,35.486,1.510397,80.13,35.75,1633.25,second rest
2013-06-30 10:27:07.500,6.375,-4.0,64.0,14.88,1.510397,80.08,35.75,1633.5,second rest
2013-06-30 10:27:07.750,6.375,-4.0,64.0,-53.087333,1.501432,80.04,35.75,1633.75,second rest
2013-06-30 10:27:08.000,6.5,-4.0,64.0,29.4775,1.500151,80.0,35.75,1634.0,second rest
2013-06-30 10:27:08.250,6.375,-4.0,64.0,4.05,1.500151,79.96,35.75,1634.25,second rest
2013-06-30 10:27:08.500,6.625,-4.0,64.0,-30.637333,1.49759,79.91,35.75,1634.5,second rest
2013-06-30 10:27:08.750,6.375,-4.0,64.0,24.614375,1.492467,79.87,35.75,1634.75,second rest
2013-06-30 10:27:09.000,6.125,-4.0,64.0,-24.480625,1.493748,79.83,35.75,1635.0,second rest
2013-06-30 10:27:09.250,6.375,-4.0,64.0,13.869333,1.492467,79.79,35.75,1635.25,second rest
2013-06-30 10:27:09.500,6.625,-4.0,64.0,15.345625,1.491186,79.75,35.75,1635.5,second rest
2013-06-30 10:27:09.750,6.625,-4.0,64.0,-50.263333,1.489905,79.72,35.75,1635.75,second rest
2013-06-30 10:27:10.000,6.625,-4.0,64.0,42.95875,1.482221,79.68,35.73,1636.0,second rest
2013-06-30 10:27:10.250,6.625,-4.0,64.0,22.153125,1.484783,79.64,35.73,1636.25,second rest
2013-06-30 10:27:10.500,6.5,-4.0,64.0,-61.258667,1.482221,79.6,35.73,1636.5,second rest
2013-06-30 10:27:10.750,6.667,-4.0,64.0,49.47125,1.478379,79.57,35.73,1636.75,second rest
2013-06-30 10:27:11.000,6.625,-4.0,64.0,39.77,1.478379,79.53,35.75,1637.0,second rest
2013-06-30 10:27:11.250,6.125,-4.0,64.0,-43.096,1.473256,79.5,35.75,1637.25,second rest
2013-06-30 10:27:11.500,6.25,-4.0,64.0,-5.6325,1.473256,79.47,35.75,1637.5,second rest
2013-06-30 10:27:11.750,6.125,-4.0,64.0,52.637333,1.470695,79.44,35.75,1637.75,second rest
2013-06-30 10:27:12.000,6.25,-4.0,64.0,18.71625,1.468133,79.42,35.73,1638.0,second rest
2013-06-30 10:27:12.250,6.625,-4.0,64.0,-68.085625,1.466853,79.4,35.73,1638.25,second rest
2013-06-30 10:27:12.500,6.5,-3.875,64.0,21.057333,1.464291,79.37,35.73,1638.5,second rest
2013-06-30 10:27:12.750,6.5,-4.0,64.0,34.93,1.464291,79.35,35.73,1638.75,second rest
2013-06-30 10:27:13.000,6.5,-4.0,64.0,-16.250625,1.46301,79.33,35.71,1639.0,second rest
2013-06-30 10:27:13.250,6.375,-4.0,64.0,-37.288,1.457888,79.31,35.71,1639.25,second rest
2013-06-30 10:27:13.500,6.625,-4.0,64.0,40.584375,1.460449,79.29,35.71,1639.5,second rest
2013-06-30 10:27:13.750,6.5,-4.0,64.0,15.293333,1.46173,79.27,35.71,1639.75,second rest
2013-06-30 10:27:14.000,6.25,-4.0,64.0,-49.785,1.459168,79.25,35.71,1640.0,second rest
2013-06-30 10:27:14.250,6.375,-4.0,64.0,7.229375,1.455326,79.23,35.71,1640.25,second rest
2013-06-30 10:27:14.500,6.25,-4.0,64.0,9.054667,1.455326,79.21,35.71,1640.5,second rest
2013-06-30 10:27:14.750,6.444,-4.0,64.0,-46.7525,1.450203,79.2,35.71,1640.75,second rest
2013-06-30 10:27:15.000,6.375,-4.0,64.0,18.436875,1.450203,79.18,35.73,1641.0,second rest
2013-06-30 10:27:15.250,6.25,-4.0,64.0,5.874,1.44508,79.17,35.73,1641.25,second rest
2013-06-30 10:27:15.500,6.5,-4.0,64.0,-46.634375,1.44508,79.15,35.73,1641.5,second rest
2013-06-30 10:27:15.750,6.625,-4.0,64.0,29.024667,1.438677,79.14,35.73,1641.75,second rest
2013-06-30 10:27:16.000,6.5,-4.0,64.0,-10.11625,1.438677,79.13,35.75,1642.0,second rest
2013-06-30 10:27:16.250,6.5,-4.0,64.0,-24.525625,1.436115,79.12,35.75,1642.25,second rest
2013-06-30 10:27:16.500,6.5,-4.0,64.0,24.598,1.434835,79.1,35.75,1642.5,second rest
2013-06-30 10:27:16.750,6.125,-4.0,64.0,-31.505,1.436115,79.09,35.75,1642.75,second rest
2013-06-30 10:27:17.000,6.5,-4.0,64.0,33.824375,1.438677,79.08,35.75,1643.0,second rest
2013-06-30 10:27:17.250,6.25,-4.0,64.0,19.882,1.430993,79.07,35.75,1643.25,second rest
2013-06-30 10:27:17.500,6.25,-4.0,64.0,-25.52125,1.429712,79.06,35.75,1643.5,second rest
2013-06-30 10:27:17.750,6.5,-4.0,64.0,52.054667,1.424589,79.06,35.75,1643.75,second rest
2013-06-30 10:27:18.000,6.625,-4.0,64.0,15.48,1.428431,79.05,35.77,1644.0,second rest
2013-06-30 10:27:18.250,6.125,-4.0,64.0,-29.09875,1.423308,79.04,35.77,1644.25,second rest
2013-06-30 10:27:18.500,6.667,-4.0,64.0,42.334,1.419466,79.04,35.77,1644.5,second rest
2013-06-30 10:27:18.750,6.5,-4.0,64.0,14.109375,1.423308,79.03,35.77,1644.75,second rest
2013-06-30 10:27:19.000,6.375,-4.0,64.0,-34.84875,1.415624,79.03,35.75,1645.0,second rest
2013-06-30 10:27:19.250,6.5,-4.0,64.0,34.386667,1.415624,79.03,35.75,1645.25,second rest
2013-06-30 10:27:19.500,6.125,-4.0,64.0,7.795625,1.410501,79.02,35.75,1645.5,second rest
2013-06-30 10:27:19.750,6.375,-4.0,64.0,-51.424667,1.40922,79.02,35.75,1645.75,second rest
2013-06-30 10:27:20.000,6.375,-4.0,64.0,30.341875,1.406659,79.02,35.77,1646.0,second rest
2013-06-30 10:27:20.250,6.0,-4.0,64.0,16.411875,1.40922,79.02,35.77,1646.25,second rest
2013-06-30 10:27:20.500,6.375,-4.0,64.0,-50.666,1.406659,79.02,35.77,1646.5,second rest
2013-06-30 10:27:20.750,6.375,-4.0,64.0,9.650625,1.404098,79.03,35.77,1646.75,second rest
2013-06-30 10:27:21.000,6.125,-4.0,64.0,21.928125,1.401536,79.03,35.77,1647.0,second rest
2013-06-30 10:27:21.250,6.5,-4.0,64.0,-23.494,1.402817,79.03,35.77,1647.25,second rest
2013-06-30 10:27:21.500,6.25,-4.0,64.0,-31.631875,1.400255,79.04,35.77,1647.5,second rest
2013-06-30 10:27:21.750,6.375,-4.0,64.0,24.4,1.396413,79.04,35.77,1647.75,second rest
2013-06-30 10:27:22.000,6.5,-4.0,64.0,0.965,1.396413,79.05,35.79,1648.0,second rest
2013-06-30 10:27:22.250,6.375,-4.0,64.0,-54.535625,1.39129,79.06,35.79,1648.25,second rest
2013-06-30 10:27:22.500,6.333,-4.0,64.0,27.260667,1.396413,79.06,35.79,1648.5,second rest
2013-06-30 10:27:22.750,6.375,-4.0,64.0,10.99875,1.392571,79.07,35.79,1648.75,second rest
2013-06-30 10:27:23.000,6.25,-4.0,64.0,-47.7975,1.388729,79.07,35.79,1649.0,second rest
2013-06-30 10:27:23.250,6.25,-4.0,64.0,37.456,1.39129,79.07,35.79,1649.25,second rest
2013-06-30 10:27:23.500,6.25,-4.0,64.0,19.1725,1.388729,79.07,35.79,1649.5,second rest
2013-06-30 10:27:23.750,6.125,-4.0,64.0,-61.254,1.392571,79.08,35.79,1649.75,second rest
2013-06-30 10:27:24.000,6.25,-4.0,64.0,26.07375,1.392571,79.08,35.79,1650.0,second rest
2013-06-30 10:27:24.250,6.5,-4.0,64.0,28.04,1.381045,79.09,35.79,1650.25,second rest
2013-06-30 10:27:24.500,6.125,-4.0,64.0,-42.516667,1.377203,79.1,35.79,1650.5,second rest
2013-06-30 10:27:24.750,6.375,-4.0,64.0,23.473125,1.378483,79.11,35.79,1650.75,second rest
2013-06-30 10:27:25.000,6.375,-4.0,64.0,34.53,1.375922,79.12,35.81,1651.0,second rest
2013-06-30 10:27:25.250,6.25,-4.0,64.0,-32.690667,1.375922,79.13,35.81,1651.25,second rest
2013-06-30 10:27:25.500,6.375,-4.0,64.0,13.285,1.374641,79.14,35.81,1651.5,second rest
2013-06-30 10:27:25.750,6.5,-4.0,64.0,26.650667,1.37208,79.16,35.81,1651.75,second rest
2013-06-30 10:27:26.000,6.375,-4.0,64.0,-30.998125,1.370799,79.17,35.83,1652.0,second rest
2013-06-30 10:27:26.250,6.333,-4.0,64.0,18.08625,1.369518,79.18,35.83,1652.25,second rest
2013-06-30 10:27:26.500,6.375,-4.0,64.0,16.484667,1.369518,79.2,35.83,1652.5,second rest
2013-06-30 10:27:26.750,6.25,-4.0,64.0,-43.360625,1.364395,79.21,35.83,1652.75,second rest
2013-06-30 10:27:27.000,6.125,-4.0,64.0,31.255,1.363115,79.23,35.84,1653.0,second rest
2013-06-30 10:27:27.250,6.25,-4.0,64.0,17.742667,1.363115,79.25,35.84,1653.25,second rest
2013-06-30 10:27:27.500,6.375,-4.0,64.0,-49.098125,1.365676,79.27,35.84,1653.5,second rest
2013-06-30 10:27:27.750,6.375,-4.0,64.0,31.791333,1.357992,79.3,35.84,1653.75,second rest
2013-06-30 10:27:28.000,6.375,-4.0,64.0,21.88625,1.359273,79.32,35.84,1654.0,second rest
2013-06-30 10:27:28.250,6.375,-4.0,64.0,-46.36,1.35415,79.34,35.84,1654.25,second rest
2013-06-30 10:27:28.500,6.375,-4.0,64.0,24.418667,1.352869,79.37,35.84,1654.5,second rest
2013-06-30 10:27:28.750,6.5,-4.0,64.0,24.289375,1.356711,79.39,35.84,1654.75,second rest
2013-06-30 10:27:29.000,6.25,-4.0,64.0,-35.561875,1.356711,79.42,35.89,1655.0,second rest
2013-06-30 10:27:29.250,6.375,-4.0,64.0,4.792667,1.351588,79.45,35.89,1655.25,second rest
2013-06-30 10:27:29.500,6.25,-4.0,64.0,21.890625,1.349027,79.47,35.89,1655.5,second rest
2013-06-30 10:27:29.750,6.25,-4.0,64.0,-20.656667,1.349027,79.5,35.89,1655.75,second rest
2013-06-30 10:27:30.000,6.0,-4.0,64.0,-1.726875,1.343904,79.53,35.89,1656.0,second rest
2013-06-30 10:27:30.250,6.333,-4.0,64.0,22.985625,1.342623,79.56,35.89,1656.25,second rest
2013-06-30 10:27:30.500,6.375,-4.0,64.0,-22.835333,1.340062,79.59,35.89,1656.5,second rest
2013-06-30 10:27:30.750,6.5,-4.0,64.0,-17.355,1.343904,79.62,35.89,1656.75,second rest
2013-06-30 10:27:31.000,6.25,-4.0,64.0,31.530625,1.334939,79.65,35.93,1657.0,second rest
2013-06-30 10:27:31.250,6.25,-4.0,64.0,-6.989333,1.3375,79.68,35.93,1657.25,second rest
2013-06-30 10:27:31.500,6.125,-4.0,64.0,-39.455,1.333658,79.71,35.93,1657.5,second rest
2013-06-30 10:27:31.750,6.375,-4.0,64.0,34.118667,1.331097,79.74,35.93,1657.75,second rest
2013-06-30 10:27:32.000,6.25,-4.0,64.0,13.64625,1.332378,79.77,35.89,1658.0,second rest
2013-06-30 10:27:32.250,6.125,-4.0,64.0,-58.591875,1.329816,79.8,35.89,1658.25,second rest
2013-06-30 10:27:32.500,6.25,-4.0,64.0,33.331333,1.331097,79.83,35.89,1658.5,second rest
2013-06-30 10:27:32.750,6.25,-4.0,64.0,16.768125,1.325974,79.86,35.89,1658.75,second rest
2013-06-30 10:27:33.000,6.25,-4.0,64.0,-44.510625,1.325974,79.9,35.91,1659.0,second rest
2013-06-30 10:27:33.250,6.5,-4.0,64.0,27.75,1.323413,79.94,35.91,1659.25,second rest
2013-06-30 10:27:33.500,6.125,-4.0,64.0,-0.40125,1.323413,79.98,35.91,1659.5,second rest
2013-06-30 10:27:33.750,6.125,-4.0,64.0,-35.107333,1.322132,80.03,35.91,1659.75,second rest
2013-06-30 10:27:34.000,6.444,-4.0,64.0,11.554375,1.31957,80.07,35.89,1660.0,second rest
2013-06-30 10:27:34.250,6.375,-4.0,64.0,-20.84875,1.314448,80.11,35.89,1660.25,second rest
2013-06-30 10:27:34.500,6.25,-4.0,64.0,32.833333,1.314448,80.15,35.89,1660.5,second rest
2013-06-30 10:27:34.750,6.5,-4.0,64.0,-11.46125,1.313167,80.18,35.89,1660.75,second rest
2013-06-30 10:27:35.000,6.25,-4.0,64.0,-12.8575,1.310605,80.22,35.89,1661.0,second rest
2013-06-30 10:27:35.250,6.5,-4.0,64.0,38.617333,1.313167,80.26,35.89,1661.25,second rest
2013-06-30 10:27:35.500,6.125,-4.0,64.0,-30.710625,1.308044,80.3,35.89,1661.5,second rest
2013-06-30 10:27:35.750,6.125,-4.0,64.0,33.717333,1.308044,80.34,35.89,1661.75,second rest
2013-06-30 10:27:36.000,6.0,-4.0,64.0,65.898125,1.306763,80.37,35.91,1662.0,second rest
2013-06-30 10:27:36.250,6.125,-4.0,64.0,4.909375,1.302921,80.4,35.91,1662.25,second rest
2013-06-30 10:27:36.500,6.125,-4.0,64.0,-62.411333,1.30164,80.43,35.91,1662.5,second rest
2013-06-30 10:27:36.750,6.5,-4.0,64.0,51.51875,1.299079,80.46,35.91,1662.75,second rest
2013-06-30 10:27:37.000,6.25,-4.0,64.0,39.0825,1.299079,80.48,35.89,1663.0,second rest
2013-06-30 10:27:37.250,6.25,-4.0,64.0,-32.495333,1.295237,80.5,35.89,1663.25,second rest
2013-06-30 10:27:37.500,6.375,-4.0,64.0,-8.065,1.296518,80.53,35.89,1663.5,second rest
2013-06-30 10:27:37.750,6.25,-4.0,64.0,35.377333,1.292675,80.55,35.89,1663.75,second rest
2013-06-30 10:27:38.000,6.111,-4.0,64.0,6.83875,1.287553,80.57,35.95,1664.0,second rest
2013-06-30 10:27:38.250,6.375,-3.875,64.0,-53.083125,1.287553,80.59,35.95,1664.25,second rest
2013-06-30 10:27:38.500,6.25,-4.0,64.0,16.89,1.287553,80.6,35.95,1664.5,second rest
2013-06-30 10:27:38.750,6.125,-4.0,64.0,20.95875,1.287553,80.61,35.95,1664.75,second rest
2013-06-30 10:27:39.000,6.375,-4.0,64.0,-13.676875,1.278588,80.62,35.93,1665.0,second rest
2013-06-30 10:27:39.250,6.25,-4.0,64.0,-51.019333,1.28243,80.63,35.93,1665.25,second rest
2013-06-30 10:27:39.500,6.0,-4.0,64.0,19.059375,1.279868,80.64,35.93,1665.5,second rest
2013-06-30 10:27:39.750,6.125,-4.0,64.0,13.752667,1.279868,80.66,35.93,1665.75,second rest
2013-06-30 10:27:40.000,6.25,-4.0,64.0,-21.23875,1.272184,80.67,35.95,1666.0,second rest
2013-06-30 10:27:40.250,6.25,-4.0,64.0,-47.468125,1.273465,80.68,35.95,1666.25,second rest
2013-06-30 10:27:40.500,6.375,-4.0,64.0,16.982667,1.270903,80.7,35.95,1666.5,second rest
2013-06-30 10:27:40.750,6.125,-4.0,64.0,13.2825,1.269623,80.71,35.95,1666.75,second rest
2013-06-30 10:27:41.000,6.375,-4.0,64.0,-33.480625,1.269623,80.73,35.93,1667.0,second rest
2013-06-30 10:27:41.250,6.125,-4.0,64.0,-43.929333,1.268342,80.75,35.93,1667.25,second rest
2013-06-30 10:27:41.500,6.125,-4.0,64.0,24.233125,1.269623,80.76,35.93,1667.5,second rest
2013-06-30 10:27:41.750,6.222,-4.0,64.0,19.278667,1.26578,80.78,35.93,1667.75,second rest
2013-06-30 10:27:42.000,6.0,-4.0,64.0,-40.32875,1.267061,80.8,35.95,1668.0,second rest
2013-06-30 10:27:42.250,6.0,-4.0,64.0,-15.9225,1.260658,80.82,35.95,1668.25,second rest
2013-06-30 10:27:42.500,6.125,-4.0,64.0,34.506,1.260658,80.84,35.95,1668.5,second rest
2013-06-30 10:27:42.750,6.125,-4.0,64.0,18.24375,1.258096,80.85,35.95,1668.75,second rest
2013-06-30 10:27:43.000,6.125,-4.0,64.0,-63.988125,1.259377,80.87,35.97,1669.0,second rest
2013-06-30 10:27:43.250,6.25,-4.0,64.0,31.700667,1.251693,80.89,35.97,1669.25,second rest
2013-06-30 10:27:43.500,6.25,-3.875,64.0,41.32125,1.255535,80.9,35.97,1669.5,second rest
2013-06-30 10:27:43.750,6.125,-4.0,64.0,-6.855333,1.251693,80.92,35.97,1669.75,second rest
2013-06-30 10:27:44.000,6.25,-4.0,64.0,-46.07375,1.249131,80.93,35.97,1670.0,second rest
2013-06-30 10:27:44.250,6.0,-4.0,64.0,46.781875,1.250412,80.94,35.97,1670.25,second rest
2013-06-30 10:27:44.500,6.125,-4.0,64.0,21.646,1.249131,80.95,35.97,1670.5,second rest
2013-06-30 10:27:44.750,6.125,-4.0,64.0,-51.630625,1.245289,80.96,35.97,1670.75,second rest
2013-06-30 10:27:45.000,6.125,-4.0,64.0,45.688125,1.245289,80.97,36.0,1671.0,second rest
2013-06-30 10:27:45.250,6.125,-4.0,64.0,25.49,1.242728,80.98,36.0,1671.25,second rest
2013-06-30 10:27:45.500,6.125,-4.0,64.0,-51.480625,1.238885,81.0,36.0,1671.5,second rest
2013-06-30 10:27:45.750,6.111,-4.0,64.0,40.927333,1.242728,81.01,36.0,1671.75,second rest
2013-06-30 10:27:46.000,6.375,-3.875,64.0,24.82625,1.237605,81.03,36.0,1672.0,second rest
2013-06-30 10:27:46.250,6.375,-4.0,64.0,-49.425625,1.237605,81.05,36.0,1672.25,second rest
2013-06-30 10:27:46.500,6.125,-4.0,64.0,32.582,1.235043,81.06,36.0,1672.5,second rest
2013-06-30 10:27:46.750,6.375,-4.0,64.0,20.966875,1.235043,81.08,36.0,1672.75,second rest
2013-06-30 10:27:47.000,6.625,-4.0,64.0,-47.32,1.229921,81.1,36.03,1673.0,second rest
2013-06-30 10:27:47.250,6.125,-4.0,64.0,30.811333,1.231201,81.12,36.03,1673.25,second rest
2013-06-30 10:27:47.500,6.375,-4.0,64.0,19.855625,1.236324,81.15,36.03,1673.5,second rest
2013-06-30 10:27:47.750,6.25,-4.0,64.0,-44.895333,1.224798,81.17,36.03,1673.75,second rest
2013-06-30 10:27:48.000,6.0,-4.0,64.0,26.934375,1.22864,81.2,36.07,1674.0,second rest
2013-06-30 10:27:48.250,6.375,-4.0,64.0,15.7875,1.226078,81.22,36.07,1674.25,second rest
2013-06-30 10:27:48.500,6.125,-4.0,64.0,-50.932667,1.224798,81.25,36.07,1674.5,second rest
2013-06-30 10:27:48.750,6.125,-4.0,64.0,35.3,1.219675,81.27,36.07,1674.75,second rest
2013-06-30 10:27:49.000,6.375,-4.0,64.0,19.591875,1.220955,81.3,36.07,1675.0,second rest
2013-06-30 10:27:49.250,6.125,-4.0,64.0,-54.699333,1.215833,81.33,36.07,1675.25,second rest
2013-06-30 10:27:49.500,6.0,-4.0,64.0,31.834375,1.220955,81.36,36.07,1675.5,second rest
2013-06-30 10:27:49.750,6.375,-4.0,64.0,22.645333,1.215833,81.39,36.07,1675.75,second rest
2013-06-30 10:27:50.000,6.125,-4.0,64.0,-45.988125,1.21199,81.42,36.09,1676.0,second rest
2013-06-30 10:27:50.250,6.125,-4.0,64.0,30.648125,1.21199,81.45,36.09,1676.25,second rest
2013-06-30 10:27:50.500,6.125,-4.0,64.0,23.498,1.214552,81.48,36.09,1676.5,second rest
2013-06-30 10:27:50.750,6.0,-4.0,64.0,-44.286875,1.213271,81.5,36.09,1676.75,second rest
2013-06-30 10:27:51.000,6.125,-4.0,64.0,20.219375,1.208148,81.53,36.09,1677.0,second rest
2013-06-30 10:27:51.250,6.25,-4.0,64.0,22.481333,1.206868,81.56,36.09,1677.25,second rest
2013-06-30 10:27:51.500,6.0,-4.0,64.0,-33.8725,1.209429,81.59,36.09,1677.5,second rest
2013-06-30 10:27:51.750,6.25,-4.0,64.0,14.800667,1.204306,81.62,36.09,1677.75,second rest
2013-06-30 10:27:52.000,6.0,-4.0,64.0,20.169375,1.201745,81.65,36.07,1678.0,second rest
2013-06-30 10:27:52.250,6.125,-4.0,64.0,-41.32375,1.200464,81.68,36.07,1678.25,second rest
2013-06-30 10:27:52.500,6.125,-4.0,64.0,19.423333,1.199183,81.7,36.07,1678.5,second rest
2013-06-30 10:27:52.750,6.25,-4.0,64.0,22.12,1.200464,81.73,36.07,1678.75,second rest
2013-06-30 10:27:53.000,6.25,-4.0,64.0,-44.32375,1.195341,81.75,36.09,1679.0,second rest
2013-06-30 10:27:53.250,6.125,-4.0,64.0,15.058667,1.190218,81.77,36.09,1679.25,second rest
2013-06-30 10:27:53.500,6.111,-4.0,64.0,24.941875,1.195341,81.79,36.09,1679.5,second rest
2013-06-30 10:27:53.750,6.125,-4.0,64.0,-31.820667,1.187657,81.81,36.09,1679.75,second rest
2013-06-30 10:27:54.000,6.0,-4.0,64.0,3.981875,1.190218,81.83,36.11,1680.0,second rest
2013-06-30 10:27:54.250,6.0,-4.0,64.0,36.2925,1.183815,81.84,36.11,1680.25,second rest
2013-06-30 10:27:54.500,6.25,-4.0,64.0,-15.281333,1.187657,81.86,36.11,1680.5,second rest
2013-06-30 10:27:54.750,6.0,-4.0,64.0,-2.134375,1.186376,81.87,36.11,1680.75,second rest
2013-06-30 10:27:55.000,6.25,-4.0,64.0,3.05,1.186376,81.88,36.09,1681.0,second rest
2013-06-30 10:27:55.250,6.125,-4.0,64.0,-47.023333,1.179973,81.89,36.09,1681.25,second rest
2013-06-30 10:27:55.500,6.125,-4.0,64.0,15.115625,1.181253,81.9,36.09,1681.5,second rest
2013-06-30 10:27:55.750,6.125,-4.0,64.0,15.84,1.17613,81.91,36.09,1681.75,second rest
2013-06-30 10:27:56.000,6.25,-4.0,64.0,-43.406875,1.17613,81.92,36.15,1682.0,second rest
2013-06-30 10:27:56.250,6.125,-4.0,64.0,28.4925,1.178692,81.93,36.15,1682.25,second rest
2013-06-30 10:27:56.500,6.0,-4.0,64.0,2.138667,1.17613,81.94,36.15,1682.5,second rest
2013-06-30 10:27:56.750,6.25,-4.0,64.0,-54.79625,1.173569,81.94,36.15,1682.75,second rest
2013-06-30 10:27:57.000,6.0,-4.0,64.0,34.89375,1.167166,81.95,36.13,1683.0,second rest
2013-06-30 10:27:57.250,6.111,-4.0,64.0,19.358667,1.171008,81.96,36.13,1683.25,second rest
2013-06-30 10:27:57.500,6.125,-4.0,64.0,-40.061875,1.167166,81.97,36.13,1683.5,second rest
2013-06-30 10:27:57.750,6.0,-4.0,64.0,31.544,1.163323,81.98,36.13,1683.75,second rest
2013-06-30 10:27:58.000,6.25,-4.0,64.0,13.4875,1.168446,82.0,36.15,1684.0,second rest
2013-06-30 10:27:58.250,6.25,-4.0,64.0,-28.07375,1.160762,82.02,36.15,1684.25,second rest
2013-06-30 10:27:58.500,6.125,-4.0,64.0,33.546,1.163323,82.05,36.15,1684.5,second rest
2013-06-30 10:27:58.750,6.375,-4.0,64.0,1.994375,1.158201,82.08,36.15,1684.75,second rest
2013-06-30 10:27:59.000,6.0,-4.0,64.0,-22.480625,1.160762,82.1,36.16,1685.0,second rest
2013-06-30 10:27:59.250,6.25,-4.0,64.0,29.911333,1.15692,82.12,36.16,1685.25,second rest
2013-06-30 10:27:59.500,6.375,-4.0,64.0,-7.614375,1.15692,82.14,36.16,1685.5,second rest
2013-06-30 10:27:59.750,6.125,-4.0,64.0,-18.699333,1.151797,82.16,36.16,1685.75,second rest
2013-06-30 10:28:00.000,6.25,-4.0,64.0,30.0025,1.151797,82.18,36.16,1686.0,second rest
2013-06-30 10:28:00.250,6.125,-4.0,64.0,-8.82125,1.149235,82.21,36.16,1686.25,second rest
2013-06-30 10:28:00.500,6.0,-4.0,64.0,-20.147333,1.147955,82.24,36.16,1686.5,second rest
2013-06-30 10:28:00.750,6.0,-4.0,64.0,24.94,1.149235,82.27,36.16,1686.75,second rest
2013-06-30 10:28:01.000,6.0,-4.0,64.0,-12.388125,1.149235,82.3,36.18,1687.0,second rest
2013-06-30 10:28:01.250,6.111,-4.0,64.0,-3.963333,1.149235,82.33,36.18,1687.25,second rest
2013-06-30 10:28:01.500,6.0,-4.0,64.0,23.3075,1.144113,82.36,36.18,1687.5,second rest
2013-06-30 10:28:01.750,6.125,-4.0,64.0,-27.937333,1.145393,82.4,36.18,1687.75,second rest
2013-06-30 10:28:02.000,6.125,-4.0,64.0,-0.926875,1.141551,82.43,36.18,1688.0,second rest
2013-06-30 10:28:02.250,6.125,-4.0,64.0,27.415,1.136428,82.47,36.18,1688.25,second rest
2013-06-30 10:28:02.500,6.0,-4.0,64.0,-28.753333,1.136428,82.51,36.18,1688.5,second rest
2013-06-30 10:28:02.750,6.125,-4.0,64.0,-0.37375,1.136428,82.55,36.18,1688.75,second rest
2013-06-30 10:28:03.000,6.125,-4.0,64.0,31.06125,1.136428,82.6,36.21,1689.0,second rest
2013-06-30 10:28:03.250,6.0,-4.0,64.0,-23.350667,1.133867,82.65,36.21,1689.25,second rest
2013-06-30 10:28:03.500,6.125,-4.0,64.0,-9.616875,1.131305,82.7,36.21,1689.5,second rest
2013-06-30 10:28:03.750,6.0,-4.0,64.0,26.102667,1.128744,82.75,36.21,1689.75,second rest
2013-06-30 10:28:04.000,6.375,-4.0,64.0,-18.04625,1.127463,82.8,36.21,1690.0,second rest
2013-06-30 10:28:04.250,6.0,-4.0,64.0,-0.993125,1.127463,82.85,36.21,1690.25,second rest
2013-06-30 10:28:04.500,6.125,-4.0,64.0,22.252667,1.126183,82.91,36.21,1690.5,second rest
2013-06-30 10:28:04.750,6.25,-4.0,64.0,-34.093125,1.123621,82.96,36.21,1690.75,second rest
2013-06-30 10:28:05.000,6.0,-4.0,64.0,13.960625,1.12234,83.02,36.25,1691.0,second rest
2013-06-30 10:28:05.250,6.0,-4.0,64.0,21.565333,1.12106,83.08,36.25,1691.25,second rest
2013-06-30 10:28:05.500,6.125,-4.0,64.0,-43.235625,1.119779,83.13,36.25,1691.5,second rest
2013-06-30 10:28:05.750,6.0,-4.0,64.0,21.877333,1.12106,83.19,36.25,1691.75,second rest
2013-06-30 10:28:06.000,6.125,-4.0,64.0,21.673125,1.119779,83.25,36.25,1692.0,second rest
2013-06-30 10:28:06.250,6.125,-4.0,64.0,-41.161875,1.119779,83.31,36.25,1692.25,second rest
2013-06-30 10:28:06.500,6.0,-4.0,64.0,30.347333,1.12234,83.37,36.25,1692.5,second rest
2013-06-30 10:28:06.750,6.25,-4.0,64.0,14.3725,1.119779,83.42,36.25,1692.75,second rest
2013-06-30 10:28:07.000,6.0,-4.0,64.0,-37.39875,1.115937,83.48,36.23,1693.0,second rest
2013-06-30 10:28:07.250,6.0,-4.0,64.0,29.712,1.113375,83.54,36.23,1693.25,second rest
2013-06-30 10:28:07.500,6.125,-4.0,64.125,0.32375,1.106972,83.59,36.23,1693.5,second rest
2013-06-30 10:28:07.750,6.0,-4.0,64.0,-18.378667,1.106972,83.65,36.23,1693.75,second rest
2013-06-30 10:28:08.000,6.125,-4.0,64.0,27.013125,1.108253,83.7,36.27,1694.0,second rest
2013-06-30 10:28:08.250,6.125,-4.0,64.125,-24.18125,1.106972,83.75,36.27,1694.25,second rest
2013-06-30 10:28:08.500,6.0,-4.0,64.0,2.626,1.105691,83.8,36.27,1694.5,second rest
2013-06-30 10:28:08.750,6.0,-4.0,64.0,21.019375,1.10313,83.85,36.27,1694.75,second rest
2013-06-30 10:28:09.000,6.111,-4.0,64.0,-36.6725,1.101849,83.9,36.29,1695.0,second rest
2013-06-30 10:28:09.250,6.0,-4.0,64.0,20.75,1.098007,83.95,36.29,1695.25,second rest
2013-06-30 10:28:09.500,6.125,-4.0,64.0,14.40125,1.099288,84.0,36.29,1695.5,second rest
2013-06-30 10:28:09.750,6.125,-4.0,64.0,-39.876,1.098007,84.05,36.29,1695.75,second rest
2013-06-30 10:28:10.000,6.0,-4.0,64.0,27.625625,1.101849,84.1,36.31,1696.0,second rest
2013-06-30 10:28:10.250,6.125,-4.0,64.0,0.87875,1.098007,84.15,36.31,1696.25,second rest
2013-06-30 10:28:10.500,6.125,-4.0,64.0,-28.876667,1.094165,84.19,36.31,1696.5,second rest
2013-06-30 10:28:10.750,6.125,-4.0,64.0,31.64875,1.096726,84.23,36.31,1696.75,second rest
2013-06-30 10:28:11.000,6.125,-4.0,64.0,-10.5425,1.092884,84.27,36.33,1697.0,second rest
2013-06-30 10:28:11.250,6.0,-4.0,64.0,-20.844,1.091603,84.31,36.33,1697.25,second rest
2013-06-30 10:28:11.500,6.0,-4.0,64.0,32.586875,1.087761,84.34,36.33,1697.5,second rest
2013-06-30 10:28:11.750,6.0,-4.0,64.0,-7.854667,1.089042,84.37,36.33,1697.75,second rest
2013-06-30 10:28:12.000,6.0,-4.0,64.0,-20.316875,1.087761,84.4,36.33,1698.0,second rest
2013-06-30 10:28:12.250,6.0,-4.0,64.0,30.4175,1.08648,84.43,36.33,1698.25,second rest
2013-06-30 10:28:12.500,6.125,-4.0,64.0,-6.850667,1.082638,84.45,36.33,1698.5,second rest
2013-06-30 10:28:12.750,6.111,-4.0,64.0,-18.1875,1.082638,84.48,36.33,1698.75,second rest
2013-06-30 10:28:13.000,6.125,-4.0,64.0,24.554375,1.082638,84.5,36.34,1699.0,second rest
2013-06-30 10:28:13.250,6.125,-4.0,64.0,-23.036667,1.078796,84.53,36.34,1699.25,second rest
2013-06-30 10:28:13.500,6.0,-4.0,64.0,4.215625,1.076235,84.55,36.34,1699.5,second rest
2013-06-30 10:28:13.750,6.375,-4.0,64.0,20.859333,1.077515,84.58,36.34,1699.75,second rest
2013-06-30 10:28:14.000,6.125,-4.0,64.0,-37.918125,1.074954,84.6,36.37,1700.0,second rest
2013-06-30 10:28:14.250,6.125,-4.0,64.0,13.418125,1.076235,84.62,36.37,1700.25,second rest
2013-06-30 10:28:14.500,6.125,-4.0,64.0,24.486667,1.072393,84.64,36.37,1700.5,second rest
2013-06-30 10:28:14.750,6.0,-4.0,64.0,-37.2025,1.073673,84.66,36.37,1700.75,second rest
2013-06-30 10:28:15.000,6.125,-4.0,64.0,17.710625,1.072393,84.68,36.37,1701.0,second rest
2013-06-30 10:28:15.250,6.0,-4.0,64.0,24.369333,1.072393,84.7,36.37,1701.25,second rest
2013-06-30 10:28:15.500,6.125,-4.0,64.0,-38.14875,1.063428,84.71,36.37,1701.5,second rest
2013-06-30 10:28:15.750,6.125,-4.0,64.0,14.928667,1.064708,84.73,36.37,1701.75,second rest
2013-06-30 10:28:16.000,6.125,-4.0,64.0,19.4725,1.062147,84.75,36.41,1702.0,second rest
2013-06-30 10:28:16.250,6.0,-4.0,64.0,-40.616875,1.060866,84.77,36.41,1702.25,second rest
2013-06-30 10:28:16.500,6.125,-4.0,64.0,26.299333,1.059585,84.79,36.41,1702.5,second rest
2013-06-30 10:28:16.750,6.0,-4.0,64.0,15.47125,1.058305,84.81,36.41,1702.75,second rest
2013-06-30 10:28:17.000,6.125,-4.0,64.0,-51.9425,1.062147,84.83,36.43,1703.0,second rest
2013-06-30 10:28:17.250,6.125,-4.0,64.0,25.354667,1.055743,84.85,36.43,1703.25,second rest
2013-06-30 10:28:17.500,6.0,-4.0,64.0,22.000625,1.054463,84.87,36.43,1703.5,second rest
2013-06-30 10:28:17.750,6.0,-4.0,64.0,-48.57,1.054463,84.88,36.43,1703.75,second rest
2013-06-30 10:28:18.000,6.0,-4.0,64.0,16.704375,1.04934,84.9,36.43,1704.0,second rest
2013-06-30 10:28:18.250,6.0,-4.0,64.0,25.954375,1.051901,84.92,36.43,1704.25,second rest
2013-06-30 10:28:18.500,6.0,-4.0,64.0,-39.685333,1.046778,84.94,36.43,1704.5,second rest
2013-06-30 10:28:18.750,6.125,-4.0,64.0,17.99125,1.048059,84.96,36.43,1704.75,second rest
2013-06-30 10:28:19.000,6.125,-4.0,64.0,27.325625,1.04934,84.98,36.45,1705.0,second rest
2013-06-30 10:28:19.250,6.125,-4.0,64.0,-39.161333,1.046778,85.0,36.45,1705.25,second rest
2013-06-30 10:28:19.500,6.0,-4.0,64.0,13.534375,1.045498,85.02,36.45,1705.5,second rest
2013-06-30 10:28:19.750,6.0,-4.0,64.0,16.959333,1.044217,85.03,36.45,1705.75,second rest
2013-06-30 10:28:20.000,6.25,-4.0,64.0,-38.685625,1.045498,85.05,36.47,1706.0,second rest
2013-06-30 10:28:20.250,6.125,-4.0,64.0,32.316875,1.048059,85.07,36.47,1706.25,second rest
2013-06-30 10:28:20.500,6.0,-4.0,64.0,7.262667,1.048059,85.09,36.47,1706.5,second rest
2013-06-30 10:28:20.750,6.25,-4.0,64.0,-46.215,1.04934,85.1,36.47,1706.75,second rest
2013-06-30 10:28:21.000,6.125,-4.0,64.0,38.330625,1.04934,85.12,36.49,1707.0,second rest
2013-06-30 10:28:21.250,6.125,-4.0,64.0,6.8,1.05062,85.14,36.49,1707.25,second rest
2013-06-30 10:28:21.500,6.0,-4.0,64.0,-36.24125,1.04934,85.15,36.49,1707.5,second rest
2013-06-30 10:28:21.750,6.125,-4.0,64.0,40.996667,1.046778,85.16,36.49,1707.75,second rest
2013-06-30 10:28:22.000,6.125,-4.0,64.0,6.5475,1.042936,85.18,36.49,1708.0,second rest
2013-06-30 10:28:22.250,6.0,-4.0,64.0,-38.194375,1.042936,85.2,36.49,1708.25,second rest
2013-06-30 10:28:22.500,6.0,-4.0,64.0,37.593333,1.037813,85.21,36.49,1708.5,second rest
2013-06-30 10:28:22.750,6.125,-4.0,64.0,7.810625,1.041655,85.23,36.49,1708.75,second rest
2013-06-30 10:28:23.000,6.0,-4.0,64.0,-28.589375,1.036533,85.25,36.5,1709.0,second rest
2013-06-30 10:28:23.250,6.125,-4.0,64.0,31.818,1.041655,85.27,36.5,1709.25,second rest
2013-06-30 10:28:23.500,6.0,-4.0,64.0,-6.866875,1.037813,85.29,36.5,1709.5,second rest
2013-06-30 10:28:23.750,6.0,-4.0,64.0,-19.746,1.037813,85.3,36.5,1709.75,second rest
2013-06-30 10:28:24.000,6.125,-4.0,64.0,26.58875,1.037813,85.32,36.53,1710.0,second rest
2013-06-30 10:28:24.250,6.0,-4.0,64.0,-24.2525,1.039094,85.34,36.53,1710.25,second rest
2013-06-30 10:28:24.500,6.0,-4.0,64.0,0.822667,1.035252,85.35,36.53,1710.5,second rest
2013-06-30 10:28:24.750,6.125,-4.0,64.0,23.9925,1.03141,85.36,36.53,1710.75,second rest
2013-06-30 10:28:25.000,6.0,-4.0,64.0,-36.1725,1.030129,85.38,36.57,1711.0,second rest
2013-06-30 10:28:25.250,6.0,-4.0,64.0,19.028667,1.03141,85.4,36.57,1711.25,second rest
2013-06-30 10:28:25.500,6.25,-4.0,64.0,19.296875,1.026287,85.42,36.57,1711.5,second rest
2013-06-30 10:28:25.750,6.125,-4.0,64.0,-38.145333,1.021164,85.43,36.57,1711.75,second rest
2013-06-30 10:28:26.000,6.0,-4.0,64.0,25.7875,1.023726,85.45,36.57,1712.0,second rest
2013-06-30 10:28:26.250,6.125,-4.0,64.0,9.88625,1.022445,85.47,36.57,1712.25,second rest
2013-06-30 10:28:26.500,6.0,-4.0,64.0,-33.034,1.019883,85.48,36.57,1712.5,second rest
2013-06-30 10:28:26.750,6.125,-4.0,64.0,35.7825,1.019883,85.49,36.57,1712.75,second rest
2013-06-30 10:28:27.000,6.125,-4.0,64.0,-8.061875,1.017322,85.5,36.57,1713.0,second rest
2013-06-30 10:28:27.250,6.0,-4.0,64.0,-30.704667,1.009638,85.51,36.57,1713.25,second rest
2013-06-30 10:28:27.500,6.125,-4.0,64.0,31.51125,1.018603,85.51,36.57,1713.5,second rest
2013-06-30 10:28:27.750,6.0,-4.0,64.0,-6.689333,1.005795,85.52,36.57,1713.75,second rest
2013-06-30 10:28:28.000,6.0,-4.0,64.0,-23.33,1.017322,85.53,36.57,1714.0,second rest
2013-06-30 10:28:28.250,6.111,-4.0,64.0,28.51875,1.007076,85.54,36.57,1714.25,second rest
2013-06-30 10:28:28.500,6.0,-4.0,64.0,-11.954667,1.012199,85.55,36.57,1714.5,second rest
2013-06-30 10:28:28.750,6.0,-4.0,64.0,-17.645625,1.008357,85.56,36.57,1714.75,second rest
2013-06-30 10:28:29.000,6.25,-4.0,64.0,19.930625,1.009638,85.57,36.61,1715.0,second rest
2013-06-30 10:28:29.250,6.0,-4.0,64.0,-28.239333,1.004515,85.58,36.61,1715.25,second rest
2013-06-30 10:28:29.500,6.0,-4.0,64.0,10.028125,1.007076,85.58,36.61,1715.5,second rest
2013-06-30 10:28:29.750,6.125,-4.0,64.0,16.842667,1.007076,85.58,36.61,1715.75,second rest
2013-06-30 10:28:30.000,6.0,-4.0,64.0,-46.956875,1.005795,85.58,36.63,1716.0,second rest
2013-06-30 10:28:30.250,6.125,-4.0,64.0,20.758125,1.004515,85.58,36.63,1716.25,second rest
2013-06-30 10:28:30.500,6.125,-4.0,64.0,20.020667,1.001953,85.58,36.63,1716.5,second rest
2013-06-30 10:28:30.750,6.125,-4.0,64.0,-47.13125,1.000673,85.58,36.63,1716.75,second rest
2013-06-30 10:28:31.000,6.125,-4.0,64.0,29.95125,1.000673,85.58,36.63,1717.0,second rest
2013-06-30 10:28:31.250,6.125,-4.0,64.0,20.011333,0.99683,85.58,36.63,1717.25,second rest
2013-06-30 10:28:31.500,6.0,-4.0,64.0,-45.693125,0.999392,85.58,36.63,1717.5,second rest
2013-06-30 10:28:31.750,6.125,-4.0,64.0,32.014667,0.99683,85.58,36.63,1717.75,second rest
2013-06-30 10:28:32.000,6.0,-4.0,64.0,11.743125,0.992988,85.58,36.63,1718.0,second rest
2013-06-30 10:28:32.250,6.0,-4.0,64.0,-32.830625,0.99555,85.58,36.63,1718.25,second rest
2013-06-30 10:28:32.500,6.125,-4.0,64.0,35.979333,0.991708,85.58,36.63,1718.5,second rest
2013-06-30 10:28:32.750,6.0,-4.0,64.0,-0.85125,0.990427,85.58,36.63,1718.75,second rest
2013-06-30 10:28:33.000,6.0,-4.0,64.0,-36.9525,0.981462,85.58,36.65,1719.0,second rest
2013-06-30 10:28:33.250,6.125,-4.0,64.0,35.199333,0.985304,85.57,36.65,1719.25,second rest
2013-06-30 10:28:33.500,6.0,-4.0,64.0,-3.4225,0.985304,85.57,36.65,1719.5,second rest
2013-06-30 10:28:33.750,6.375,-4.0,64.0,-25.562667,0.985304,85.56,36.65,1719.75,second rest
2013-06-30 10:28:34.000,6.0,-4.0,64.0,35.66875,0.985304,85.55,36.65,1720.0,second rest
2013-06-30 10:28:34.250,6.0,-4.0,64.0,-6.04375,0.97762,85.54,36.65,1720.25,second rest
2013-06-30 10:28:34.500,6.25,-4.0,64.0,-25.896,0.980181,85.54,36.65,1720.5,second rest
2013-06-30 10:28:34.750,6.25,-4.0,64.0,29.8375,0.982743,85.53,36.65,1720.75,second rest
2013-06-30 10:28:35.000,6.0,-4.0,64.0,-11.83625,0.980181,85.53,36.66,1721.0,second rest
2013-06-30 10:28:35.250,6.125,-4.0,64.0,2.827333,0.97762,85.53,36.66,1721.25,second rest
2013-06-30 10:28:35.500,6.125,-4.0,64.0,19.980625,0.971216,85.52,36.66,1721.5,second rest
2013-06-30 10:28:35.750,6.125,-4.0,64.0,-38.518667,0.97762,85.52,36.66,1721.75,second rest
2013-06-30 10:28:36.000,6.222,-4.0,64.0,15.826875,0.973778,85.52,36.66,1722.0,second rest
2013-06-30 10:28:36.250,6.125,-4.0,64.0,19.140625,0.973778,85.52,36.66,1722.25,second rest
2013-06-30 10:28:36.500,6.125,-4.0,64.0,-47.468,0.971216,85.52,36.66,1722.5,second rest
2013-06-30 10:28:36.750,6.0,-4.0,64.0,27.0,0.971216,85.52,36.66,1722.75,second rest
2013-06-30 10:28:37.000,6.0,-4.0,64.0,18.013125,0.968655,85.52,36.68,1723.0,second rest
2013-06-30 10:28:37.250,6.375,-4.0,64.125,-46.83,0.969935,85.52,36.68,1723.25,second rest
2013-06-30 10:28:37.500,6.0,-4.0,64.0,31.066875,0.971216,85.52,36.68,1723.5,second rest
2013-06-30 10:28:37.750,6.0,-4.0,64.0,21.411333,0.968655,85.53,36.68,1723.75,second rest
2013-06-30 10:28:38.000,6.0,-4.0,64.0,-41.764375,0.971216,85.53,36.68,1724.0,second rest
2013-06-30 10:28:38.250,6.0,-4.0,64.0,26.539375,0.971216,85.54,36.68,1724.25,second rest
2013-06-30 10:28:38.500,6.125,-4.0,64.0,11.894667,0.968655,85.55,36.68,1724.5,second rest
2013-06-30 10:28:38.750,6.0,-4.0,64.0,-36.946875,0.969935,85.56,36.68,1724.75,second rest
2013-06-30 10:28:39.000,6.0,-4.0,64.0,33.9725,0.971216,85.57,36.71,1725.0,second rest
2013-06-30 10:28:39.250,6.125,-4.0,64.0,3.366667,0.968655,85.58,36.71,1725.25,second rest
2013-06-30 10:28:39.500,6.25,-4.0,64.0,-46.503125,0.972497,85.59,36.71,1725.5,second rest
2013-06-30 10:28:39.750,6.125,-4.0,64.0,37.8,0.966093,85.61,36.71,1725.75,second rest
2013-06-30 10:28:40.000,6.0,-4.0,64.0,10.84375,0.967374,85.62,36.73,1726.0,second rest
2013-06-30 10:28:40.250,6.0,-4.0,64.0,-46.485625,0.966093,85.63,36.73,1726.25,second rest
2013-06-30 10:28:40.500,6.0,-4.0,64.0,38.263333,0.968655,85.65,36.73,1726.5,second rest
2013-06-30 10:28:40.750,6.125,-4.0,64.0,13.28125,0.966093,85.66,36.73,1726.75,second rest
2013-06-30 10:28:41.000,6.125,-4.0,64.0,-49.09625,0.966093,85.67,36.71,1727.0,second rest
2013-06-30 10:28:41.250,6.0,-4.0,64.0,32.329333,0.962251,85.68,36.71,1727.25,second rest
2013-06-30 10:28:41.500,6.0,-4.0,64.0,10.99375,0.966093,85.69,36.71,1727.5,second rest
2013-06-30 10:28:41.750,6.125,-4.0,64.0,-39.394,0.962251,85.71,36.71,1727.75,second rest
2013-06-30 10:28:42.000,6.0,-4.0,64.0,33.43125,0.96097,85.72,36.75,1728.0,second rest
2013-06-30 10:28:42.250,6.125,-4.0,64.0,-1.440625,0.95969,85.73,36.75,1728.25,second rest
2013-06-30 10:28:42.500,6.0,-4.0,64.0,-44.08,0.955848,85.75,36.75,1728.5,second rest
2013-06-30 10:28:42.750,6.0,-4.0,64.0,36.1825,0.957128,85.76,36.75,1728.75,second rest
2013-06-30 10:28:43.000,6.125,-4.0,64.0,-1.80875,0.953286,85.77,36.73,1729.0,second rest
2013-06-30 10:28:43.250,6.125,-4.0,64.0,-46.098,0.985205,85.78,36.73,1729.25,second rest
2013-06-30 10:28:43.500,6.125,-4.0,64.0,36.995,0.982644,85.79,36.73,1729.5,second rest
2013-06-30 10:28:43.750,6.111,-4.0,64.0,10.071333,0.981363,85.81,36.73,1729.75,second rest
2013-06-30 10:28:44.000,6.0,-4.0,64.0,-53.315,0.977521,85.82,36.73,1730.0,second rest
2013-06-30 10:28:44.250,6.125,-4.0,64.0,36.439375,0.974959,85.83,36.73,1730.25,second rest
2013-06-30 10:28:44.500,6.125,-4.0,64.0,12.646,0.974959,85.85,36.73,1730.5,second rest
2013-06-30 10:28:44.750,6.125,-4.0,64.0,-42.523125,0.972398,85.86,36.73,1730.75,second rest
2013-06-30 10:28:45.000,6.0,-4.0,64.0,36.783125,0.969836,85.87,36.73,1731.0,second rest
2013-06-30 10:28:45.250,6.0,-4.0,64.0,1.593333,0.967275,85.88,36.73,1731.25,second rest
2013-06-30 10:28:45.500,6.0,-4.0,64.0,-32.790625,0.969836,85.89,36.73,1731.5,second rest
2013-06-30 10:28:45.750,6.25,-4.0,64.0,38.431333,0.963433,85.89,36.73,1731.75,second rest
2013-06-30 10:28:46.000,6.125,-4.0,64.0,-5.4125,0.964714,85.9,36.73,1732.0,second rest
2013-06-30 10:28:46.250,6.0,-4.0,64.0,-24.793125,0.964714,85.91,36.73,1732.25,second rest
2013-06-30 10:28:46.500,6.0,-4.0,64.0,39.638667,0.963433,85.91,36.73,1732.5,second rest
2013-06-30 10:28:46.750,6.0,-4.0,64.0,-5.1575,0.963433,85.92,36.73,1732.75,second rest
2013-06-30 10:28:47.000,6.0,-4.0,64.0,-20.66375,0.964714,85.92,36.73,1733.0,second rest
2013-06-30 10:28:47.250,6.125,-4.0,64.0,33.553333,0.962152,85.92,36.73,1733.25,second rest
2013-06-30 10:28:47.500,6.0,-4.0,64.0,-9.600625,0.965994,85.92,36.73,1733.5,second rest
2013-06-30 10:28:47.750,6.0,-4.0,64.0,-12.003333,0.963433,85.92,36.73,1733.75,second rest
2013-06-30 10:28:48.000,6.125,-4.0,64.0,25.52375,0.95831,85.92,36.71,1734.0,second rest
2013-06-30 10:28:48.250,6.0,-4.0,64.0,-29.6325,0.957029,85.92,36.71,1734.25,second rest
2013-06-30 10:28:48.500,6.25,-4.0,64.0,15.543333,0.953187,85.91,36.71,1734.5,second rest
2013-06-30 10:28:48.750,6.0,-4.0,64.0,20.355625,0.95831,85.91,36.71,1734.75,second rest
2013-06-30 10:28:49.000,6.0,-4.0,64.0,-48.40375,0.959591,85.9,36.68,1735.0,second rest
2013-06-30 10:28:49.250,6.0,-4.0,64.0,28.179333,0.949345,85.89,36.68,1735.25,second rest
2013-06-30 10:28:49.500,6.0,-4.0,64.0,19.914375,0.946784,85.89,36.68,1735.5,second rest
2013-06-30 10:28:49.750,6.125,-4.0,64.0,-48.844,0.950626,85.88,36.68,1735.75,second rest
2013-06-30 10:28:50.000,6.0,-4.0,64.0,32.90375,0.949345,85.88,36.71,1736.0,second rest
2013-06-30 10:28:50.250,6.0,-4.0,64.0,14.988125,0.946784,85.88,36.71,1736.25,second rest
2013-06-30 10:28:50.500,6.25,-4.0,64.0,-45.47,0.945503,85.87,36.71,1736.5,second rest
2013-06-30 10:28:50.750,6.25,-4.0,64.0,32.576875,0.941661,85.87,36.71,1736.75,second rest
2013-06-30 10:28:51.000,6.0,-4.0,64.0,5.326875,0.942941,85.87,36.71,1737.0,second rest
2013-06-30 10:28:51.250,6.25,-4.0,64.0,-28.408667,0.939099,85.87,36.71,1737.25,second rest
2013-06-30 10:28:51.500,6.0,-4.0,64.0,31.5025,0.94038,85.87,36.71,1737.5,second rest
2013-06-30 10:28:51.750,6.125,-4.0,64.0,-11.608667,0.935257,85.87,36.71,1737.75,second rest
2013-06-30 10:28:52.000,6.0,-4.0,64.0,-21.798125,0.937819,85.87,36.68,1738.0,second rest
2013-06-30 10:28:52.250,6.0,-4.0,64.0,31.631875,0.935257,85.87,36.68,1738.25,second rest
2013-06-30 10:28:52.500,6.0,-4.0,64.0,-16.726667,0.937819,85.87,36.68,1738.5,second rest
2013-06-30 10:28:52.750,6.0,-4.0,64.0,-13.87125,0.932696,85.87,36.68,1738.75,second rest
2013-06-30 10:28:53.000,6.0,-4.0,64.0,32.585,0.935257,85.87,36.71,1739.0,second rest
2013-06-30 10:28:53.250,6.125,-4.0,64.0,-20.456,0.937819,85.87,36.71,1739.25,second rest
2013-06-30 10:28:53.500,6.0,-4.0,64.0,-5.950625,0.928854,85.87,36.71,1739.5,second rest
2013-06-30 10:28:53.750,6.0,-4.0,64.0,24.845333,0.932696,85.87,36.71,1739.75,second rest
2013-06-30 10:28:54.000,6.125,-4.0,64.0,-26.613125,0.930134,85.87,36.71,1740.0,second rest
2013-06-30 10:28:54.250,6.0,-4.0,64.0,14.40625,0.931415,85.87,36.71,1740.25,second rest
2013-06-30 10:28:54.500,6.0,-4.0,64.0,16.181333,0.928854,85.87,36.71,1740.5,second rest
2013-06-30 10:28:54.750,6.25,-4.0,64.0,-48.439375,0.930134,85.88,36.71,1740.75,second rest
2013-06-30 10:28:55.000,6.0,-4.0,64.0,30.4675,0.925011,85.88,36.71,1741.0,second rest
2013-06-30 10:28:55.250,6.0,-4.0,64.0,13.893333,0.925011,85.88,36.71,1741.25,second rest
2013-06-30 10:28:55.500,6.0,-4.0,64.0,-49.1925,0.930134,85.89,36.71,1741.5,second rest
2013-06-30 10:28:55.750,6.0,-4.0,64.0,38.411333,0.925011,85.89,36.71,1741.75,second rest
2013-06-30 10:28:56.000,6.25,-4.0,64.0,12.169375,0.919889,85.9,36.71,1742.0,second rest
2013-06-30 10:28:56.250,6.0,-4.0,64.0,-45.440625,0.919889,85.91,36.71,1742.25,second rest
2013-06-30 10:28:56.500,6.0,-4.0,64.0,29.774667,0.918608,85.91,36.71,1742.5,second rest
2013-06-30 10:28:56.750,6.125,-4.0,64.0,-0.74875,0.914766,85.92,36.71,1742.75,second rest
2013-06-30 10:28:57.000,6.0,-4.0,64.0,-20.86375,0.918608,85.92,36.75,1743.0,second rest
2013-06-30 10:28:57.250,6.125,-4.0,64.0,25.474667,0.916046,85.92,36.75,1743.25,second rest
2013-06-30 10:28:57.500,6.25,-4.0,64.0,-28.445,0.921169,85.93,36.75,1743.5,second rest
2013-06-30 10:28:57.750,6.0,-4.0,64.0,7.322,0.914766,85.93,36.75,1743.75,second rest
2013-06-30 10:28:58.000,6.0,-4.0,64.0,19.91625,0.916046,85.93,36.73,1744.0,second rest
2013-06-30 10:28:58.250,6.125,-4.0,64.0,-49.979375,0.914766,85.93,36.73,1744.25,second rest
2013-06-30 10:28:58.500,6.125,-4.0,64.0,32.272667,0.912204,85.94,36.73,1744.5,second rest
2013-06-30 10:28:58.750,6.0,-4.0,64.0,18.909375,0.909643,85.94,36.73,1744.75,second rest
2013-06-30 10:28:59.000,6.125,-4.0,64.0,-41.88625,0.910924,85.95,36.77,1745.0,second rest
2013-06-30 10:28:59.250,6.222,-4.0,64.0,40.537333,0.909643,85.96,36.77,1745.25,second rest
2013-06-30 10:28:59.500,6.125,-4.0,64.0,10.406875,0.905801,85.96,36.77,1745.5,second rest
2013-06-30 10:28:59.750,6.125,-4.0,64.0,-33.128667,0.905801,85.97,36.77,1745.75,second rest
2013-06-30 10:29:00.000,6.0,-4.0,64.0,30.2975,0.901959,85.98,36.77,1746.0,second rest
2013-06-30 10:29:00.250,6.125,-4.0,64.0,-14.2425,0.903239,85.99,36.77,1746.25,second rest
2013-06-30 10:29:00.500,6.0,-4.0,64.0,9.004667,0.900678,86.0,36.77,1746.5,second rest
2013-06-30 10:29:00.750,6.0,-4.0,64.0,18.609375,0.901959,86.01,36.77,1746.75,second rest
2013-06-30 10:29:01.000,6.25,-4.0,64.0,-48.024375,0.901959,86.02,36.77,1747.0,second rest
2013-06-30 10:29:01.250,6.125,-4.0,64.0,32.474,0.899397,86.03,36.77,1747.25,second rest
2013-06-30 10:29:01.500,6.0,-4.0,64.0,16.230625,0.898116,86.04,36.77,1747.5,second rest
2013-06-30 10:29:01.750,6.125,-4.0,64.0,-44.114,0.894274,86.04,36.77,1747.75,second rest
2013-06-30 10:29:02.000,6.125,-4.0,64.0,39.015,0.894274,86.05,36.77,1748.0,second rest
2013-06-30 10:29:02.250,6.0,-4.0,64.0,8.3,0.892994,86.06,36.77,1748.25,second rest
2013-06-30 10:29:02.500,6.125,-4.0,64.0,-42.857333,0.895555,86.06,36.77,1748.5,second rest
2013-06-30 10:29:02.750,6.125,-4.0,64.0,32.44,0.891713,86.07,36.77,1748.75,second rest
2013-06-30 10:29:03.000,6.0,-4.0,64.0,-0.3125,0.895555,86.08,36.77,1749.0,second rest
2013-06-30 10:29:03.250,6.333,-4.0,64.0,-16.819333,0.894274,86.09,36.77,1749.25,second rest
2013-06-30 10:29:03.500,6.125,-4.0,64.0,23.58375,0.895555,86.1,36.77,1749.5,second rest
2013-06-30 10:29:03.750,6.0,-4.0,64.0,-33.164667,0.891713,86.11,36.77,1749.75,second rest
2013-06-30 10:29:04.000,6.125,-4.0,64.0,2.236875,0.892994,86.12,36.77,1750.0,second rest
2013-06-30 10:29:04.250,6.0,-4.0,64.0,30.779375,0.895555,86.13,36.77,1750.25,second rest
2013-06-30 10:29:04.500,6.0,-4.0,64.0,-38.589333,0.891713,86.15,36.77,1750.5,second rest
2013-06-30 10:29:04.750,6.0,-4.0,64.0,11.941875,0.889151,86.16,36.77,1750.75,second rest
2013-06-30 10:29:05.000,6.125,-4.0,64.0,23.015625,0.887871,86.17,36.79,1751.0,second rest
2013-06-30 10:29:05.250,6.0,-4.0,64.0,-42.534,0.887871,86.18,36.79,1751.25,second rest
2013-06-30 10:29:05.500,6.0,-4.0,64.0,14.055625,0.882748,86.18,36.79,1751.5,second rest
2013-06-30 10:29:05.750,6.125,-4.0,64.0,17.952,0.885309,86.19,36.79,1751.75,second rest
2013-06-30 10:29:06.000,6.125,-4.0,64.0,-40.274375,0.884029,86.2,36.83,1752.0,second rest
2013-06-30 10:29:06.250,6.0,-4.0,64.0,27.97,0.88659,86.21,36.83,1752.25,second rest
2013-06-30 10:29:06.500,6.375,-4.0,64.0,2.826667,0.885309,86.22,36.83,1752.5,second rest
2013-06-30 10:29:06.750,6.0,-4.0,64.0,-41.77625,0.881467,86.24,36.83,1752.75,second rest
2013-06-30 10:29:07.000,6.0,-4.0,64.0,36.461875,0.882748,86.25,36.81,1753.0,second rest
2013-06-30 10:29:07.250,6.25,-4.0,64.0,-3.436,0.876344,86.26,36.81,1753.25,second rest
2013-06-30 10:29:07.500,6.0,-4.0,64.0,-24.025,0.877625,86.27,36.81,1753.5,second rest
2013-06-30 10:29:07.750,6.0,-4.0,64.0,29.086667,0.873783,86.27,36.81,1753.75,second rest
2013-06-30 10:29:08.000,6.0,-4.0,64.0,-14.928125,0.877625,86.28,36.83,1754.0,second rest
2013-06-30 10:29:08.250,6.0,-4.0,64.0,-11.639375,0.871221,86.29,36.83,1754.25,second rest
2013-06-30 10:29:08.500,6.0,-4.0,64.0,30.518,0.871221,86.3,36.83,1754.5,second rest
2013-06-30 10:29:08.750,6.25,-4.0,64.0,-12.224375,0.86866,86.31,36.83,1754.75,second rest
2013-06-30 10:29:09.000,6.125,-4.0,64.0,-3.185625,0.873783,86.32,36.84,1755.0,second rest
2013-06-30 10:29:09.250,6.0,-4.0,64.0,23.589333,0.86866,86.33,36.84,1755.25,second rest
2013-06-30 10:29:09.500,6.125,-4.0,64.0,-35.24,0.867379,86.33,36.84,1755.5,second rest
2013-06-30 10:29:09.750,6.0,-4.0,64.0,31.011333,0.869941,86.33,36.84,1755.75,second rest
2013-06-30 10:29:10.000,6.0,-4.0,64.0,13.310625,0.864818,86.33,36.84,1756.0,second rest
2013-06-30 10:29:10.250,6.0,-4.0,64.0,-47.569375,0.86866,86.33,36.84,1756.25,second rest
2013-06-30 10:29:10.500,6.375,-4.0,64.0,40.320667,0.863537,86.33,36.84,1756.5,second rest
2013-06-30 10:29:10.750,6.25,-4.0,64.0,10.32125,0.864818,86.33,36.84,1756.75,second rest
2013-06-30 10:29:11.000,6.111,-4.0,64.0,-45.810625,0.863537,86.33,36.84,1757.0,second rest
2013-06-30 10:29:11.250,6.125,-4.0,64.0,40.236667,0.863537,86.33,36.84,1757.25,second rest
2013-06-30 10:29:11.500,6.0,-4.0,64.0,12.115,0.862256,86.34,36.84,1757.5,second rest
2013-06-30 10:29:11.750,6.0,-4.0,64.0,-50.290667,0.863537,86.34,36.84,1757.75,second rest
2013-06-30 10:29:12.000,6.375,-4.0,64.0,32.966875,0.859695,86.35,36.84,1758.0,second rest
2013-06-30 10:29:12.250,6.125,-4.0,64.0,4.789375,0.860976,86.36,36.84,1758.25,second rest
2013-06-30 10:29:12.500,6.0,-4.0,64.0,-26.02,0.866099,86.36,36.84,1758.5,second rest
2013-06-30 10:29:12.750,6.375,-4.0,64.0,32.151875,0.859695,86.37,36.84,1758.75,second rest
2013-06-30 10:29:13.000,6.125,-4.0,64.0,-17.80375,0.860976,86.37,36.87,1759.0,second rest
2013-06-30 10:29:13.250,6.125,-4.0,64.0,-26.150667,0.857134,86.37,36.87,1759.25,second rest
2013-06-30 10:29:13.500,6.25,-4.0,64.0,35.5675,0.857134,86.36,36.87,1759.5,second rest
2013-06-30 10:29:13.750,6.0,-4.0,64.0,-12.986,0.855853,86.36,36.87,1759.75,second rest
2013-06-30 10:29:14.000,6.0,-4.0,64.0,-19.87,0.857134,86.35,36.89,1760.0,second rest
2013-06-30 10:29:14.250,6.0,-4.0,64.0,34.424375,0.860976,86.34,36.89,1760.25,second rest
2013-06-30 10:29:14.500,6.125,-4.0,64.0,-12.688667,0.855853,86.34,36.89,1760.5,second rest
2013-06-30 10:29:14.750,6.0,-4.0,64.0,-25.493125,0.853291,86.33,36.89,1760.75,second rest
2013-06-30 10:29:15.000,5.75,-4.0,64.125,32.93375,0.848169,86.33,36.87,1761.0,second rest
2013-06-30 10:29:15.250,5.625,-4.0,64.0,-7.806,0.852011,86.33,36.87,1761.25,second rest
2013-06-30 10:29:15.500,5.375,-4.0,64.0,-23.6225,0.849449,86.33,36.87,1761.5,second rest
2013-06-30 10:29:15.750,5.375,-4.0,64.0,27.810667,0.846888,86.32,36.87,1761.75,second rest
2013-06-30 10:29:16.000,5.375,-4.0,64.0,-19.425625,0.845607,86.32,36.84,1762.0,second rest
2013-06-30 10:29:16.250,5.25,-4.0,64.0,0.813125,0.846888,86.31,36.84,1762.25,second rest
2013-06-30 10:29:16.500,5.75,-4.0,64.0,25.916667,0.845607,86.3,36.84,1762.5,second rest
2013-06-30 10:29:16.750,7.25,-3.875,64.125,-36.844375,0.843046,86.29,36.84,1762.75,second rest
2013-06-30 10:29:17.000,7.75,-3.75,64.125,10.398125,0.840484,86.28,36.89,1763.0,second rest
2013-06-30 10:29:17.250,5.625,-4.125,63.875,26.956,0.841765,86.27,36.89,1763.25,second rest
2013-06-30 10:29:17.500,13.25,-3.625,62.375,-42.565625,0.843046,86.27,36.89,1763.5,second rest
2013-06-30 10:29:17.750,15.25,-3.625,62.375,28.146667,0.841765,86.26,36.89,1763.75,second rest
2013-06-30 10:29:18.000,16.625,-4.125,61.875,19.44875,0.840484,86.25,36.87,1764.0,second rest
2013-06-30 10:29:18.250,17.125,-4.0,62.0,-45.269375,0.837923,86.23,36.87,1764.25,second rest
2013-06-30 10:29:18.500,15.5,-4.0,62.125,30.44,0.839204,86.22,36.87,1764.5,second rest
2013-06-30 10:29:18.750,12.222,-3.444,63.0,4.025625,0.839204,86.2,36.87,1764.75,second rest
2013-06-30 10:29:19.000,10.5,-3.875,63.5,-18.075625,0.839204,86.18,36.87,1765.0,second rest
2013-06-30 10:29:19.250,10.375,-3.875,63.75,24.615333,0.8328,86.17,36.87,1765.25,second rest
2013-06-30 10:29:19.500,10.125,-3.875,63.625,-33.045625,0.835361,86.15,36.87,1765.5,second rest
2013-06-30 10:29:19.750,9.625,-3.875,64.0,13.905333,0.831519,86.14,36.87,1765.75,second rest
2013-06-30 10:29:20.000,9.5,-4.0,64.0,21.985,0.8328,86.13,36.87,1766.0,second rest
2013-06-30 10:29:20.250,9.0,-4.0,63.625,-40.50125,0.828958,86.11,36.87,1766.25,second rest
2013-06-30 10:29:20.500,8.625,-3.75,63.875,45.134,0.828958,86.1,36.87,1766.5,second rest
2013-06-30 10:29:20.750,8.5,-4.0,64.0,13.03875,0.827677,86.08,36.87,1766.75,second rest
2013-06-30 10:29:21.000,8.75,-3.75,64.0,-34.405625,0.827677,86.05,36.84,1767.0,second rest
2013-06-30 10:29:21.250,5.625,-4.0,64.0,38.278667,0.826396,86.02,36.84,1767.25,second rest
2013-06-30 10:29:21.500,6.375,-4.0,64.0,-1.139375,0.825116,85.99,36.84,1767.5,second rest
2013-06-30 10:29:21.750,6.625,-4.0,64.0,-17.15,0.828958,85.96,36.84,1767.75,second rest
2013-06-30 10:29:22.000,6.625,-4.0,64.0,28.5475,0.823835,85.93,36.84,1768.0,second rest
2013-06-30 10:29:22.250,6.5,-4.0,64.0,-27.845625,0.826396,85.9,36.84,1768.25,second rest
2013-06-30 10:29:22.500,6.778,-4.0,64.0,5.774,0.822554,85.88,36.84,1768.5,second rest
2013-06-30 10:29:22.750,6.875,-4.0,64.0,26.970625,0.821274,85.85,36.84,1768.75,second rest
2013-06-30 10:29:23.000,6.875,-4.0,64.0,-40.52375,0.821274,85.82,36.87,1769.0,second rest
2013-06-30 10:29:23.250,6.625,-4.0,64.0,22.305333,0.821274,85.79,36.87,1769.25,second rest
2013-06-30 10:29:23.500,6.75,-4.0,64.0,24.995625,0.818712,85.75,36.87,1769.5,second rest
2013-06-30 10:29:23.750,7.0,-4.0,64.0,-41.224,0.819993,85.72,36.87,1769.75,second rest
2013-06-30 10:29:24.000,6.625,-4.0,64.0,6.16625,0.817431,85.68,36.83,1770.0,second rest
2013-06-30 10:29:24.250,6.875,-4.0,64.0,16.88625,0.81487,85.64,36.83,1770.25,second rest
2013-06-30 10:29:24.500,6.625,-4.0,64.0,-39.829333,0.81487,85.6,36.83,1770.5,second rest
2013-06-30 10:29:24.750,6.625,-4.0,64.0,21.055625,0.812309,85.56,36.83,1770.75,second rest
2013-06-30 10:29:25.000,6.375,-4.0,64.0,6.159375,0.813589,85.52,36.83,1771.0,second rest
2013-06-30 10:29:25.250,6.125,-4.0,64.0,-58.894,0.808466,85.48,36.83,1771.25,second rest
2013-06-30 10:29:25.500,6.0,-4.0,64.0,30.865,0.811028,85.44,36.83,1771.5,second rest
2013-06-30 10:29:25.750,5.75,-4.0,64.0,9.212667,0.812309,85.39,36.83,1771.75,second rest
2013-06-30 10:29:26.000,5.75,-4.0,64.0,-62.315625,0.809747,85.35,36.81,1772.0,second rest
2013-06-30 10:29:26.250,5.625,-4.0,64.0,33.7175,0.809747,85.31,36.81,1772.25,second rest
2013-06-30 10:29:26.500,5.556,-4.0,64.0,16.698667,0.808466,85.26,36.81,1772.5,second rest
2013-06-30 10:29:26.750,5.625,-4.0,64.0,-56.733125,0.807186,85.22,36.81,1772.75,second rest
2013-06-30 10:29:27.000,5.875,-4.0,64.0,37.64875,0.804624,85.17,36.81,1773.0,second rest
2013-06-30 10:29:27.250,5.625,-4.0,64.0,19.210667,0.805905,85.12,36.81,1773.25,second rest
2013-06-30 10:29:27.500,5.625,-4.0,64.0,-43.49,0.803344,85.07,36.81,1773.5,second rest
2013-06-30 10:29:27.750,5.5,-4.0,64.0,43.331333,0.805905,85.03,36.81,1773.75,second rest
2013-06-30 10:29:28.000,5.125,-4.0,64.0,8.564375,0.804624,84.98,36.81,1774.0,second rest
2013-06-30 10:29:28.250,5.375,-4.0,64.0,-41.021875,0.803344,84.93,36.81,1774.25,second rest
2013-06-30 10:29:28.500,5.375,-4.0,64.25,44.68,0.803344,84.89,36.81,1774.5,second rest
2013-06-30 10:29:28.750,5.625,-4.0,64.0,-0.265,0.807186,84.84,36.81,1774.75,second rest
2013-06-30 10:29:29.000,5.375,-4.0,64.0,-32.00375,0.802063,84.8,36.81,1775.0,second rest
2013-06-30 10:29:29.250,5.875,-4.0,64.0,41.162667,0.799501,84.76,36.81,1775.25,second rest
2013-06-30 10:29:29.500,5.75,-4.0,64.0,-5.799375,0.799501,84.71,36.81,1775.5,second rest
2013-06-30 10:29:29.750,6.0,-4.0,64.0,-23.494,0.800782,84.67,36.81,1775.75,second rest
2013-06-30 10:29:30.000,5.875,-4.0,64.125,33.92125,0.800782,84.63,36.79,1776.0,second rest
2013-06-30 10:29:30.250,6.222,-4.0,64.111,-17.33375,0.799501,84.6,36.79,1776.25,second rest
2013-06-30 10:29:30.500,6.25,-4.0,64.0,-1.862,0.794379,84.56,36.79,1776.5,second rest
2013-06-30 10:29:30.750,6.0,-4.0,64.0,24.341875,0.803344,84.53,36.79,1776.75,second rest
2013-06-30 10:29:31.000,5.875,-4.0,64.0,-40.099375,0.79694,84.5,36.79,1777.0,second rest
2013-06-30 10:29:31.250,6.0,-4.0,64.0,30.598,0.799501,84.47,36.79,1777.25,second rest
2013-06-30 10:29:31.500,6.0,-4.0,64.0,8.00875,0.795659,84.43,36.79,1777.5,second rest
2013-06-30 10:29:31.750,6.0,-4.0,64.0,-59.446667,0.790536,84.4,36.79,1777.75,second rest
2013-06-30 10:29:32.000,6.0,-4.0,64.0,33.2125,0.79694,84.38,36.81,1778.0,second rest
2013-06-30 10:29:32.250,6.0,-4.0,64.0,20.381875,0.793098,84.36,36.81,1778.25,second rest
2013-06-30 10:29:32.500,6.0,-4.0,64.0,-54.284,0.793098,84.35,36.81,1778.5,second rest
2013-06-30 10:29:32.750,6.0,-4.0,64.0,36.015625,0.793098,84.34,36.81,1778.75,second rest
2013-06-30 10:29:33.000,6.5,-4.0,64.0,9.96875,0.790536,84.32,36.79,1779.0,second rest
2013-06-30 10:29:33.250,6.0,-4.0,64.0,-34.148667,0.791817,84.29,36.79,1779.25,second rest
2013-06-30 10:29:33.500,6.0,-4.0,64.0,39.273125,0.790536,84.25,36.79,1779.5,second rest
2013-06-30 10:29:33.750,6.0,-4.0,64.0,-15.951333,0.786694,84.21,36.79,1779.75,second rest
2013-06-30 10:29:34.000,6.0,-4.0,64.0,-24.79125,0.789256,84.17,36.81,1780.0,second rest
2013-06-30 10:29:34.250,6.222,-4.0,64.0,40.481875,0.785414,84.13,36.81,1780.25,second rest
2013-06-30 10:29:34.500,6.0,-4.0,64.0,-13.614667,0.784133,84.09,36.81,1780.5,second rest
2013-06-30 10:29:34.750,6.0,-4.0,64.0,-13.850625,0.784133,84.06,36.81,1780.75,second rest
2013-06-30 10:29:35.000,6.25,-4.0,64.0,34.809375,0.786694,84.03,36.81,1781.0,second rest
2013-06-30 10:29:35.250,6.375,-4.0,64.0,-17.686,0.798221,84.0,36.81,1781.25,second rest
2013-06-30 10:29:35.500,6.25,-4.0,64.0,-9.008125,0.802063,83.98,36.81,1781.5,second rest
2013-06-30 10:29:35.750,6.125,-4.0,64.0,29.507333,0.794379,83.95,36.81,1781.75,second rest
2013-06-30 10:29:36.000,6.0,-4.0,64.0,-17.40625,0.787975,83.92,36.79,1782.0,second rest
2013-06-30 10:29:36.250,6.125,-4.0,64.0,7.7025,0.795659,83.89,36.79,1782.25,second rest
2013-06-30 10:29:36.500,6.625,-4.0,64.0,9.574667,0.794379,83.85,36.79,1782.5,second rest
2013-06-30 10:29:36.750,6.875,-4.0,64.0,-42.765625,0.803344,83.82,36.79,1782.75,second rest
2013-06-30 10:29:37.000,6.875,-4.0,64.0,27.42125,0.804624,83.78,36.79,1783.0,second rest
2013-06-30 10:29:37.250,6.125,-4.0,64.0,16.992667,0.808466,83.75,36.79,1783.25,second rest
2013-06-30 10:29:37.500,6.125,-4.0,64.0,-48.02625,0.805905,83.71,36.79,1783.5,second rest
2013-06-30 10:29:37.750,6.125,-4.0,64.0,27.980667,0.811028,83.68,36.79,1783.75,second rest
2013-06-30 10:29:38.000,6.111,-4.0,64.0,15.936875,0.808466,83.65,36.79,1784.0,second rest
2013-06-30 10:29:38.250,6.0,-4.0,64.0,-47.546875,0.812309,83.62,36.79,1784.25,second rest
2013-06-30 10:29:38.500,6.0,-4.0,64.0,31.764,0.809747,83.59,36.79,1784.5,second rest
2013-06-30 10:29:38.750,6.0,-4.0,64.0,12.58125,0.809747,83.55,36.79,1784.75,second rest
2013-06-30 10:29:39.000,6.125,-4.0,64.0,-41.493125,0.812309,83.52,36.81,1785.0,second rest
2013-06-30 10:29:39.250,6.125,-4.0,64.0,34.780667,0.812309,83.49,36.81,1785.25,second rest
2013-06-30 10:29:39.500,6.125,-4.0,64.0,2.295,0.808466,83.45,36.81,1785.5,second rest
2013-06-30 10:29:39.750,6.125,-4.0,64.0,-34.504,0.808466,83.42,36.81,1785.75,second rest
2013-06-30 10:29:40.000,6.25,-4.0,64.0,32.9275,0.805905,83.38,36.79,1786.0,second rest
2013-06-30 10:29:40.250,6.625,-4.0,64.0,-11.706875,0.800782,83.34,36.79,1786.25,second rest
2013-06-30 10:29:40.500,6.375,-4.0,64.0,-24.461333,0.804624,83.29,36.79,1786.5,second rest
2013-06-30 10:29:40.750,6.5,-4.0,64.0,32.951875,0.798221,83.23,36.79,1786.75,second rest
2013-06-30 10:29:41.000,6.125,-4.0,64.0,-15.8525,0.799501,83.18,36.77,1787.0,second rest
2013-06-30 10:29:41.250,6.375,-4.0,64.0,-14.895333,0.795659,83.12,36.77,1787.25,second rest
2013-06-30 10:29:41.500,6.0,-4.0,64.0,27.653125,0.793098,83.07,36.77,1787.5,second rest
2013-06-30 10:29:41.750,6.0,-4.0,64.0,-18.556667,0.790536,83.03,36.77,1787.75,second rest
2013-06-30 10:29:42.000,6.333,-4.0,64.0,-2.790625,0.790536,83.0,36.75,1788.0,second rest
2013-06-30 10:29:42.250,6.25,-4.0,64.0,21.8425,0.793098,82.99,36.75,1788.25,second rest
2013-06-30 10:29:42.500,6.25,-4.0,64.0,-35.124,0.784133,82.99,36.75,1788.5,second rest
2013-06-30 10:29:42.750,6.0,-4.0,64.0,28.604375,0.786694,83.01,36.75,1788.75,second rest
2013-06-30 10:29:43.000,6.25,-4.0,64.0,12.438125,0.786694,83.03,36.75,1789.0,second rest
2013-06-30 10:29:43.250,6.375,-4.0,64.0,-52.271333,0.786694,83.06,36.75,1789.25,second rest
2013-06-30 10:29:43.500,6.375,-4.0,64.0,39.408125,0.785414,83.08,36.75,1789.5,second rest
2013-06-30 10:29:43.750,6.0,-4.0,64.0,14.91,0.785414,83.11,36.75,1789.75,second rest
2013-06-30 10:29:44.000,6.375,-4.0,64.0,-46.429375,0.785414,83.12,36.73,1790.0,second rest
2013-06-30 10:29:44.250,6.375,-4.0,64.0,39.934375,0.782852,83.12,36.73,1790.25,second rest
2013-06-30 10:29:44.500,6.0,-4.0,64.0,9.483333,0.782852,83.12,36.73,1790.5,second rest
2013-06-30 10:29:44.750,6.375,-4.0,64.0,-39.305625,0.780291,83.11,36.73,1790.75,second rest
2013-06-30 10:29:45.000,6.25,-4.0,64.0,33.21625,0.781571,83.12,36.75,1791.0,second rest
2013-06-30 10:29:45.250,6.25,-4.0,64.0,3.274,0.780291,83.14,36.75,1791.25,second rest
2013-06-30 10:29:45.500,6.5,-4.0,64.0,-18.5175,0.781571,83.18,36.75,1791.5,second rest
2013-06-30 10:29:45.750,6.333,-4.0,64.0,27.069333,0.777729,83.24,36.75,1791.75,second rest
2013-06-30 10:29:46.000,6.375,-4.0,64.0,-19.10625,0.773887,83.3,36.73,1792.0,second rest
2013-06-30 10:29:46.250,6.0,-4.0,64.0,-9.190625,0.776449,83.37,36.73,1792.25,second rest
2013-06-30 10:29:46.500,6.375,-4.0,64.0,28.042,0.775168,83.45,36.73,1792.5,second rest
2013-06-30 10:29:46.750,6.375,-4.0,64.0,-26.03625,0.773887,83.53,36.73,1792.75,second rest
2013-06-30 10:29:47.000,6.25,-4.0,64.0,4.098125,0.775168,83.6,36.71,1793.0,second rest
2013-06-30 10:29:47.250,6.375,-4.0,64.0,27.145333,0.771326,83.67,36.71,1793.25,second rest
2013-06-30 10:29:47.500,6.5,-4.0,64.0,-32.580625,0.768764,83.73,36.71,1793.5,second rest
2013-06-30 10:29:47.750,6.375,-4.0,64.0,8.529333,0.771326,83.79,36.71,1793.75,second rest
2013-06-30 10:29:48.000,6.625,-4.0,64.0,20.670625,0.772606,83.85,36.71,1794.0,second rest
2013-06-30 10:29:48.250,6.375,-4.0,64.0,-37.478125,0.772606,83.92,36.71,1794.25,second rest
2013-06-30 10:29:48.500,6.375,-4.0,64.0,27.92,0.773887,83.99,36.71,1794.5,second rest
2013-06-30 10:29:48.750,6.25,-4.0,64.0,11.071875,0.773887,84.07,36.71,1794.75,second rest
2013-06-30 10:29:49.000,6.625,-4.0,64.0,-53.11375,0.776449,84.15,36.66,1795.0,second rest
2013-06-30 10:29:49.250,6.5,-4.0,64.0,34.998,0.772606,84.23,36.66,1795.25,second rest
2013-06-30 10:29:49.500,6.5,-4.0,64.0,14.531875,0.768764,84.31,36.66,1795.5,second rest
2013-06-30 10:29:49.750,6.444,-4.0,64.0,-51.249333,0.766203,84.4,36.66,1795.75,second rest
2013-06-30 10:29:50.000,6.25,-4.0,64.0,34.330625,0.768764,84.48,36.66,1796.0,second rest
2013-06-30 10:29:50.250,6.625,-4.0,64.0,17.521875,0.766203,84.56,36.66,1796.25,second rest
2013-06-30 10:29:50.500,6.625,-4.0,64.0,-50.463333,0.764922,84.64,36.66,1796.5,second rest
2013-06-30 10:29:50.750,6.5,-4.0,64.0,31.8375,0.763641,84.72,36.66,1796.75,second rest
2013-06-30 10:29:51.000,6.5,-4.0,64.0,11.3175,0.763641,84.8,36.65,1797.0,second rest
2013-06-30 10:29:51.250,6.5,-4.0,64.0,-38.55,0.762361,84.87,36.65,1797.25,second rest
2013-06-30 10:29:51.500,6.5,-4.0,64.0,32.921875,0.76108,84.95,36.65,1797.5,second rest
2013-06-30 10:29:51.750,6.375,-4.0,64.0,-4.230667,0.759799,85.01,36.65,1797.75,second rest
2013-06-30 10:29:52.000,6.5,-4.0,64.0,-30.865625,0.755957,85.08,36.65,1798.0,second rest
2013-06-30 10:29:52.250,6.25,-4.0,64.0,32.87125,0.753396,85.14,36.65,1798.25,second rest
2013-06-30 10:29:52.500,6.5,-4.0,64.0,-11.214667,0.752115,85.21,36.65,1798.5,second rest
2013-06-30 10:29:52.750,6.375,-4.0,64.0,-24.454375,0.754676,85.27,36.65,1798.75,second rest
2013-06-30 10:29:53.000,6.5,-4.0,64.0,33.475625,0.753396,85.33,36.61,1799.0,second rest
2013-06-30 10:29:53.250,6.375,-4.0,64.0,-12.402,0.752115,85.39,36.61,1799.25,second rest
2013-06-30 10:29:53.500,6.333,-4.0,64.0,-14.1725,0.750834,85.45,36.61,1799.5,second rest
2013-06-30 10:29:53.750,6.25,-4.0,64.0,30.971333,0.753396,85.51,36.61,1799.75,second rest
2013-06-30 10:29:54.000,6.5,-4.0,64.0,-16.959375,0.753396,85.57,36.63,1800.0,second rest
2013-06-30 10:29:54.250,6.375,-4.0,64.0,11.493125,0.750834,85.63,36.63,1800.25,second rest
2013-06-30 10:29:54.500,6.375,-4.0,64.0,16.669333,0.750834,85.68,36.63,1800.5,second rest
2013-06-30 10:29:54.750,6.375,-4.0,64.0,-48.628125,0.752115,85.74,36.63,1800.75,second rest
2013-06-30 10:29:55.000,6.25,-4.0,64.0,33.55625,0.748273,85.78,36.59,1801.0,second rest
2013-06-30 10:29:55.250,6.25,-4.0,64.0,16.461333,0.748273,85.82,36.59,1801.25,second rest
2013-06-30 10:29:55.500,6.375,-4.0,64.0,-55.68,0.749554,85.85,36.59,1801.5,second rest
2013-06-30 10:29:55.750,6.25,-4.0,64.0,39.542667,0.745711,85.87,36.59,1801.75,second rest
2013-06-30 10:29:56.000,6.5,-4.0,64.0,18.28625,0.745711,85.9,36.59,1802.0,second rest
2013-06-30 10:29:56.250,6.375,-4.0,64.0,-54.8175,0.744431,85.93,36.59,1802.25,second rest
2013-06-30 10:29:56.500,6.5,-4.0,64.0,39.376667,0.745711,85.96,36.59,1802.5,second rest
2013-06-30 10:29:56.750,6.375,-4.0,64.0,18.07875,0.745711,86.0,36.59,1802.75,second rest
2013-06-30 10:29:57.000,6.625,-4.0,64.0,-46.023125,0.740589,86.03,36.57,1803.0,second rest
2013-06-30 10:29:57.250,6.5,-4.0,64.0,35.639333,0.741869,86.07,36.57,1803.25,second rest
2013-06-30 10:29:57.500,6.556,-4.0,64.0,8.29125,0.741869,86.1,36.57,1803.5,second rest
2013-06-30 10:29:57.750,6.625,-4.0,64.0,-36.682667,0.740589,86.14,36.57,1803.75,second rest
2013-06-30 10:29:58.000,6.875,-4.0,64.0,33.045625,0.738027,86.17,36.57,1804.0,second rest
2013-06-30 10:29:58.250,6.75,-4.0,64.0,-14.970625,0.741869,86.2,36.57,1804.25,second rest
2013-06-30 10:29:58.500,6.625,-4.0,64.0,-29.459333,0.740589,86.24,36.57,1804.5,second rest
2013-06-30 10:29:58.750,6.75,-4.0,64.0,30.705625,0.735466,86.27,36.57,1804.75,second rest
2013-06-30 10:29:59.000,6.875,-4.0,64.0,-23.834375,0.739308,86.3,36.59,1805.0,second rest
2013-06-30 10:29:59.250,6.625,-4.0,64.0,-10.748667,0.738027,86.33,36.59,1805.25,second rest
2013-06-30 10:29:59.500,7.0,-4.0,64.0,37.03625,0.735466,86.36,36.59,1805.5,second rest
2013-06-30 10:29:59.750,7.0,-4.0,64.0,-16.508,0.735466,86.4,36.59,1805.75,second rest
2013-06-30 10:30:00.000,6.75,-4.0,64.0,-20.98375,0.735466,86.43,36.57,1806.0,second rest
2013-06-30 10:30:00.250,6.875,-4.0,64.0,42.6425,0.734185,86.46,36.57,1806.25,second rest
2013-06-30 10:30:00.500,6.875,-4.0,64.0,-2.150667,0.731624,86.49,36.57,1806.5,second rest
2013-06-30 10:30:00.750,7.0,-4.0,64.0,-31.70875,0.729062,86.52,36.57,1806.75,second rest
2013-06-30 10:30:01.000,6.625,-4.0,64.0,39.77625,0.729062,86.55,36.57,1807.0,second rest
2013-06-30 10:30:01.250,6.889,-4.0,64.0,-2.864667,0.729062,86.57,36.57,1807.25,second rest
2013-06-30 10:30:01.500,7.0,-4.0,64.0,-21.94625,0.726501,86.59,36.57,1807.5,second rest
2013-06-30 10:30:01.750,6.625,-4.0,64.0,41.389333,0.726501,86.61,36.57,1807.75,second rest
2013-06-30 10:30:02.000,7.0,-4.0,64.0,-1.6125,0.726501,86.63,36.59,1808.0,second rest
2013-06-30 10:30:02.250,7.0,-4.0,64.0,-52.184375,0.726501,86.65,36.59,1808.25,second rest
2013-06-30 10:30:02.500,7.0,-4.0,64.0,46.045333,0.722659,86.67,36.59,1808.5,second rest
2013-06-30 10:30:02.750,7.0,-4.0,64.0,15.01875,0.726501,86.69,36.59,1808.75,second rest
2013-06-30 10:30:03.000,7.25,-4.0,64.0,-64.80875,0.72522,86.7,36.57,1809.0,second rest
2013-06-30 10:30:03.250,7.125,-4.0,64.0,35.540667,0.72522,86.71,36.57,1809.25,second rest
2013-06-30 10:30:03.500,7.0,-4.0,64.0,25.709375,0.722659,86.72,36.57,1809.5,second rest
2013-06-30 10:30:03.750,7.0,-4.0,64.0,-48.480667,0.727781,86.72,36.57,1809.75,second rest
2013-06-30 10:30:04.000,7.5,-4.125,63.875,2.68625,0.722659,86.73,36.57,1810.0,second rest
2013-06-30 10:30:04.250,8.0,-4.0,64.0,25.590625,0.720097,86.74,36.57,1810.25,second rest
2013-06-30 10:30:04.500,7.5,-4.0,64.0,-36.944667,0.718816,86.75,36.57,1810.5,second rest
2013-06-30 10:30:04.750,7.0,-4.0,64.0,8.260625,0.722659,86.76,36.57,1810.75,second rest
2013-06-30 10:30:05.000,7.125,-4.0,64.0,33.504375,0.717536,86.77,36.55,1811.0,second rest
2013-06-30 10:30:05.250,7.222,-4.0,64.0,-31.51,0.716255,86.78,36.55,1811.25,second rest
2013-06-30 10:30:05.500,7.0,-4.0,64.0,-19.89875,0.716255,86.78,36.55,1811.5,second rest
2013-06-30 10:30:05.750,7.125,-4.0,64.0,47.544667,0.718816,86.79,36.55,1811.75,second rest
2013-06-30 10:30:06.000,7.375,-4.0,64.0,5.82125,0.716255,86.8,36.57,1812.0,second rest
2013-06-30 10:30:06.250,7.0,-4.0,64.0,-66.92875,0.713694,86.81,36.57,1812.25,second rest
2013-06-30 10:30:06.500,7.0,-4.0,64.0,49.920667,0.717536,86.82,36.57,1812.5,second rest
2013-06-30 10:30:06.750,7.0,-4.0,64.0,33.735625,0.712413,86.84,36.57,1812.75,second rest
2013-06-30 10:30:07.000,7.0,-4.0,64.0,-50.9,0.714974,86.85,36.57,1813.0,second rest
2013-06-30 10:30:07.250,7.0,-4.0,64.0,11.042,0.712413,86.86,36.57,1813.25,second rest
2013-06-30 10:30:07.500,7.125,-4.0,64.0,31.48375,0.713694,86.87,36.57,1813.5,second rest
2013-06-30 10:30:07.750,7.125,-4.0,64.0,-28.861333,0.709852,86.89,36.57,1813.75,second rest
2013-06-30 10:30:08.000,7.0,-4.0,64.0,-7.495,0.711132,86.9,36.59,1814.0,second rest
2013-06-30 10:30:08.250,7.125,-4.0,64.0,36.701875,0.711132,86.92,36.59,1814.25,second rest
2013-06-30 10:30:08.500,7.125,-4.0,64.0,-12.573333,0.711132,86.94,36.59,1814.5,second rest
2013-06-30 10:30:08.750,7.0,-4.0,64.0,-56.484375,0.709852,86.95,36.59,1814.75,second rest
2013-06-30 10:30:09.000,7.111,-4.0,64.0,46.5925,0.709852,86.97,36.59,1815.0,second rest
2013-06-30 10:30:09.250,7.0,-4.0,64.0,20.631333,0.706009,86.98,36.59,1815.25,second rest
2013-06-30 10:30:09.500,7.0,-4.0,64.0,-67.699375,0.70729,87.0,36.59,1815.5,second rest
2013-06-30 10:30:09.750,7.0,-4.0,64.0,28.533333,0.708571,87.01,36.59,1815.75,second rest
2013-06-30 10:30:10.000,7.0,-4.0,64.0,32.965625,0.704729,87.03,36.59,1816.0,second rest
2013-06-30 10:30:10.250,7.0,-4.0,64.0,-27.38,0.706009,87.06,36.59,1816.25,second rest
2013-06-30 10:30:10.500,7.125,-4.0,64.0,-29.502,0.704729,87.09,36.59,1816.5,second rest
2013-06-30 10:30:10.750,7.0,-4.0,64.0,36.518125,0.704729,87.12,36.59,1816.75,second rest
2013-06-30 10:30:11.000,7.0,-4.0,64.0,-3.46125,0.702167,87.15,36.59,1817.0,second rest
2013-06-30 10:30:11.250,7.125,-4.0,64.0,-31.412667,0.702167,87.18,36.59,1817.25,second rest
2013-06-30 10:30:11.500,7.0,-4.0,64.0,38.18375,0.700886,87.2,36.59,1817.5,second rest
2013-06-30 10:30:11.750,7.0,-4.0,64.0,-4.394,0.702167,87.23,36.59,1817.75,second rest
2013-06-30 10:30:12.000,7.125,-4.0,64.0,-46.33375,0.702167,87.25,36.57,1818.0,second rest
2013-06-30 10:30:12.250,7.0,-4.0,64.0,43.75,0.700886,87.27,36.57,1818.25,second rest
2013-06-30 10:30:12.500,7.0,-4.0,64.0,4.237333,0.699606,87.29,36.57,1818.5,second rest
2013-06-30 10:30:12.750,7.25,-4.0,64.0,-48.18125,0.699606,87.32,36.57,1818.75,second rest
2013-06-30 10:30:13.000,7.0,-4.0,64.0,45.785,0.698325,87.35,36.57,1819.0,second rest
2013-06-30 10:30:13.250,7.0,-4.0,64.0,10.194667,0.697044,87.39,36.57,1819.25,second rest
2013-06-30 10:30:13.500,7.0,-4.0,64.0,-48.675,0.697044,87.44,36.57,1819.5,second rest
2013-06-30 10:30:13.750,7.0,-4.0,64.0,40.244,0.695764,87.49,36.57,1819.75,second rest
2013-06-30 10:30:14.000,7.0,-4.0,64.0,8.305625,0.694483,87.53,36.55,1820.0,second rest
2013-06-30 10:30:14.250,7.0,-4.0,64.0,-32.88875,0.694483,87.57,36.55,1820.25,second rest
2013-06-30 10:30:14.500,7.0,-4.0,64.0,29.448667,0.693202,87.6,36.55,1820.5,second rest
2013-06-30 10:30:14.750,7.0,-4.0,64.0,-4.50875,0.695764,87.64,36.55,1820.75,second rest
2013-06-30 10:30:15.000,7.125,-4.0,64.0,11.219375,0.693202,87.68,36.59,1821.0,second rest
2013-06-30 10:30:15.250,7.0,-4.0,64.0,13.324,0.695764,87.73,36.59,1821.25,second rest
2013-06-30 10:30:15.500,7.0,-4.0,64.0,-28.47375,0.690641,87.78,36.59,1821.5,second rest
2013-06-30 10:30:15.750,7.125,-4.0,64.0,22.022,0.693202,87.83,36.59,1821.75,second rest
2013-06-30 10:30:16.000,7.0,-4.0,64.0,-30.135625,0.688079,87.88,36.59,1822.0,second rest
2013-06-30 10:30:16.250,7.0,-4.0,64.0,-25.03625,0.688079,87.92,36.59,1822.25,second rest
2013-06-30 10:30:16.500,7.0,-4.0,64.0,-68.805333,0.690641,87.96,36.59,1822.5,second rest
2013-06-30 10:30:16.750,7.0,-4.0,64.0,-78.50375,0.688079,88.0,36.59,1822.75,second rest
2013-06-30 10:30:17.000,7.125,-4.0,64.0,-39.244375,0.686799,88.03,36.59,1823.0,second rest
2013-06-30 10:30:17.250,7.0,-4.0,64.0,86.013333,0.688079,88.06,36.59,1823.25,second rest
2013-06-30 10:30:17.500,7.0,-4.0,64.0,88.53,0.691921,88.08,36.59,1823.5,second rest
2013-06-30 10:30:17.750,7.0,-4.0,64.0,110.026667,0.685518,88.11,36.59,1823.75,second rest
2013-06-30 10:30:18.000,7.0,-4.0,64.0,40.513125,0.690641,88.13,36.57,1824.0,second rest
2013-06-30 10:30:18.250,7.0,-4.0,64.0,-10.9975,0.690641,88.15,36.57,1824.25,second rest
2013-06-30 10:30:18.500,7.0,-4.0,64.0,64.4,0.688079,88.17,36.57,1824.5,second rest
2013-06-30 10:30:18.750,7.125,-4.0,64.0,4.6375,0.681676,88.2,36.57,1824.75,second rest
2013-06-30 10:30:19.000,7.0,-4.0,64.0,-68.338125,0.688079,88.23,36.59,1825.0,second rest
2013-06-30 10:30:19.250,7.0,-4.0,64.0,26.975333,0.682956,88.26,36.59,1825.25,second rest
2013-06-30 10:30:19.500,7.0,-4.0,64.0,-3.233125,0.682956,88.3,36.59,1825.5,second rest
2013-06-30 10:30:19.750,7.0,-4.0,64.0,-52.389333,0.682956,88.32,36.59,1825.75,second rest
2013-06-30 10:30:20.000,7.125,-4.0,64.0,30.89375,0.680395,88.32,36.57,1826.0,second rest
2013-06-30 10:30:20.250,7.0,-4.0,64.0,5.020625,0.681676,88.3,36.57,1826.25,second rest
2013-06-30 10:30:20.500,7.0,-4.0,64.0,-47.284667,0.681676,88.26,36.57,1826.5,second rest
2013-06-30 10:30:20.750,7.111,-4.0,64.0,17.195,0.676553,88.22,36.57,1826.75,second rest
2013-06-30 10:30:21.000,7.0,-4.0,64.0,-16.2425,0.679114,88.18,36.57,1827.0,second rest
2013-06-30 10:30:21.250,7.0,-4.0,64.0,-13.907333,0.679114,88.15,36.57,1827.25,second rest
2013-06-30 10:30:21.500,7.0,-4.0,64.0,19.62,0.675272,88.14,36.57,1827.5,second rest
2013-06-30 10:30:21.750,7.0,-4.0,64.0,-22.348667,0.676553,88.13,36.57,1827.75,second rest
2013-06-30 10:30:22.000,7.0,-4.0,64.0,-14.891875,0.677834,88.12,36.61,1828.0,second rest
2013-06-30 10:30:22.250,7.0,-4.0,64.0,-0.391875,0.677834,88.1,36.61,1828.25,second rest
2013-06-30 10:30:22.500,7.0,-4.0,64.0,-49.780667,0.680395,88.09,36.61,1828.5,second rest
2013-06-30 10:30:22.750,7.125,-4.0,64.0,18.593125,0.676553,88.07,36.61,1828.75,second rest
2013-06-30 10:30:23.000,7.0,-4.0,64.0,-6.61375,0.677834,88.05,36.59,1829.0,second rest
2013-06-30 10:30:23.250,7.0,-4.0,64.0,-43.776,0.677834,88.04,36.59,1829.25,second rest
2013-06-30 10:30:23.500,7.0,-4.0,64.0,36.053125,0.679114,88.03,36.59,1829.5,second rest
2013-06-30 10:30:23.750,7.0,-4.0,64.0,-27.034667,0.675272,88.02,36.59,1829.75,second rest
2013-06-30 10:30:24.000,7.125,-4.0,64.0,11.221875,0.676553,88.02,36.59,1830.0,second rest
2013-06-30 10:30:24.250,7.0,-4.0,64.0,0.719375,0.672711,88.02,36.59,1830.25,second rest
2013-06-30 10:30:24.500,7.0,-4.0,64.0,-42.559333,0.673992,88.02,36.59,1830.5,second rest
2013-06-30 10:30:24.750,7.0,-4.0,64.0,38.871875,0.670149,88.03,36.59,1830.75,second rest
2013-06-30 10:30:25.000,7.0,-4.0,64.0,-41.98125,0.676553,88.03,36.59,1831.0,second rest
2013-06-30 10:30:25.250,7.0,-4.0,64.0,37.870667,0.67143,88.03,36.59,1831.25,second rest
2013-06-30 10:30:25.500,7.0,-4.0,64.0,3.65125,0.668869,88.04,36.59,1831.5,second rest
2013-06-30 10:30:25.750,7.0,-4.0,64.0,0.942,0.67143,88.04,36.59,1831.75,second rest
2013-06-30 10:30:26.000,7.0,-4.0,64.0,28.661875,0.668869,88.05,36.61,1832.0,second rest
2013-06-30 10:30:26.250,7.125,-4.0,64.0,-27.20375,0.666307,88.06,36.61,1832.25,second rest
2013-06-30 10:30:26.500,7.0,-4.0,64.0,45.626,0.668869,88.07,36.61,1832.5,second rest
2013-06-30 10:30:26.750,7.125,-4.0,64.0,-29.63625,0.665026,88.08,36.61,1832.75,second rest
2013-06-30 10:30:27.000,7.0,-4.0,64.0,27.986875,0.668869,88.1,36.61,1833.0,second rest
2013-06-30 10:30:27.250,7.0,-4.0,64.0,-5.328667,0.667588,88.12,36.61,1833.25,second rest
2013-06-30 10:30:27.500,7.125,-4.0,64.0,7.92125,0.666307,88.14,36.61,1833.5,second rest
2013-06-30 10:30:27.750,7.0,-4.0,64.0,35.437333,0.665026,88.16,36.61,1833.75,second rest
2013-06-30 10:30:28.000,7.0,-4.0,64.0,-3.250625,0.663746,88.18,36.63,1834.0,second rest
2013-06-30 10:30:28.250,7.0,-4.0,64.0,28.848125,0.663746,88.2,36.63,1834.25,second rest
2013-06-30 10:30:28.500,7.0,-4.0,64.0,-14.848,0.659904,88.23,36.63,1834.5,second rest
2013-06-30 10:30:28.750,7.0,-4.0,64.0,22.948125,0.662465,88.25,36.63,1834.75,second rest
2013-06-30 10:30:29.000,7.125,-4.0,64.0,-7.998125,0.665026,88.27,36.61,1835.0,second rest
2013-06-30 10:30:29.250,7.0,-4.0,64.0,-10.246,0.654781,88.29,36.61,1835.25,second rest
2013-06-30 10:30:29.500,7.0,-4.0,64.0,15.08625,0.659904,88.3,36.61,1835.5,second rest
2013-06-30 10:30:29.750,7.0,-4.0,64.0,-27.943333,0.662465,88.32,36.61,1835.75,second rest
2013-06-30 10:30:30.000,7.0,-4.0,64.0,-9.555,0.657342,88.33,36.63,1836.0,second rest
2013-06-30 10:30:30.250,7.0,-4.0,64.0,-6.63375,0.657342,88.34,36.63,1836.25,second rest
2013-06-30 10:30:30.500,7.0,-4.0,64.0,-39.179333,0.662465,88.35,36.63,1836.5,second rest
2013-06-30 10:30:30.750,7.0,-4.0,64.0,5.819375,0.657342,88.37,36.63,1836.75,second rest
2013-06-30 10:30:31.000,7.0,-4.0,64.0,0.235,0.656061,88.38,36.61,1837.0,second rest
2013-06-30 10:30:31.250,7.0,-4.0,64.0,-34.728667,0.658623,88.39,36.61,1837.25,second rest
2013-06-30 10:30:31.500,7.0,-4.0,64.0,32.453125,0.658623,88.41,36.61,1837.5,second rest
2013-06-30 10:30:31.750,7.0,-4.0,64.0,9.582,0.658623,88.42,36.61,1837.75,second rest
2013-06-30 10:30:32.000,7.0,-4.0,64.0,-48.8175,0.656061,88.42,36.61,1838.0,second rest
2013-06-30 10:30:32.250,7.0,-4.0,64.0,23.27875,0.654781,88.41,36.61,1838.25,second rest
2013-06-30 10:30:32.500,6.875,-4.0,64.0,-7.728667,0.6535,88.4,36.61,1838.5,second rest
2013-06-30 10:30:32.750,6.75,-4.0,64.0,-11.34,0.6535,88.4,36.61,1838.75,second rest
2013-06-30 10:30:33.000,6.875,-4.0,64.0,41.441875,0.652219,88.4,36.63,1839.0,second rest
2013-06-30 10:30:33.250,7.0,-4.0,64.0,-10.136667,0.652219,88.42,36.63,1839.25,second rest
2013-06-30 10:30:33.500,7.125,-4.0,64.0,-11.1175,0.650939,88.44,36.63,1839.5,second rest
2013-06-30 10:30:33.750,6.875,-3.5,64.0,12.695333,0.648377,88.47,36.63,1839.75,second rest
2013-06-30 10:30:34.000,8.375,-1.625,63.75,-32.63375,0.648377,88.5,36.65,1840.0,second rest
2013-06-30 10:30:34.250,11.125,-1.875,63.25,31.928125,0.649658,88.52,36.65,1840.25,second rest
2013-06-30 10:30:34.500,10.25,-3.75,63.5,-3.199333,0.652219,88.54,36.65,1840.5,second rest
2013-06-30 10:30:34.750,8.375,-4.0,63.875,-20.716875,0.650939,88.56,36.65,1840.75,second rest
2013-06-30 10:30:35.000,6.75,-4.125,63.875,27.698125,0.650939,88.58,36.65,1841.0,second rest
2013-06-30 10:30:35.250,3.0,-3.5,64.125,-28.260667,0.645816,88.6,36.65,1841.25,second rest
2013-06-30 10:30:35.500,0.875,-1.875,64.75,26.925625,0.650939,88.62,36.65,1841.5,second rest
2013-06-30 10:30:35.750,-5.75,-4.0,64.25,-2.980667,0.648377,88.65,36.65,1841.75,second rest
2013-06-30 10:30:36.000,-3.875,-5.0,64.625,-32.72875,0.648377,88.67,36.65,1842.0,second rest
2013-06-30 10:30:36.250,-2.889,-4.111,64.889,11.238125,0.648377,88.69,36.65,1842.25,second rest
2013-06-30 10:30:36.500,-4.5,-1.375,63.375,-28.423333,0.641974,88.72,36.65,1842.5,second rest
2013-06-30 10:30:36.750,-1.25,-0.5,64.875,44.833125,0.644535,88.75,36.65,1842.75,second rest
2013-06-30 10:30:37.000,0.875,2.375,64.625,0.6375,0.644535,88.77,36.66,1843.0,second rest
2013-06-30 10:30:37.250,1.875,2.375,64.375,-0.278,0.647096,88.79,36.66,1843.25,second rest
2013-06-30 10:30:37.500,0.375,3.625,63.75,18.903125,0.641974,88.82,36.66,1843.5,second rest
2013-06-30 10:30:37.750,0.625,3.5,65.25,-35.590667,0.644535,88.84,36.66,1843.75,second rest
2013-06-30 10:30:38.000,1.5,2.0,63.75,31.409375,0.639412,88.87,36.68,1844.0,second rest
2013-06-30 10:30:38.250,4.375,1.125,64.5,3.023125,0.636851,88.9,36.68,1844.25,second rest
2013-06-30 10:30:38.500,5.125,-0.375,64.25,-29.917333,0.640693,88.92,36.68,1844.5,second rest
2013-06-30 10:30:38.750,3.5,-1.75,64.375,30.37,0.636851,88.95,36.68,1844.75,second rest
2013-06-30 10:30:39.000,1.25,-2.875,64.5,-19.388125,0.63557,88.98,36.65,1845.0,second rest
2013-06-30 10:30:39.250,0.875,-3.125,64.375,7.47,0.636851,89.01,36.65,1845.25,second rest
2013-06-30 10:30:39.500,0.5,-3.625,64.75,14.208125,0.63557,89.04,36.65,1845.5,second rest
2013-06-30 10:30:39.750,-0.125,-3.375,64.625,-46.141333,0.634289,89.07,36.65,1845.75,second rest
2013-06-30 10:30:40.000,-0.667,-3.333,64.556,25.7225,0.641974,89.1,36.68,1846.0,second rest
2013-06-30 10:30:40.250,-0.875,-3.125,64.625,4.265625,0.638131,89.14,36.68,1846.25,second rest
2013-06-30 10:30:40.500,-0.875,-3.0,64.375,-32.187333,0.63557,89.18,36.68,1846.5,second rest
2013-06-30 10:30:40.750,-1.0,-3.0,64.5,39.508125,0.633009,89.23,36.68,1846.75,second rest
2013-06-30 10:30:41.000,-1.0,-3.0,64.25,-2.59625,0.638131,89.28,36.71,1847.0,second rest
2013-06-30 10:30:41.250,-1.0,-3.0,64.875,-12.152,0.633009,89.34,36.71,1847.25,second rest
2013-06-30 10:30:41.500,-1.0,-3.0,64.5,17.49375,0.634289,89.39,36.71,1847.5,second rest
2013-06-30 10:30:41.750,-1.0,-3.0,64.625,-29.808,0.633009,89.44,36.71,1847.75,second rest
2013-06-30 10:30:42.000,-1.125,-3.0,64.625,23.31875,0.633009,89.47,36.71,1848.0,second rest
2013-06-30 10:30:42.250,-1.0,-3.125,64.375,-1.499375,0.633009,89.48,36.71,1848.25,second rest
2013-06-30 10:30:42.500,-1.25,-3.125,65.0,-31.247333,0.633009,89.47,36.71,1848.5,second rest
2013-06-30 10:30:42.750,-1.125,-3.125,64.25,32.136875,0.633009,89.46,36.71,1848.75,second rest
2013-06-30 10:30:43.000,-1.125,-3.0,64.625,-15.348125,0.629166,89.43,36.75,1849.0,second rest
2013-06-30 10:30:43.250,-1.0,-3.0,64.5,-5.13,0.633009,89.4,36.75,1849.25,second rest
2013-06-30 10:30:43.500,-1.0,-3.125,64.75,30.7275,0.627886,89.38,36.75,1849.5,second rest
2013-06-30 10:30:43.750,-1.0,-3.125,64.75,-13.815333,0.627886,89.36,36.75,1849.75,second rest
2013-06-30 10:30:44.000,-1.0,-3.0,64.556,-11.35875,0.630447,89.35,36.71,1850.0,second rest
2013-06-30 10:30:44.250,-1.0,-3.0,64.5,30.705625,0.629166,89.35,36.71,1850.25,second rest
2013-06-30 10:30:44.500,-1.125,-3.125,64.375,-11.881333,0.627886,89.36,36.71,1850.5,second rest
2013-06-30 10:30:44.750,-1.0,-3.0,64.75,-27.999375,0.625324,89.36,36.71,1850.75,second rest
2013-06-30 10:30:45.000,-1.0,-3.0,65.0,32.70125,0.629166,89.35,36.75,1851.0,second rest
2013-06-30 10:30:45.250,-1.125,-3.0,64.375,2.5,0.626605,89.33,36.75,1851.25,second rest
2013-06-30 10:30:45.500,-1.125,-3.0,64.25,-31.9425,0.630447,89.29,36.75,1851.5,second rest
2013-06-30 10:30:45.750,-1.0,-3.125,64.75,7.807333,0.624044,89.23,36.75,1851.75,second rest
2013-06-30 10:30:46.000,-1.0,-3.25,64.75,-2.190625,0.626605,89.17,36.75,1852.0,second rest
2013-06-30 10:30:46.250,-1.125,-3.0,64.5,3.69625,0.624044,89.1,36.75,1852.25,second rest
2013-06-30 10:30:46.500,-1.0,-3.0,64.75,12.660667,0.622763,89.02,36.75,1852.5,second rest
2013-06-30 10:30:46.750,-1.0,-3.0,64.5,-43.295625,0.625324,88.95,36.75,1852.75,second rest
2013-06-30 10:30:47.000,-1.375,-3.375,64.5,14.341875,0.624044,88.87,36.73,1853.0,second rest
2013-06-30 10:30:47.250,-1.0,-3.0,64.625,22.368,0.622763,88.8,36.73,1853.25,second rest
2013-06-30 10:30:47.500,-1.0,-3.0,64.75,-38.854375,0.624044,88.73,36.73,1853.5,second rest
2013-06-30 10:30:47.750,-1.0,-3.111,64.667,36.407333,0.620201,88.67,36.73,1853.75,second rest
2013-06-30 10:30:48.000,-1.0,-3.125,64.5,17.408125,0.622763,88.6,36.75,1854.0,second rest
2013-06-30 10:30:48.250,-1.0,-3.0,64.375,-34.4175,0.625324,88.53,36.75,1854.25,second rest
2013-06-30 10:30:48.500,-1.125,-3.125,64.375,35.596,0.618921,88.46,36.75,1854.5,second rest
2013-06-30 10:30:48.750,-1.0,-3.0,64.875,4.74875,0.618921,88.38,36.75,1854.75,second rest
2013-06-30 10:30:49.000,-1.25,-3.25,64.25,-14.2275,0.621482,88.3,36.73,1855.0,second rest
2013-06-30 10:30:49.250,-1.0,-3.125,64.375,19.712,0.61764,88.21,36.73,1855.25,second rest
2013-06-30 10:30:49.500,-1.0,-3.0,64.5,-20.25875,0.615079,88.13,36.73,1855.5,second rest
2013-06-30 10:30:49.750,-1.0,-3.25,64.25,16.284667,0.611237,88.04,36.73,1855.75,second rest
2013-06-30 10:30:50.000,-1.0,-3.0,64.5,3.503125,0.612517,87.95,36.75,1856.0,second rest
2013-06-30 10:30:50.250,-1.0,-3.0,64.625,-26.94875,0.611237,87.87,36.75,1856.25,second rest
2013-06-30 10:30:50.500,-1.0,-3.0,64.25,24.536,0.611237,87.78,36.75,1856.5,second rest
2013-06-30 10:30:50.750,-1.0,-3.0,64.75,-17.0675,0.613798,87.7,36.75,1856.75,second rest
2013-06-30 10:30:51.000,-1.0,-3.0,64.625,6.615,0.616359,87.62,36.75,1857.0,second rest
2013-06-30 10:30:51.250,-1.0,-3.0,64.75,-2.093333,0.612517,87.54,36.75,1857.25,second rest
2013-06-30 10:30:51.500,-1.0,-3.125,64.5,-31.30875,0.607394,87.46,36.75,1857.5,second rest
2013-06-30 10:30:51.750,-1.111,-3.0,64.556,23.64,0.598429,87.38,36.75,1857.75,second rest
2013-06-30 10:30:52.000,-1.0,-3.25,64.75,-10.895,0.583061,87.3,36.75,1858.0,second rest
2013-06-30 10:30:52.250,-1.0,-3.0,64.5,1.540625,0.576657,87.23,36.75,1858.25,second rest
2013-06-30 10:30:52.500,-1.125,-3.0,64.625,1.599333,0.552324,87.16,36.75,1858.5,second rest
2013-06-30 10:30:52.750,-1.0,-3.0,64.5,-23.736875,0.565131,87.09,36.75,1858.75,second rest
2013-06-30 10:30:53.000,-1.0,-3.375,64.75,21.23625,0.616359,87.03,36.75,1859.0,second rest
2013-06-30 10:30:53.250,-1.0,-3.125,64.625,-26.499333,0.615079,86.97,36.75,1859.25,second rest
2013-06-30 10:30:53.500,-1.0,-3.0,64.5,11.9025,0.612517,86.9,36.75,1859.5,second rest
2013-06-30 10:30:53.750,-1.0,-3.0,64.5,19.05,0.618921,86.84,36.75,1859.75,second rest
2013-06-30 10:30:54.000,-1.0,-3.25,64.625,-29.246875,0.616359,86.77,36.71,1860.0,second rest
2013-06-30 10:30:54.250,-1.0,-3.125,64.75,41.03375,0.620201,86.7,36.71,1860.25,second rest
2013-06-30 10:30:54.500,-1.125,-3.0,64.5,18.07,0.602271,86.64,36.71,1860.5,second rest
2013-06-30 10:30:54.750,-1.0,-3.125,64.875,-53.71875,0.594587,86.57,36.71,1860.75,second rest
2013-06-30 10:30:55.000,-1.0,-3.0,64.25,30.80875,0.580499,86.52,36.73,1861.0,second rest
2013-06-30 10:30:55.250,-1.0,-3.0,64.75,29.254667,0.484446,86.48,36.73,1861.25,second rest
2013-06-30 10:30:55.500,-1.0,-3.0,64.889,-33.833125,0.392234,86.44,36.73,1861.5,second rest
2013-06-30 10:30:55.750,-1.0,-3.0,64.75,9.662667,0.45364,86.4,36.73,1861.75,second rest
2013-06-30 10:30:56.000,-1.0,-3.0,64.75,25.386875,0.52536,86.37,36.73,1862.0,second rest
2013-06-30 10:30:56.250,-1.0,-3.0,64.5,-30.108125,0.540728,86.33,36.73,1862.25,second rest
2013-06-30 10:30:56.500,-1.0,-3.125,64.75,16.954667,0.584272,86.3,36.73,1862.5,second rest
2013-06-30 10:30:56.750,-1.0,-3.125,64.375,30.564375,0.609887,86.26,36.73,1862.75,second rest
2013-06-30 10:30:57.000,-1.125,-3.0,65.0,-23.206875,0.61501,86.22,36.71,1863.0,second rest
2013-06-30 10:30:57.250,-1.0,-3.25,64.625,-28.478,0.617571,86.18,36.71,1863.25,second rest
2013-06-30 10:30:57.500,-1.0,-3.375,64.5,37.390625,0.620132,86.15,36.71,1863.5,second rest
2013-06-30 10:30:57.750,-1.0,-3.125,64.75,9.229333,0.618852,86.11,36.71,1863.75,second rest
2013-06-30 10:30:58.000,-1.0,-3.0,64.75,-59.076875,0.61629,86.08,36.71,1864.0,second rest
2013-06-30 10:30:58.250,-1.0,-3.125,64.625,27.40375,0.621413,86.05,36.71,1864.25,second rest
2013-06-30 10:30:58.500,-1.0,-3.125,64.5,32.351333,0.618852,86.03,36.71,1864.5,second rest
2013-06-30 10:30:58.750,-1.0,-3.25,64.5,-21.203125,0.621413,86.0,36.71,1864.75,second rest
2013-06-30 10:30:59.000,-1.0,-3.0,64.25,-30.643125,0.618852,85.98,36.68,1865.0,second rest
2013-06-30 10:30:59.250,-1.0,-3.125,64.5,27.597333,0.621413,85.96,36.68,1865.25,second rest
2013-06-30 10:30:59.500,-1.0,-3.0,64.667,5.228125,0.620132,85.94,36.68,1865.5,second rest
2013-06-30 10:30:59.750,-1.0,-3.0,64.75,-66.285333,0.622694,85.92,36.68,1865.75,second rest
2013-06-30 10:31:00.000,-1.0,-3.0,64.75,35.433125,0.625255,85.9,36.71,1866.0,second rest
2013-06-30 10:31:00.250,-1.0,-3.0,64.625,32.66375,0.622694,85.88,36.71,1866.25,second rest
2013-06-30 10:31:00.500,-1.125,-3.0,64.5,-36.046,0.621413,85.87,36.71,1866.5,second rest
2013-06-30 10:31:00.750,-1.0,-3.125,64.75,-22.93375,0.617571,85.86,36.71,1866.75,second rest
2013-06-30 10:31:01.000,-1.0,-3.0,64.875,40.4425,0.618852,85.85,36.71,1867.0,second rest
2013-06-30 10:31:01.250,-1.0,-3.125,64.375,12.526,0.618852,85.85,36.71,1867.25,second rest
2013-06-30 10:31:01.500,-1.0,-3.0,64.625,-60.0275,0.620132,85.86,36.71,1867.5,second rest
2013-06-30 10:31:01.750,-1.0,-3.125,64.75,33.507333,0.61629,85.87,36.71,1867.75,second rest
2013-06-30 10:31:02.000,-1.0,-3.0,64.75,27.38375,0.618852,85.88,36.66,1868.0,second rest
2013-06-30 10:31:02.250,-1.0,-3.25,64.625,-41.924375,0.617571,85.89,36.66,1868.25,second rest
2013-06-30 10:31:02.500,-1.0,-3.0,64.75,20.453333,0.61629,85.91,36.66,1868.5,second rest
2013-06-30 10:31:02.750,-1.0,-3.125,64.625,30.0775,0.617571,85.93,36.66,1868.75,second rest
2013-06-30 10:31:03.000,-1.0,-3.0,64.75,-34.8275,0.61629,85.95,36.66,1869.0,second rest
2013-06-30 10:31:03.250,-1.0,-3.0,64.444,1.780667,0.618852,85.97,36.66,1869.25,second rest
2013-06-30 10:31:03.500,-1.0,-3.0,64.75,35.479375,0.618852,86.0,36.66,1869.5,second rest
2013-06-30 10:31:03.750,-1.0,-3.125,64.75,-21.795333,0.620132,86.02,36.66,1869.75,second rest
2013-06-30 10:31:04.000,-1.0,-3.125,64.625,-5.31875,0.617571,86.05,36.68,1870.0,second rest
2013-06-30 10:31:04.250,-1.0,-3.0,64.75,30.586875,0.61629,86.08,36.68,1870.25,second rest
2013-06-30 10:31:04.500,-1.125,-3.0,64.625,-22.846667,0.61501,86.1,36.68,1870.5,second rest
2013-06-30 10:31:04.750,-1.0,-3.0,64.75,-11.043125,0.622694,86.13,36.68,1870.75,second rest
2013-06-30 10:31:05.000,-0.875,-3.0,64.375,5.19375,0.626536,86.15,36.66,1871.0,second rest
2013-06-30 10:31:05.250,-1.0,-3.25,64.5,-48.393333,0.620132,86.17,36.66,1871.25,second rest
2013-06-30 10:31:05.500,-1.0,-3.0,64.375,22.346875,0.618852,86.19,36.66,1871.5,second rest
2013-06-30 10:31:05.750,-1.0,-3.0,64.75,26.823333,0.617571,86.21,36.66,1871.75,second rest
2013-06-30 10:31:06.000,-1.0,-3.25,64.625,-42.38375,0.618852,86.23,36.71,1872.0,second rest
2013-06-30 10:31:06.250,-1.0,-3.0,64.75,28.928125,0.61629,86.25,36.71,1872.25,second rest
2013-06-30 10:31:06.500,-1.0,-3.0,64.75,33.609333,0.618852,86.26,36.71,1872.5,second rest
2013-06-30 10:31:06.750,-1.0,-3.0,64.625,-41.0525,0.618852,86.27,36.71,1872.75,second rest
2013-06-30 10:31:07.000,-1.0,-3.0,64.75,22.519375,0.61501,86.28,36.71,1873.0,second rest
2013-06-30 10:31:07.250,-0.889,-3.0,64.667,30.310667,0.617571,86.29,36.71,1873.25,second rest
2013-06-30 10:31:07.500,-1.0,-3.0,64.25,-34.895625,0.617571,86.3,36.71,1873.5,second rest
2013-06-30 10:31:07.750,-1.125,-3.0,64.5,4.303333,0.613729,86.3,36.71,1873.75,second rest
2013-06-30 10:31:08.000,-1.0,-3.0,64.625,24.363125,0.61501,86.3,36.68,1874.0,second rest
2013-06-30 10:31:08.250,-1.0,-3.0,64.5,-30.5,0.613729,86.3,36.68,1874.25,second rest
2013-06-30 10:31:08.500,-1.125,-3.0,64.375,19.673333,0.613729,86.29,36.68,1874.5,second rest
2013-06-30 10:31:08.750,-1.0,-3.0,64.5,21.365,0.61629,86.28,36.68,1874.75,second rest
2013-06-30 10:31:09.000,-1.0,-3.25,64.5,-44.3575,0.61501,86.28,36.68,1875.0,second rest
2013-06-30 10:31:09.250,-0.875,-3.25,64.25,13.220667,0.61501,86.28,36.68,1875.25,second rest
2013-06-30 10:31:09.500,-1.0,-3.0,64.5,31.2025,0.61501,86.28,36.68,1875.5,second rest
2013-06-30 10:31:09.750,-1.0,-3.0,64.5,-27.822,0.617571,86.27,36.68,1875.75,second rest
2013-06-30 10:31:10.000,-1.125,-3.0,64.875,-11.038125,0.61629,86.27,36.68,1876.0,second rest
2013-06-30 10:31:10.250,-1.0,-3.0,64.5,30.908125,0.617571,86.26,36.68,1876.25,second rest
2013-06-30 10:31:10.500,-1.0,-3.0,64.625,-7.277333,0.61501,86.25,36.68,1876.5,second rest
2013-06-30 10:31:10.750,-1.125,-3.25,64.625,-40.4425,0.613729,86.24,36.68,1876.75,second rest
2013-06-30 10:31:11.000,-1.0,-3.0,64.444,29.553125,0.61501,86.22,36.66,1877.0,second rest
2013-06-30 10:31:11.250,-1.0,-3.125,64.75,-1.309333,0.61629,86.2,36.66,1877.25,second rest
2013-06-30 10:31:11.500,-1.0,-3.0,64.5,-30.49375,0.61501,86.18,36.66,1877.5,second rest
2013-06-30 10:31:11.750,-1.0,-3.125,64.75,30.268,0.613729,86.17,36.66,1877.75,second rest
2013-06-30 10:31:12.000,-1.0,-3.125,64.625,-4.72375,0.61629,86.15,36.66,1878.0,second rest
2013-06-30 10:31:12.250,-1.0,-3.0,64.875,-30.321875,0.609887,86.14,36.66,1878.25,second rest
2013-06-30 10:31:12.500,-1.0,-3.0,64.75,34.492,0.609887,86.12,36.66,1878.5,second rest
2013-06-30 10:31:12.750,-1.0,-3.25,64.625,-4.3175,0.611167,86.1,36.66,1878.75,second rest
2013-06-30 10:31:13.000,-1.0,-3.0,64.625,-29.145,0.613729,86.07,36.66,1879.0,second rest
2013-06-30 10:31:13.250,-1.0,-3.125,64.5,34.024,0.609887,86.03,36.66,1879.25,second rest
2013-06-30 10:31:13.500,-1.0,-3.125,64.5,3.536875,0.608606,85.98,36.66,1879.5,second rest
2013-06-30 10:31:13.750,-1.0,-3.0,64.375,-42.008667,0.607325,85.93,36.66,1879.75,second rest
2013-06-30 10:31:14.000,-1.0,-3.0,64.875,34.869375,0.608606,85.88,36.66,1880.0,second rest
2013-06-30 10:31:14.250,-1.0,-3.0,64.75,10.774375,0.607325,85.84,36.66,1880.25,second rest
2013-06-30 10:31:14.500,-1.0,-3.125,64.75,-4.664,0.607325,85.8,36.66,1880.5,second rest
2013-06-30 10:31:14.750,-1.0,-3.0,64.75,29.456875,0.606045,85.76,36.66,1880.75,second rest
2013-06-30 10:31:15.000,-1.0,-3.0,64.444,-12.19875,0.606045,85.72,36.66,1881.0,second rest
2013-06-30 10:31:15.250,-1.0,-3.0,64.625,-53.947333,0.607325,85.66,36.66,1881.25,second rest
2013-06-30 10:31:15.500,-0.875,-3.125,64.625,25.091875,0.604764,85.6,36.66,1881.5,second rest
2013-06-30 10:31:15.750,-1.0,-3.0,64.625,-6.080667,0.606045,85.54,36.66,1881.75,second rest
2013-06-30 10:31:16.000,-1.0,-3.125,64.5,-34.8225,0.604764,85.47,36.65,1882.0,second rest
2013-06-30 10:31:16.250,-1.0,-3.0,65.0,38.99125,0.603483,85.41,36.65,1882.25,second rest
2013-06-30 10:31:16.500,-1.0,-3.0,64.5,8.128,0.602202,85.35,36.65,1882.5,second rest
2013-06-30 10:31:16.750,-1.125,-3.0,64.5,-33.241875,0.600922,85.3,36.65,1882.75,second rest
2013-06-30 10:31:17.000,-1.0,-3.125,64.5,30.461875,0.602202,85.25,36.65,1883.0,second rest
2013-06-30 10:31:17.250,-1.0,-3.0,64.625,-1.43,0.602202,85.2,36.65,1883.25,second rest
2013-06-30 10:31:17.500,-1.0,-3.0,64.875,-15.740625,0.600922,85.16,36.65,1883.5,second rest
2013-06-30 10:31:17.750,-1.125,-3.0,64.5,28.182,0.599641,85.11,36.65,1883.75,second rest
2013-06-30 10:31:18.000,-1.0,-3.0,64.5,-16.68625,0.600922,85.07,36.63,1884.0,second rest
2013-06-30 10:31:18.250,-1.0,-3.125,64.375,-14.16125,0.599641,85.03,36.63,1884.25,second rest
2013-06-30 10:31:18.500,-1.0,-3.0,64.75,29.378,0.599641,84.99,36.63,1884.5,second rest
2013-06-30 10:31:18.750,-1.0,-3.0,64.667,-17.841875,0.59836,84.95,36.63,1884.75,second rest
2013-06-30 10:31:19.000,-1.0,-3.0,64.625,-1.946875,0.59836,84.9,36.63,1885.0,second rest
2013-06-30 10:31:19.250,-1.0,-3.125,64.5,29.544667,0.595799,84.85,36.63,1885.25,second rest
2013-06-30 10:31:19.500,-1.125,-3.0,64.625,-18.201875,0.59708,84.8,36.63,1885.5,second rest
2013-06-30 10:31:19.750,-1.0,-3.125,64.5,-3.002667,0.593237,84.76,36.63,1885.75,second rest
2013-06-30 10:31:20.000,-1.0,-3.0,64.625,21.29875,0.594518,84.73,36.63,1886.0,second rest
2013-06-30 10:31:20.250,-1.0,-3.0,64.625,-31.3575,0.595799,84.73,36.63,1886.25,second rest
2013-06-30 10:31:20.500,-1.0,-3.0,64.25,13.901333,0.591957,84.74,36.63,1886.5,second rest
2013-06-30 10:31:20.750,-1.0,-3.0,64.875,11.54125,0.594518,84.76,36.63,1886.75,second rest
2013-06-30 10:31:21.000,-1.0,-3.0,64.625,-41.455,0.590676,84.78,36.63,1887.0,second rest
2013-06-30 10:31:21.250,-1.0,-3.125,64.5,34.378667,0.593237,84.8,36.63,1887.25,second rest
2013-06-30 10:31:21.500,-1.0,-3.0,65.0,10.625625,0.589395,84.81,36.63,1887.5,second rest
2013-06-30 10:31:21.750,-1.0,-3.0,64.375,-43.353333,0.591957,84.81,36.63,1887.75,second rest
2013-06-30 10:31:22.000,-1.0,-3.0,64.625,35.501875,0.591957,84.82,36.63,1888.0,second rest
2013-06-30 10:31:22.250,-1.125,-3.0,64.625,4.258125,0.591957,84.83,36.63,1888.25,second rest
2013-06-30 10:31:22.500,-1.0,-3.25,64.5,-32.499333,0.590676,84.83,36.63,1888.5,second rest
2013-06-30 10:31:22.750,-1.0,-3.0,64.333,32.328125,0.590676,84.84,36.63,1888.75,second rest
2013-06-30 10:31:23.000,-1.0,-3.125,64.5,-6.884375,0.589395,84.85,36.63,1889.0,second rest
2013-06-30 10:31:23.250,-1.125,-3.125,64.75,-13.812667,0.589395,84.86,36.63,1889.25,second rest
2013-06-30 10:31:23.500,-1.0,-3.0,64.625,16.4425,0.588115,84.86,36.63,1889.5,second rest
2013-06-30 10:31:23.750,-0.875,-3.0,64.5,-30.939333,0.589395,84.87,36.63,1889.75,second rest
2013-06-30 10:31:24.000,-1.0,-3.0,64.875,22.64375,0.591957,84.88,36.63,1890.0,second rest
2013-06-30 10:31:24.250,-1.0,-3.0,64.5,12.024375,0.588115,84.89,36.63,1890.25,second rest
2013-06-30 10:31:24.500,-1.0,-3.0,64.5,-50.340667,0.588115,84.9,36.63,1890.5,second rest
2013-06-30 10:31:24.750,-1.0,-3.0,64.625,34.065625,0.582992,84.91,36.63,1890.75,second rest
2013-06-30 10:31:25.000,-1.0,-3.0,64.5,10.855625,0.582992,84.92,36.61,1891.0,second rest
2013-06-30 10:31:25.250,-1.125,-3.375,64.25,-30.515333,0.586834,84.93,36.61,1891.25,second rest
2013-06-30 10:31:25.500,-1.0,-3.0,64.75,39.995625,0.585553,84.94,36.61,1891.5,second rest
2013-06-30 10:31:25.750,-1.0,-3.0,64.5,5.240667,0.586834,84.96,36.61,1891.75,second rest
2013-06-30 10:31:26.000,-1.0,-3.0,64.375,-26.960625,0.585553,84.97,36.63,1892.0,second rest
2013-06-30 10:31:26.250,-1.0,-3.0,64.5,23.51125,0.588115,84.98,36.63,1892.25,second rest
2013-06-30 10:31:26.500,-1.0,-3.0,64.556,-18.042667,0.586834,85.0,36.63,1892.5,second rest
2013-06-30 10:31:26.750,-1.0,-3.0,64.625,5.296875,0.589395,85.01,36.63,1892.75,second rest
2013-06-30 10:31:27.000,-1.0,-3.0,64.625,17.466875,0.588115,85.02,36.65,1893.0,second rest
2013-06-30 10:31:27.250,-1.0,-3.125,64.875,-44.413333,0.588115,85.03,36.65,1893.25,second rest
2013-06-30 10:31:27.500,-1.0,-3.125,64.625,18.17,0.588115,85.03,36.65,1893.5,second rest
2013-06-30 10:31:27.750,-1.125,-3.0,64.75,21.364,0.584272,85.04,36.65,1893.75,second rest
2013-06-30 10:31:28.000,-1.0,-3.375,64.625,-42.6975,0.584272,85.05,36.65,1894.0,second rest
2013-06-30 10:31:28.250,-1.0,-3.0,64.625,29.216875,0.584272,85.06,36.65,1894.25,second rest
2013-06-30 10:31:28.500,-1.25,-3.125,64.625,22.536667,0.584272,85.07,36.65,1894.5,second rest
2013-06-30 10:31:28.750,-1.0,-3.125,64.75,-42.465,0.582992,85.09,36.65,1894.75,second rest
2013-06-30 10:31:29.000,-1.0,-3.0,64.5,18.804375,0.586834,85.1,36.66,1895.0,second rest
2013-06-30 10:31:29.250,-0.875,-3.0,64.75,16.387333,0.584272,85.11,36.66,1895.25,second rest
2013-06-30 10:31:29.500,-1.0,-3.0,64.625,-40.83125,0.584272,85.12,36.66,1895.5,second rest
2013-06-30 10:31:29.750,-1.125,-3.0,64.25,26.654667,0.58043,85.14,36.66,1895.75,second rest
2013-06-30 10:31:30.000,-1.25,-3.0,64.375,7.54875,0.577869,85.15,36.65,1896.0,second rest
2013-06-30 10:31:30.250,-1.0,-3.125,64.75,-51.4075,0.576588,85.17,36.65,1896.25,second rest
2013-06-30 10:31:30.500,-1.222,-3.111,64.667,37.818667,0.576588,85.18,36.65,1896.5,second rest
2013-06-30 10:31:30.750,-1.0,-3.125,64.75,8.820625,0.575307,85.2,36.65,1896.75,second rest
2013-06-30 10:31:31.000,-1.125,-3.0,64.875,-54.4175,0.575307,85.22,36.65,1897.0,second rest
2013-06-30 10:31:31.250,-1.375,-3.375,64.5,35.515333,0.577869,85.23,36.65,1897.25,second rest
2013-06-30 10:31:31.500,-1.875,-3.5,64.25,13.838125,0.575307,85.25,36.65,1897.5,second rest
2013-06-30 10:31:31.750,-2.0,-3.5,64.625,-56.404,0.577869,85.26,36.65,1897.75,second rest
2013-06-30 10:31:32.000,-2.0,-3.375,64.5,30.316875,0.574027,85.27,36.66,1898.0,second rest
2013-06-30 10:31:32.250,-1.75,-3.125,64.375,8.596875,0.574027,85.28,36.66,1898.25,second rest
2013-06-30 10:31:32.500,-1.625,-3.0,65.0,-40.889333,0.574027,85.3,36.66,1898.5,second rest
2013-06-30 10:31:32.750,-1.375,-3.25,64.5,38.918125,0.571465,85.31,36.66,1898.75,second rest
2013-06-30 10:31:33.000,-1.75,-3.125,64.625,-2.96125,0.574027,85.32,36.66,1899.0,second rest
2013-06-30 10:31:33.250,-1.75,-3.125,64.75,-47.680667,0.572746,85.33,36.66,1899.25,second rest
2013-06-30 10:31:33.500,-1.375,-3.125,64.125,38.744375,0.572746,85.34,36.66,1899.5,second rest
2013-06-30 10:31:33.750,-1.5,-3.0,64.75,-0.390667,0.571465,85.34,36.66,1899.75,second rest
2013-06-30 10:31:34.000,-1.75,-3.0,64.875,-20.925625,0.572746,85.35,36.71,1900.0,second rest
2013-06-30 10:31:34.250,-1.778,-3.111,64.556,37.564375,0.570185,85.36,36.71,1900.25,second rest
2013-06-30 10:31:34.500,-1.75,-3.125,64.5,-16.788667,0.571465,85.37,36.71,1900.5,second rest
2013-06-30 10:31:34.750,-1.625,-3.0,64.375,-102.310625,0.570185,85.37,36.71,1900.75,second rest
2013-06-30 10:31:35.000,-1.75,-3.25,64.375,-62.6225,0.571465,85.38,36.68,1901.0,second rest
2013-06-30 10:31:35.250,-1.75,-3.0,64.875,21.929333,0.570185,85.39,36.68,1901.25,second rest
2013-06-30 10:31:35.500,-1.75,-3.0,64.75,89.76625,0.570185,85.39,36.68,1901.5,second rest
2013-06-30 10:31:35.750,-1.5,-3.25,64.375,224.757333,0.566342,85.4,36.68,1901.75,second rest
2013-06-30 10:31:36.000,-1.625,-3.0,64.375,-31.03,0.567623,85.4,36.68,1902.0,second rest
2013-06-30 10:31:36.250,-1.75,-3.0,64.75,-26.66,0.566342,85.41,36.68,1902.25,second rest
2013-06-30 10:31:36.500,-1.25,-3.25,64.5,-67.63,0.566342,85.41,36.68,1902.5,second rest
2013-06-30 10:31:36.750,-1.625,-3.0,64.5,-50.525,0.568904,85.42,36.68,1902.75,second rest
2013-06-30 10:31:37.000,-1.375,-3.25,64.75,238.255625,0.565062,85.42,36.68,1903.0,second rest
2013-06-30 10:31:37.250,-1.625,-3.0,64.625,68.243333,0.566342,85.42,36.68,1903.25,second rest
2013-06-30 10:31:37.500,-1.5,-3.0,64.5,-45.44125,0.563781,85.43,36.68,1903.5,second rest
2013-06-30 10:31:37.750,-1.375,-3.125,64.25,50.244,0.568904,85.43,36.68,1903.75,second rest
2013-06-30 10:31:38.000,-1.5,-3.125,64.875,10.89,0.566342,85.43,36.71,1904.0,second rest
2013-06-30 10:31:38.250,-1.556,-3.222,64.667,-392.825625,0.567623,85.43,36.71,1904.25,second rest
2013-06-30 10:31:38.500,-1.5,-3.0,64.75,-211.106667,0.565062,85.43,36.71,1904.5,second rest
2013-06-30 10:31:38.750,-1.625,-3.375,64.75,106.135625,0.566342,85.43,36.71,1904.75,second rest
2013-06-30 10:31:39.000,-1.5,-3.0,64.625,48.44375,0.565062,85.43,36.68,1905.0,second rest
2013-06-30 10:31:39.250,-1.625,-3.125,64.625,97.210667,0.566342,85.43,36.68,1905.25,second rest
2013-06-30 10:31:39.500,-1.25,-3.125,64.75,67.775625,0.567623,85.42,36.68,1905.5,second rest
2013-06-30 10:31:39.750,-1.375,-3.125,64.625,54.083333,0.5625,85.42,36.68,1905.75,second rest
2013-06-30 10:31:40.000,-1.625,-3.25,64.5,75.656875,0.566342,85.42,36.71,1906.0,second rest
2013-06-30 10:31:40.250,-1.5,-3.25,64.5,-35.7825,0.5625,85.42,36.71,1906.25,second rest
2013-06-30 10:31:40.500,-1.625,-3.0,64.5,-48.088667,0.566342,85.42,36.71,1906.5,second rest
2013-06-30 10:31:40.750,-1.75,-3.125,64.75,-104.036875,0.5625,85.42,36.71,1906.75,second rest
2013-06-30 10:31:41.000,-1.5,-3.25,64.25,-94.916875,0.5625,85.42,36.71,1907.0,second rest
2013-06-30 10:31:41.250,-1.5,-3.25,64.5,18.342,0.56122,85.42,36.71,1907.25,second rest
2013-06-30 10:31:41.500,-1.5,-3.125,64.375,16.12625,0.56122,85.41,36.71,1907.5,second rest
2013-06-30 10:31:41.750,-1.75,-3.125,64.5,18.43,0.559939,85.4,36.71,1907.75,second rest
2013-06-30 10:31:42.000,-1.667,-3.333,64.667,60.35125,0.5625,85.4,36.73,1908.0,second rest
2013-06-30 10:31:42.250,-1.375,-3.0,64.375,-17.894375,0.5625,85.4,36.73,1908.25,second rest
2013-06-30 10:31:42.500,-1.5,-3.0,64.625,40.611333,0.558658,85.4,36.73,1908.5,second rest
2013-06-30 10:31:42.750,-1.5,-3.125,64.375,31.603125,0.559939,85.4,36.73,1908.75,second rest
2013-06-30 10:31:43.000,-1.5,-3.0,64.625,-24.034375,0.558658,85.4,36.73,1909.0,second rest
2013-06-30 10:31:43.250,-1.5,-3.0,64.625,22.958,0.558658,85.4,36.73,1909.25,second rest
2013-06-30 10:31:43.500,-1.375,-3.125,64.5,-8.54625,0.558658,85.4,36.73,1909.5,second rest
2013-06-30 10:31:43.750,-1.25,-3.0,64.625,-4.316,0.558658,85.4,36.73,1909.75,second rest
2013-06-30 10:31:44.000,-1.625,-3.0,64.5,9.658125,0.557377,85.4,36.75,1910.0,second rest
2013-06-30 10:31:44.250,-1.5,-3.125,64.75,-20.0975,0.557377,85.4,36.75,1910.25,second rest
2013-06-30 10:31:44.500,-1.5,-3.125,64.75,31.326,0.556097,85.41,36.75,1910.5,second rest
2013-06-30 10:31:44.750,-1.375,-3.125,65.0,-5.475,0.557377,85.42,36.75,1910.75,second rest
2013-06-30 10:31:45.000,-1.5,-3.125,64.5,13.524375,0.557377,85.42,36.73,1911.0,second rest
2013-06-30 10:31:45.250,-1.5,-3.0,64.75,2.332,0.556097,85.42,36.73,1911.25,second rest
2013-06-30 10:31:45.500,-1.625,-3.125,64.5,-40.625625,0.557377,85.42,36.73,1911.5,second rest
2013-06-30 10:31:45.750,-1.25,-3.25,64.375,26.308,0.553535,85.43,36.73,1911.75,second rest
2013-06-30 10:31:46.000,-1.556,-3.0,64.556,-12.830625,0.556097,85.43,36.75,1912.0,second rest
2013-06-30 10:31:46.250,-1.375,-3.125,64.75,-4.84125,0.556097,85.44,36.75,1912.25,second rest
2013-06-30 10:31:46.500,-1.375,-3.0,64.5,19.569333,0.550974,85.45,36.75,1912.5,second rest
2013-06-30 10:31:46.750,-1.375,-3.25,64.875,-35.195,0.548412,85.46,36.75,1912.75,second rest
2013-06-30 10:31:47.000,-1.25,-3.25,64.75,22.760625,0.553535,85.47,36.75,1913.0,second rest
2013-06-30 10:31:47.250,-1.25,-3.25,64.75,2.826667,0.552255,85.48,36.75,1913.25,second rest
2013-06-30 10:31:47.500,-1.125,-3.0,64.625,-26.428125,0.553535,85.5,36.75,1913.5,second rest
2013-06-30 10:31:47.750,-1.375,-3.25,64.375,31.246,0.552255,85.51,36.75,1913.75,second rest
2013-06-30 10:31:48.000,-1.5,-3.0,64.25,0.26875,0.548412,85.52,36.75,1914.0,second rest
2013-06-30 10:31:48.250,-1.25,-3.125,64.75,-3.31375,0.552255,85.52,36.75,1914.25,second rest
2013-06-30 10:31:48.500,-1.5,-3.0,64.375,16.330667,0.549693,85.52,36.75,1914.5,second rest
2013-06-30 10:31:48.750,-1.5,-3.0,64.625,-35.95625,0.550974,85.52,36.75,1914.75,second rest
2013-06-30 10:31:49.000,-1.375,-3.125,64.625,29.555625,0.548412,85.52,36.75,1915.0,second rest
2013-06-30 10:31:49.250,-1.25,-3.0,64.5,5.468667,0.54457,85.52,36.75,1915.25,second rest
2013-06-30 10:31:49.500,-1.5,-3.0,64.625,-41.15625,0.547132,85.53,36.75,1915.5,second rest
2013-06-30 10:31:49.750,-1.222,-3.111,64.444,34.312667,0.548412,85.53,36.75,1915.75,second rest
2013-06-30 10:31:50.000,-1.375,-3.25,64.375,8.731875,0.550974,85.53,36.77,1916.0,second rest
2013-06-30 10:31:50.250,-1.375,-3.0,64.625,-39.064375,0.552255,85.53,36.77,1916.25,second rest
2013-06-30 10:31:50.500,-1.625,-3.125,64.375,31.884667,0.556097,85.53,36.77,1916.5,second rest
2013-06-30 10:31:50.750,-1.375,-3.125,64.375,11.575625,0.554816,85.53,36.77,1916.75,second rest
2013-06-30 10:31:51.000,-1.25,-3.0,64.5,-22.499375,0.558658,85.53,36.79,1917.0,second rest
2013-06-30 10:31:51.250,-1.375,-3.25,64.5,35.23,0.56122,85.54,36.79,1917.25,second rest
2013-06-30 10:31:51.500,-1.25,-3.0,64.5,-9.66625,0.563781,85.55,36.79,1917.5,second rest
2013-06-30 10:31:51.750,-1.625,-3.125,64.625,-17.490667,0.565062,85.56,36.79,1917.75,second rest
2013-06-30 10:31:52.000,-1.375,-3.0,64.875,25.279375,0.565062,85.57,36.77,1918.0,second rest
2013-06-30 10:31:52.250,-1.5,-3.0,64.375,-25.18125,0.563781,85.57,36.77,1918.25,second rest
2013-06-30 10:31:52.500,-1.5,-3.0,64.625,0.85,0.565062,85.57,36.77,1918.5,second rest
2013-06-30 10:31:52.750,-1.375,-3.125,65.0,22.5875,0.566342,85.57,36.77,1918.75,second rest
2013-06-30 10:31:53.000,-1.375,-3.125,64.875,-29.653125,0.563781,85.58,36.77,1919.0,second rest
2013-06-30 10:31:53.250,-1.625,-3.25,64.25,16.781333,0.565062,85.59,36.77,1919.25,second rest
2013-06-30 10:31:53.500,-1.375,-3.125,64.625,16.21125,0.565062,85.61,36.77,1919.5,second rest
2013-06-30 10:31:53.750,-1.333,-3.0,64.556,-31.925333,0.563781,85.63,36.77,1919.75,second rest
2013-06-30 10:31:54.000,-1.25,-3.375,64.625,25.01625,0.56122,85.65,36.77,1920.0,second rest
2013-06-30 10:31:54.250,-1.375,-3.0,64.25,11.08375,0.557377,85.67,36.77,1920.25,second rest
2013-06-30 10:31:54.500,-1.5,-3.125,64.625,-26.704,0.559939,85.69,36.77,1920.5,second rest
2013-06-30 10:31:54.750,-1.5,-3.125,64.5,15.225,0.553535,85.7,36.77,1920.75,second rest
2013-06-30 10:31:55.000,-1.25,-3.125,64.5,-22.340625,0.556097,85.72,36.75,1921.0,second rest
2013-06-30 10:31:55.250,-1.75,-3.25,64.875,-7.068667,0.554816,85.74,36.75,1921.25,second rest
2013-06-30 10:31:55.500,-1.25,-3.125,64.625,14.5225,0.553535,85.76,36.75,1921.5,second rest
2013-06-30 10:31:55.750,-1.125,-3.0,64.625,-31.969333,0.554816,85.78,36.75,1921.75,second rest
2013-06-30 10:31:56.000,-1.5,-3.125,64.625,15.831875,0.556097,85.8,36.75,1922.0,second rest
2013-06-30 10:31:56.250,-1.5,-3.25,64.5,11.28875,0.554816,85.82,36.75,1922.25,second rest
2013-06-30 10:31:56.500,-1.5,-3.125,64.5,-38.897333,0.553535,85.83,36.75,1922.5,second rest
2013-06-30 10:31:56.750,-1.375,-3.25,64.625,21.29875,0.554816,85.85,36.75,1922.75,second rest
2013-06-30 10:31:57.000,-1.625,-3.125,64.625,15.85375,0.554816,85.87,36.75,1923.0,second rest
2013-06-30 10:31:57.250,-1.5,-3.0,64.625,-44.289333,0.553535,85.89,36.75,1923.25,second rest
2013-06-30 10:31:57.500,-1.444,-3.0,64.444,14.780625,0.548412,85.91,36.75,1923.5,second rest
2013-06-30 10:31:57.750,-1.625,-3.0,64.375,11.894,0.550974,85.92,36.75,1923.75,second rest
2013-06-30 10:31:58.000,-1.375,-3.125,64.75,-49.415625,0.550974,85.93,36.73,1924.0,second rest
2013-06-30 10:31:58.250,-1.5,-3.0,64.5,8.088125,0.548412,85.93,36.73,1924.25,second rest
2013-06-30 10:31:58.500,-1.125,-3.0,64.375,32.329333,0.552255,85.92,36.73,1924.5,second rest
2013-06-30 10:31:58.750,-1.375,-3.125,64.25,-19.711875,0.549693,85.92,36.73,1924.75,second rest
2013-06-30 10:31:59.000,-1.375,-3.125,64.75,-28.311875,0.549693,85.92,36.73,1925.0,second rest
2013-06-30 10:31:59.250,-1.25,-3.0,64.5,45.926,0.548412,85.93,36.73,1925.25,second rest
2013-06-30 10:31:59.500,-1.125,-3.25,64.75,17.696875,0.547132,85.95,36.73,1925.5,second rest
2013-06-30 10:31:59.750,-1.5,-3.25,64.375,-40.906,0.549693,85.98,36.73,1925.75,second rest
2013-06-30 10:32:00.000,-1.375,-3.0,64.125,37.504375,0.549693,86.0,36.71,1926.0,second rest
2013-06-30 10:32:00.250,-1.5,-3.0,64.625,14.9225,0.545851,86.02,36.71,1926.25,second rest
2013-06-30 10:32:00.500,-1.625,-3.0,64.625,-56.341333,0.545851,86.03,36.71,1926.5,second rest
2013-06-30 10:32:00.750,-1.875,-3.25,64.5,34.799375,0.54457,86.04,36.71,1926.75,second rest
2013-06-30 10:32:01.000,-1.5,-3.0,64.25,32.6525,0.54329,86.05,36.73,1927.0,second rest
2013-06-30 10:32:01.250,-1.125,-3.0,64.25,-30.238,0.54457,86.05,36.73,1927.25,second rest
2013-06-30 10:32:01.500,-1.778,-3.0,64.333,-13.461875,0.54457,86.05,36.73,1927.5,second rest
2013-06-30 10:32:01.750,-1.375,-3.125,64.5,38.042,0.54457,86.04,36.73,1927.75,second rest
2013-06-30 10:32:02.000,-1.25,-3.0,64.375,5.181875,0.54329,86.03,36.71,1928.0,second rest
2013-06-30 10:32:02.250,-1.375,-3.0,64.75,-18.606875,0.542009,86.02,36.71,1928.25,second rest
2013-06-30 10:32:02.500,-1.375,-3.0,64.625,33.681333,0.536886,86.0,36.71,1928.5,second rest
2013-06-30 10:32:02.750,-1.25,-3.0,64.625,-9.143125,0.536886,85.99,36.71,1928.75,second rest
2013-06-30 10:32:03.000,-1.5,-3.25,64.375,-42.34875,0.534325,85.97,36.71,1929.0,second rest
2013-06-30 10:32:03.250,-1.5,-3.125,64.625,33.644,0.535605,85.95,36.71,1929.25,second rest
2013-06-30 10:32:03.500,-1.625,-3.125,64.625,1.3,0.535605,85.94,36.71,1929.5,second rest
2013-06-30 10:32:03.750,-1.625,-3.25,64.375,-47.745333,0.534325,85.92,36.71,1929.75,second rest
2013-06-30 10:32:04.000,-1.75,-3.125,64.5,35.445625,0.538167,85.9,36.71,1930.0,second rest
2013-06-30 10:32:04.250,-1.875,-3.125,64.5,8.311875,0.538167,85.88,36.71,1930.25,second rest
2013-06-30 10:32:04.500,-1.375,-3.25,64.625,-52.662,0.535605,85.85,36.71,1930.5,second rest
2013-06-30 10:32:04.750,-1.5,-3.125,64.5,30.339375,0.539447,85.83,36.71,1930.75,second rest
2013-06-30 10:32:05.000,-1.125,-3.0,64.625,13.13125,0.536886,85.8,36.75,1931.0,second rest
2013-06-30 10:32:05.250,-1.444,-3.111,64.556,-40.467333,0.538167,85.77,36.75,1931.25,second rest
2013-06-30 10:32:05.500,-1.125,-3.375,64.75,27.999375,0.536886,85.75,36.75,1931.5,second rest
2013-06-30 10:32:05.750,-1.5,-3.25,64.375,2.403333,0.536886,85.72,36.75,1931.75,second rest
2013-06-30 10:32:06.000,-1.125,-3.25,64.5,-47.929375,0.536886,85.7,36.75,1932.0,second rest
2013-06-30 10:32:06.250,-1.375,-3.125,64.25,40.86875,0.535605,85.68,36.75,1932.25,second rest
2013-06-30 10:32:06.500,-1.375,-3.25,64.625,10.256,0.534325,85.66,36.75,1932.5,second rest
2013-06-30 10:32:06.750,-1.375,-3.125,64.5,-41.230625,0.527921,85.64,36.75,1932.75,second rest
2013-06-30 10:32:07.000,-1.375,-3.125,64.375,39.535,0.529202,85.62,36.73,1933.0,second rest
2013-06-30 10:32:07.250,-1.5,-3.0,64.25,12.296,0.529202,85.6,36.73,1933.25,second rest
2013-06-30 10:32:07.500,-1.5,-3.125,64.75,-38.206875,0.534325,85.58,36.73,1933.5,second rest
2013-06-30 10:32:07.750,-1.25,-3.0,64.25,36.667333,0.531763,85.57,36.73,1933.75,second rest
2013-06-30 10:32:08.000,-1.375,-3.0,64.25,4.955,0.531763,85.55,36.75,1934.0,second rest
2013-06-30 10:32:08.250,-1.125,-3.125,64.5,-32.8175,0.52664,85.53,36.75,1934.25,second rest
2013-06-30 10:32:08.500,-1.125,-3.0,64.625,30.21,0.529202,85.52,36.75,1934.5,second rest
2013-06-30 10:32:08.750,-1.25,-3.0,64.375,-5.5375,0.527921,85.5,36.75,1934.75,second rest
2013-06-30 10:32:09.000,-1.25,-3.0,64.5,-28.71125,0.527921,85.48,36.73,1935.0,second rest
2013-06-30 10:32:09.250,-1.222,-3.0,64.556,33.855333,0.52536,85.46,36.73,1935.25,second rest
2013-06-30 10:32:09.500,-1.125,-3.0,64.25,-4.4725,0.52664,85.44,36.73,1935.5,second rest
2013-06-30 10:32:09.750,-1.125,-3.125,64.5,-29.638667,0.524079,85.42,36.73,1935.75,second rest
2013-06-30 10:32:10.000,-1.0,-3.0,64.25,33.5625,0.52536,85.4,36.75,1936.0,second rest
2013-06-30 10:32:10.250,-1.375,-3.0,64.625,2.060625,0.524079,85.38,36.75,1936.25,second rest
2013-06-30 10:32:10.500,-1.625,-3.0,64.5,-27.928,0.522798,85.36,36.75,1936.5,second rest
2013-06-30 10:32:10.750,-1.5,-3.0,64.5,21.056875,0.524079,85.34,36.75,1936.75,second rest
2013-06-30 10:32:11.000,-1.25,-3.25,64.5,-25.3275,0.522798,85.32,36.77,1937.0,second rest
2013-06-30 10:32:11.250,-1.125,-3.0,64.625,-16.09,0.522798,85.3,36.77,1937.25,second rest
2013-06-30 10:32:11.500,-1.25,-3.0,64.5,27.06625,0.520237,85.27,36.77,1937.5,second rest
2013-06-30 10:32:11.750,-1.375,-3.125,64.75,-18.444667,0.521517,85.25,36.77,1937.75,second rest
2013-06-30 10:32:12.000,-1.375,-3.375,64.375,-13.6075,0.521517,85.23,36.79,1938.0,second rest
2013-06-30 10:32:12.250,-1.25,-3.25,64.75,33.643125,0.522798,85.21,36.79,1938.25,second rest
2013-06-30 10:32:12.500,-1.25,-3.0,64.5,-17.725333,0.52536,85.2,36.79,1938.5,second rest
2013-06-30 10:32:12.750,-1.125,-3.375,64.375,-2.133125,0.524079,85.18,36.79,1938.75,second rest
2013-06-30 10:32:13.000,-1.111,-3.111,64.556,29.29625,0.52536,85.17,36.77,1939.0,second rest
2013-06-30 10:32:13.250,-1.125,-3.125,64.625,-23.094,0.524079,85.16,36.77,1939.25,second rest
2013-06-30 10:32:13.500,-1.5,-3.375,64.5,14.624375,0.52664,85.15,36.77,1939.5,second rest
2013-06-30 10:32:13.750,-1.5,-3.125,64.875,17.658,0.522798,85.14,36.77,1939.75,second rest
2013-06-30 10:32:14.000,-1.625,-3.0,64.5,-39.99375,0.524079,85.13,36.79,1940.0,second rest
2013-06-30 10:32:14.250,-1.25,-3.25,64.5,33.868125,0.522798,85.12,36.79,1940.25,second rest
2013-06-30 10:32:14.500,-1.375,-3.0,64.75,8.448667,0.521517,85.11,36.79,1940.5,second rest
2013-06-30 10:32:14.750,-1.5,-3.125,64.75,-41.745625,0.520237,85.11,36.79,1940.75,second rest
2013-06-30 10:32:15.000,-1.25,-3.0,64.875,41.721875,0.521517,85.1,36.81,1941.0,second rest
2013-06-30 10:32:15.250,-1.125,-3.0,64.5,2.082667,0.521517,85.1,36.81,1941.25,second rest
2013-06-30 10:32:15.500,-1.25,-3.25,64.625,-27.088125,0.521517,85.1,36.81,1941.5,second rest
2013-06-30 10:32:15.750,-1.25,-3.25,64.625,34.779333,0.521517,85.1,36.81,1941.75,second rest
2013-06-30 10:32:16.000,-1.125,-3.25,64.375,-2.24,0.516395,85.1,36.79,1942.0,second rest
2013-06-30 10:32:16.250,-1.5,-3.125,64.25,-13.736875,0.518956,85.1,36.79,1942.25,second rest
2013-06-30 10:32:16.500,-1.25,-3.0,64.625,23.367333,0.521517,85.11,36.79,1942.5,second rest
2013-06-30 10:32:16.750,-1.375,-3.0,64.375,-23.544375,0.521517,85.12,36.79,1942.75,second rest
2013-06-30 10:32:17.000,-1.333,-3.111,64.333,8.785625,0.522798,85.13,36.81,1943.0,second rest
2013-06-30 10:32:17.250,-1.125,-3.0,64.625,25.073333,0.520237,85.14,36.81,1943.25,second rest
2013-06-30 10:32:17.500,-1.375,-3.0,64.5,-15.466875,0.521517,85.16,36.81,1943.5,second rest
2013-06-30 10:32:17.750,-1.125,-3.0,64.625,-54.284667,0.521517,85.18,36.81,1943.75,second rest
2013-06-30 10:32:18.000,-1.0,-3.125,64.75,36.36,0.517675,85.2,36.81,1944.0,second rest
2013-06-30 10:32:18.250,-1.5,-3.375,64.625,-0.813125,0.518956,85.22,36.81,1944.25,second rest
2013-06-30 10:32:18.500,-1.125,-3.125,64.5,-33.194667,0.517675,85.24,36.81,1944.5,second rest
2013-06-30 10:32:18.750,-1.0,-3.0,64.375,37.566875,0.516395,85.25,36.81,1944.75,second rest
2013-06-30 10:32:19.000,-1.375,-3.0,64.625,-0.803125,0.517675,85.27,36.83,1945.0,second rest
2013-06-30 10:32:19.250,-1.375,-3.125,64.625,-28.536,0.516395,85.29,36.83,1945.25,second rest
2013-06-30 10:32:19.500,-1.75,-3.25,64.875,28.34125,0.517675,85.31,36.83,1945.5,second rest
2013-06-30 10:32:19.750,-1.625,-3.125,64.5,-9.95,0.512552,85.33,36.83,1945.75,second rest
2013-06-30 10:32:20.000,-1.375,-3.0,64.5,-10.570625,0.516395,85.35,36.83,1946.0,second rest
2013-06-30 10:32:20.250,-1.125,-3.125,64.75,19.62875,0.515114,85.37,36.83,1946.25,second rest
2013-06-30 10:32:20.500,-1.25,-3.0,64.5,-31.782667,0.516395,85.4,36.83,1946.5,second rest
2013-06-30 10:32:20.750,-1.111,-3.222,64.778,-1.335,0.515114,85.43,36.83,1946.75,second rest
2013-06-30 10:32:21.000,-1.25,-3.125,64.5,23.116875,0.50871,85.45,36.87,1947.0,second rest
2013-06-30 10:32:21.250,-1.125,-3.125,64.625,-30.866,0.512552,85.47,36.87,1947.25,second rest
2013-06-30 10:32:21.500,-1.0,-3.25,64.5,12.785,0.512552,85.49,36.87,1947.5,second rest
2013-06-30 10:32:21.750,-1.25,-3.0,64.5,17.92,0.513833,85.51,36.87,1947.75,second rest
2013-06-30 10:32:22.000,-1.375,-3.125,64.5,-36.586875,0.516395,85.53,36.83,1948.0,second rest
2013-06-30 10:32:22.250,-1.375,-3.25,64.375,17.434375,0.513833,85.55,36.83,1948.25,second rest
2013-06-30 10:32:22.500,-1.25,-3.0,64.5,14.079333,0.512552,85.57,36.83,1948.5,second rest
2013-06-30 10:32:22.750,-1.125,-3.125,64.5,-35.678125,0.511272,85.6,36.83,1948.75,second rest
2013-06-30 10:32:23.000,-1.125,-3.125,64.5,28.55375,0.50871,85.62,36.84,1949.0,second rest
2013-06-30 10:32:23.250,-1.125,-3.125,64.875,-3.088667,0.512552,85.64,36.84,1949.25,second rest
2013-06-30 10:32:23.500,-1.375,-3.125,64.5,-41.6125,0.511272,85.66,36.84,1949.5,second rest
2013-06-30 10:32:23.750,-1.25,-3.125,64.75,36.876667,0.509991,85.68,36.84,1949.75,second rest
2013-06-30 10:32:24.000,-1.625,-3.125,64.625,-4.6025,0.511272,85.7,36.84,1950.0,second rest
2013-06-30 10:32:24.250,-1.0,-3.0,64.625,-14.19875,0.511272,85.72,36.84,1950.25,second rest
2013-06-30 10:32:24.500,-1.375,-3.0,64.5,34.608,0.509991,85.74,36.84,1950.5,second rest
2013-06-30 10:32:24.750,-1.333,-3.111,64.778,-15.366875,0.509991,85.75,36.84,1950.75,second rest
2013-06-30 10:32:25.000,-1.125,-3.0,64.5,6.719375,0.50743,85.77,36.87,1951.0,second rest
2013-06-30 10:32:25.250,-1.25,-3.125,64.625,17.736,0.506149,85.79,36.87,1951.25,second rest
2013-06-30 10:32:25.500,-1.25,-3.0,64.375,-30.68125,0.50743,85.8,36.87,1951.5,second rest
2013-06-30 10:32:25.750,-1.75,-3.0,64.375,33.349333,0.506149,85.81,36.87,1951.75,second rest
2013-06-30 10:32:26.000,-1.25,-3.0,64.75,3.100625,0.50871,85.82,36.84,1952.0,second rest
2013-06-30 10:32:26.250,-1.25,-3.0,64.25,-35.950625,0.506149,85.83,36.84,1952.25,second rest
2013-06-30 10:32:26.500,-1.25,-3.25,64.375,38.214667,0.504868,85.83,36.84,1952.5,second rest
2013-06-30 10:32:26.750,-1.25,-3.125,64.25,2.095,0.506149,85.83,36.84,1952.75,second rest
2013-06-30 10:32:27.000,-1.125,-3.0,64.375,-19.060625,0.50871,85.83,36.84,1953.0,second rest
2013-06-30 10:32:27.250,-1.375,-3.125,64.375,33.279333,0.506149,85.83,36.84,1953.25,second rest
2013-06-30 10:32:27.500,-1.125,-3.125,64.625,-8.6425,0.504868,85.83,36.84,1953.5,second rest
2013-06-30 10:32:27.750,-1.25,-3.125,64.5,-12.392,0.504868,85.83,36.84,1953.75,second rest
2013-06-30 10:32:28.000,-1.625,-3.0,64.625,25.89375,0.504868,85.83,36.84,1954.0,second rest
2013-06-30 10:32:28.250,-1.25,-3.125,64.5,-19.994375,0.503587,85.83,36.84,1954.25,second rest
2013-06-30 10:32:28.500,-1.111,-3.0,64.667,8.978,0.503587,85.83,36.84,1954.5,second rest
2013-06-30 10:32:28.750,-1.375,-3.125,64.5,7.21625,0.503587,85.82,36.84,1954.75,second rest
2013-06-30 10:32:29.000,-1.125,-3.125,64.5,-45.041875,0.506149,85.82,36.87,1955.0,second rest
2013-06-30 10:32:29.250,-1.5,-3.25,64.625,24.293333,0.504868,85.81,36.87,1955.25,second rest
2013-06-30 10:32:29.500,-1.125,-3.125,64.625,8.560625,0.503587,85.8,36.87,1955.5,second rest
2013-06-30 10:32:29.750,-1.5,-3.125,64.5,-42.072,0.503587,85.79,36.87,1955.75,second rest
2013-06-30 10:32:30.000,-1.375,-3.0,64.625,28.625625,0.502307,85.78,36.87,1956.0,second rest
2013-06-30 10:32:30.250,-1.375,-3.0,64.375,0.941875,0.499745,85.77,36.87,1956.25,second rest
2013-06-30 10:32:30.500,-1.25,-3.125,64.125,-41.254,0.502307,85.75,36.87,1956.5,second rest
2013-06-30 10:32:30.750,-1.5,-3.25,64.625,30.77375,0.501026,85.74,36.87,1956.75,second rest
2013-06-30 10:32:31.000,-1.375,-3.0,64.5,-2.670625,0.501026,85.73,36.87,1957.0,second rest
2013-06-30 10:32:31.250,-1.25,-3.0,64.375,-18.497333,0.499745,85.72,36.87,1957.25,second rest
2013-06-30 10:32:31.500,-1.375,-3.125,64.625,29.421875,0.499745,85.71,36.87,1957.5,second rest
2013-06-30 10:32:31.750,-1.375,-3.125,64.75,-23.354,0.502307,85.71,36.87,1957.75,second rest
2013-06-30 10:32:32.000,-1.125,-3.25,64.375,-0.0975,0.501026,85.7,36.84,1958.0,second rest
2013-06-30 10:32:32.250,-1.125,-3.0,64.625,15.205625,0.498465,85.69,36.84,1958.25,second rest
2013-06-30 10:32:32.500,-1.444,-3.111,64.889,-46.618,0.501026,85.68,36.84,1958.5,second rest
2013-06-30 10:32:32.750,-1.125,-3.0,64.375,31.349375,0.499745,85.68,36.84,1958.75,second rest
2013-06-30 10:32:33.000,-1.25,-3.0,64.625,21.5275,0.498465,85.67,36.84,1959.0,second rest
2013-06-30 10:32:33.250,-1.25,-3.0,64.125,-39.166,0.499745,85.66,36.84,1959.25,second rest
2013-06-30 10:32:33.500,-1.125,-3.125,64.75,34.621875,0.501026,85.66,36.84,1959.5,second rest
2013-06-30 10:32:33.750,-1.125,-3.0,64.625,15.876,0.499745,85.65,36.84,1959.75,second rest
2013-06-30 10:32:34.000,-1.375,-3.25,64.625,-16.875625,0.499745,85.65,36.84,1960.0,second rest
2013-06-30 10:32:34.250,-1.375,-3.25,64.625,4.019375,0.498465,85.64,36.84,1960.25,second rest
2013-06-30 10:32:34.500,-1.125,-3.0,64.75,-62.868,0.499745,85.64,36.84,1960.5,second rest
2013-06-30 10:32:34.750,-1.25,-3.125,64.75,-42.110625,0.499745,85.63,36.84,1960.75,second rest
2013-06-30 10:32:35.000,-1.25,-3.125,64.375,-7.683125,0.497184,85.63,36.87,1961.0,second rest
2013-06-30 10:32:35.250,-1.125,-3.0,64.5,52.565333,0.498465,85.63,36.87,1961.25,second rest
2013-06-30 10:32:35.500,-1.25,-3.25,64.5,103.52125,0.501026,85.63,36.87,1961.5,second rest
2013-06-30 10:32:35.750,-1.0,-3.0,64.625,-20.054667,0.498465,85.62,36.87,1961.75,second rest
2013-06-30 10:32:36.000,-1.375,-3.125,64.875,3.391875,0.495903,85.62,36.84,1962.0,second rest
2013-06-30 10:32:36.250,-1.222,-3.111,64.444,18.719375,0.495903,85.61,36.84,1962.25,second rest
2013-06-30 10:32:36.500,-1.5,-3.125,64.5,-41.609333,0.495903,85.6,36.84,1962.5,second rest
2013-06-30 10:32:36.750,-1.375,-3.375,64.75,40.953125,0.495903,85.59,36.84,1962.75,second rest
2013-06-30 10:32:37.000,-1.125,-3.25,64.125,-7.69125,0.495903,85.58,36.87,1963.0,second rest
2013-06-30 10:32:37.250,-1.0,-3.0,64.75,-18.980667,0.497184,85.57,36.87,1963.25,second rest
2013-06-30 10:32:37.500,-1.0,-3.125,64.75,16.524375,0.497184,85.56,36.87,1963.5,second rest
2013-06-30 10:32:37.750,-1.25,-3.125,64.75,-14.142,0.497184,85.56,36.87,1963.75,second rest
2013-06-30 10:32:38.000,-1.125,-3.125,64.5,23.025,0.495903,85.55,36.84,1964.0,second rest
2013-06-30 10:32:38.250,-1.5,-3.0,64.5,-3.573125,0.492061,85.54,36.84,1964.25,second rest
2013-06-30 10:32:38.500,-1.25,-3.0,64.375,-14.385333,0.494622,85.54,36.84,1964.5,second rest
2013-06-30 10:32:38.750,-1.125,-3.0,64.75,6.22,0.494622,85.53,36.84,1964.75,second rest
2013-06-30 10:32:39.000,-1.5,-3.25,64.5,-20.529375,0.494622,85.53,36.87,1965.0,second rest
2013-06-30 10:32:39.250,-1.5,-3.125,64.625,6.099333,0.492061,85.53,36.87,1965.25,second rest
2013-06-30 10:32:39.500,-1.25,-3.125,64.25,0.27375,0.492061,85.53,36.87,1965.5,second rest
2013-06-30 10:32:39.750,-1.25,-3.0,64.375,-22.295333,0.49078,85.53,36.87,1965.75,second rest
2013-06-30 10:32:40.000,-1.375,-3.0,64.625,5.77875,0.492061,85.52,36.84,1966.0,second rest
2013-06-30 10:32:40.250,-1.111,-3.0,64.222,-29.005,0.4895,85.51,36.84,1966.25,second rest
2013-06-30 10:32:40.500,-1.125,-3.0,64.625,-0.793333,0.4895,85.5,36.84,1966.5,second rest
2013-06-30 10:32:40.750,-1.25,-3.0,64.5,-5.249375,0.492061,85.49,36.84,1966.75,second rest
2013-06-30 10:32:41.000,-1.125,-3.25,64.5,-30.955,0.492061,85.48,36.84,1967.0,second rest
2013-06-30 10:32:41.250,-1.375,-3.0,64.25,14.144,0.493342,85.48,36.84,1967.25,second rest
2013-06-30 10:32:41.500,-1.0,-3.0,64.5,-22.81625,0.49078,85.47,36.84,1967.5,second rest
2013-06-30 10:32:41.750,-1.5,-3.125,64.5,-15.715333,0.4895,85.47,36.84,1967.75,second rest
2013-06-30 10:32:42.000,-1.25,-3.125,64.75,13.51,0.49078,85.47,36.84,1968.0,second rest
2013-06-30 10:32:42.250,-1.125,-3.25,64.5,-22.5775,0.488219,85.46,36.84,1968.25,second rest
2013-06-30 10:32:42.500,-1.125,-3.0,64.75,34.375333,0.488219,85.45,36.84,1968.5,second rest
2013-06-30 10:32:42.750,-1.25,-3.0,64.625,-1.61125,0.488219,85.44,36.84,1968.75,second rest
2013-06-30 10:32:43.000,-1.125,-3.0,64.625,-22.328125,0.484377,85.43,36.83,1969.0,second rest
2013-06-30 10:32:43.250,-1.375,-3.0,64.375,32.074667,0.483096,85.42,36.83,1969.25,second rest
2013-06-30 10:32:43.500,-1.5,-3.25,64.375,-23.72625,0.488219,85.41,36.83,1969.5,second rest
2013-06-30 10:32:43.750,-1.25,-3.0,64.5,14.995333,0.485657,85.41,36.83,1969.75,second rest
2013-06-30 10:32:44.000,-1.222,-3.111,64.556,21.49125,0.488219,85.4,36.81,1970.0,second rest
2013-06-30 10:32:44.250,-1.125,-3.0,64.625,-34.895,0.485657,85.39,36.81,1970.25,second rest
2013-06-30 10:32:44.500,-1.125,-3.0,64.75,47.124667,0.483096,85.38,36.81,1970.5,second rest
2013-06-30 10:32:44.750,-1.375,-3.25,64.75,4.83625,0.485657,85.38,36.81,1970.75,second rest
2013-06-30 10:32:45.000,-1.25,-3.0,64.75,-22.75,0.485657,85.37,36.83,1971.0,second rest
2013-06-30 10:32:45.250,-1.25,-3.25,64.5,35.996,0.485657,85.36,36.83,1971.25,second rest
2013-06-30 10:32:45.500,-1.125,-3.125,64.5,-5.105625,0.484377,85.36,36.83,1971.5,second rest
2013-06-30 10:32:45.750,-1.125,-3.25,64.75,5.925333,0.485657,85.35,36.83,1971.75,second rest
2013-06-30 10:32:46.000,-1.125,-3.0,64.625,30.423125,0.485657,85.35,36.81,1972.0,second rest
2013-06-30 10:32:46.250,-1.375,-3.125,64.75,-24.924375,0.484377,85.35,36.81,1972.25,second rest
2013-06-30 10:32:46.500,-1.125,-3.25,64.625,34.556,0.485657,85.34,36.81,1972.5,second rest
2013-06-30 10:32:46.750,-1.25,-3.125,64.625,1.448125,0.484377,85.33,36.81,1972.75,second rest
2013-06-30 10:32:47.000,-1.25,-3.125,64.5,-43.145625,0.485657,85.33,36.81,1973.0,second rest
2013-06-30 10:32:47.250,-1.125,-3.0,64.375,35.611333,0.486938,85.33,36.81,1973.25,second rest
2013-06-30 10:32:47.500,-1.375,-3.0,64.5,2.736875,0.484377,85.32,36.81,1973.5,second rest
2013-06-30 10:32:47.750,-1.25,-3.0,64.625,-37.7,0.483096,85.32,36.81,1973.75,second rest
2013-06-30 10:32:48.000,-1.333,-3.111,64.778,30.40125,0.481815,85.32,36.79,1974.0,second rest
2013-06-30 10:32:48.250,-1.0,-3.0,64.75,-1.006875,0.481815,85.32,36.79,1974.25,second rest
2013-06-30 10:32:48.500,-1.25,-3.0,64.375,-33.84,0.479254,85.32,36.79,1974.5,second rest
2013-06-30 10:32:48.750,-1.125,-3.0,64.625,25.86375,0.484377,85.33,36.79,1974.75,second rest
2013-06-30 10:32:49.000,-1.375,-3.0,64.375,-8.520625,0.483096,85.33,36.79,1975.0,second rest
2013-06-30 10:32:49.250,-1.5,-3.0,64.625,-20.763333,0.481815,85.33,36.79,1975.25,second rest
2013-06-30 10:32:49.500,-1.5,-3.125,64.375,33.50375,0.481815,85.33,36.79,1975.5,second rest
2013-06-30 10:32:49.750,-1.25,-3.0,64.625,-4.521333,0.477973,85.33,36.79,1975.75,second rest
2013-06-30 10:32:50.000,-1.0,-3.0,64.625,3.011875,0.476692,85.33,36.79,1976.0,second rest
2013-06-30 10:32:50.250,-1.375,-3.0,64.625,15.508125,0.479254,85.33,36.79,1976.25,second rest
2013-06-30 10:32:50.500,-1.25,-3.0,64.625,-38.855333,0.481815,85.33,36.79,1976.5,second rest
2013-06-30 10:32:50.750,-1.125,-3.125,64.5,12.89125,0.479254,85.33,36.79,1976.75,second rest
2013-06-30 10:32:51.000,-1.25,-3.125,64.75,15.16375,0.479254,85.33,36.77,1977.0,second rest
2013-06-30 10:32:51.250,-1.25,-3.375,64.625,-42.474,0.476692,85.32,36.77,1977.25,second rest
2013-06-30 10:32:51.500,-1.25,-3.25,64.625,21.570625,0.477973,85.31,36.77,1977.5,second rest
2013-06-30 10:32:51.750,-1.111,-3.333,64.667,16.052,0.47285,85.29,36.77,1977.75,second rest
2013-06-30 10:32:52.000,-1.375,-3.125,64.5,-43.869375,0.477973,85.28,36.77,1978.0,second rest
2013-06-30 10:32:52.250,-1.125,-3.125,64.75,19.555625,0.474131,85.27,36.77,1978.25,second rest
2013-06-30 10:32:52.500,-1.25,-3.0,64.75,18.01,0.475412,85.25,36.77,1978.5,second rest
2013-06-30 10:32:52.750,-1.0,-3.125,64.625,-33.028125,0.474131,85.24,36.77,1978.75,second rest
2013-06-30 10:32:53.000,-1.125,-3.125,64.25,28.708125,0.47285,85.22,36.77,1979.0,second rest
2013-06-30 10:32:53.250,-1.25,-3.125,64.75,18.851333,0.475412,85.19,36.77,1979.25,second rest
2013-06-30 10:32:53.500,-1.0,-3.25,64.375,-31.00625,0.47285,85.17,36.77,1979.5,second rest
2013-06-30 10:32:53.750,-1.5,-3.25,64.625,27.463333,0.47285,85.13,36.77,1979.75,second rest
2013-06-30 10:32:54.000,-1.25,-3.125,64.5,1.515,0.47157,85.1,36.73,1980.0,second rest
2013-06-30 10:32:54.250,-1.125,-3.0,64.75,-48.568125,0.470289,85.07,36.73,1980.25,second rest
2013-06-30 10:32:54.500,-1.25,-3.0,64.625,30.918667,0.47157,85.04,36.73,1980.5,second rest
2013-06-30 10:32:54.750,-1.25,-3.125,64.5,10.12125,0.474131,85.0,36.73,1980.75,second rest
2013-06-30 10:32:55.000,-1.25,-3.0,64.5,-47.42625,0.47157,84.97,36.73,1981.0,second rest
2013-06-30 10:32:55.250,-1.0,-3.0,64.75,29.308,0.467727,84.93,36.73,1981.25,second rest
2013-06-30 10:32:55.500,-1.125,-3.125,64.75,9.461875,0.469008,84.9,36.73,1981.5,second rest
2013-06-30 10:32:55.750,-1.222,-3.111,64.444,-53.286,0.466447,84.86,36.73,1981.75,second rest
2013-06-30 10:32:56.000,-1.25,-3.125,64.75,17.828125,0.465166,84.82,36.75,1982.0,second rest
2013-06-30 10:32:56.250,-1.25,-3.125,64.75,21.37875,0.470289,84.78,36.75,1982.25,second rest
2013-06-30 10:32:56.500,-1.125,-3.25,64.375,-22.913333,0.467727,84.75,36.75,1982.5,second rest
2013-06-30 10:32:56.750,-1.0,-3.125,64.375,32.249375,0.466447,84.71,36.75,1982.75,second rest
2013-06-30 10:32:57.000,-1.125,-3.0,64.5,11.09,0.466447,84.67,36.75,1983.0,second rest
2013-06-30 10:32:57.250,-1.5,-3.25,64.75,-51.218667,0.463885,84.63,36.75,1983.25,second rest
2013-06-30 10:32:57.500,-1.125,-3.25,64.625,25.52625,0.466447,84.58,36.75,1983.5,second rest
2013-06-30 10:32:57.750,-1.125,-3.0,64.75,11.691333,0.467727,84.54,36.75,1983.75,second rest
2013-06-30 10:32:58.000,-1.125,-3.0,64.25,-50.5875,0.466447,84.5,36.75,1984.0,second rest
2013-06-30 10:32:58.250,-1.125,-3.0,64.375,37.70125,0.466447,84.47,36.75,1984.25,second rest
2013-06-30 10:32:58.500,-1.5,-3.0,64.625,12.505333,0.465166,84.45,36.75,1984.5,second rest
2013-06-30 10:32:58.750,-1.375,-3.125,64.125,-49.29625,0.465166,84.43,36.75,1984.75,second rest
2013-06-30 10:32:59.000,-1.25,-3.0,64.625,38.073125,0.463885,84.4,36.75,1985.0,second rest
2013-06-30 10:32:59.250,-1.375,-3.125,64.75,15.551333,0.463885,84.36,36.75,1985.25,second rest
2013-06-30 10:32:59.500,-1.333,-3.0,64.556,-32.289375,0.462605,84.31,36.75,1985.5,second rest
2013-06-30 10:32:59.750,-1.5,-3.0,64.75,44.914,0.461324,84.25,36.75,1985.75,second rest
2013-06-30 10:33:00.000,-1.5,-3.0,64.75,9.178125,0.462605,84.2,36.75,1986.0,second rest
2013-06-30 10:33:00.250,-1.125,-3.0,64.625,-36.58,0.463885,84.15,36.75,1986.25,second rest
2013-06-30 10:33:00.500,-1.125,-3.25,64.625,31.306667,0.462605,84.1,36.75,1986.5,second rest
2013-06-30 10:33:00.750,-1.5,-3.0,64.75,-4.58,0.461324,84.06,36.75,1986.75,second rest
2013-06-30 10:33:01.000,-1.25,-3.0,64.375,-53.55,0.462605,84.02,36.75,1987.0,second rest
2013-06-30 10:33:01.250,-1.125,-3.0,64.75,64.13,0.463885,83.98,36.75,1987.25,second rest
2013-06-30 10:33:01.500,-1.375,-3.125,64.625,43.318125,0.465166,83.94,36.75,1987.5,second rest
2013-06-30 10:33:01.750,-1.125,-3.0,64.75,-56.504,0.460043,83.9,36.75,1987.75,second rest
2013-06-30 10:33:02.000,-1.375,-3.0,64.375,15.121875,0.460043,83.87,36.79,1988.0,second rest
2013-06-30 10:33:02.250,-1.25,-3.0,64.375,8.87125,0.461324,83.84,36.79,1988.25,second rest
2013-06-30 10:33:02.500,-1.25,-3.0,64.75,-38.418667,0.462605,83.82,36.79,1988.5,second rest
2013-06-30 10:33:02.750,-1.375,-3.0,64.5,20.125,0.461324,83.79,36.79,1988.75,second rest
2013-06-30 10:33:03.000,-1.375,-3.125,64.75,-18.9625,0.458762,83.77,36.81,1989.0,second rest
2013-06-30 10:33:03.250,-1.625,-3.0,64.75,-33.065333,0.460043,83.75,36.81,1989.25,second rest
2013-06-30 10:33:03.500,-1.444,-3.0,64.667,19.8625,0.457482,83.72,36.81,1989.5,second rest
2013-06-30 10:33:03.750,-1.375,-3.0,64.125,-23.948667,0.45492,83.69,36.81,1989.75,second rest
2013-06-30 10:33:04.000,-1.25,-3.125,64.5,-5.91625,0.457482,83.67,36.81,1990.0,second rest
2013-06-30 10:33:04.250,-1.125,-3.0,64.5,31.89125,0.45492,83.65,36.81,1990.25,second rest
2013-06-30 10:33:04.500,-1.25,-3.125,64.5,-23.250667,0.457482,83.63,36.81,1990.5,second rest
2013-06-30 10:33:04.750,-1.5,-3.125,64.625,12.49625,0.456201,83.61,36.81,1990.75,second rest
2013-06-30 10:33:05.000,-1.375,-3.125,64.75,21.25125,0.457482,83.6,36.81,1991.0,second rest
2013-06-30 10:33:05.250,-1.125,-3.0,64.375,-25.534667,0.45492,83.59,36.81,1991.25,second rest
2013-06-30 10:33:05.500,-1.375,-3.125,64.75,35.2375,0.456201,83.58,36.81,1991.5,second rest
2013-06-30 10:33:05.750,-1.125,-3.375,64.75,2.572667,0.45492,83.58,36.81,1991.75,second rest
2013-06-30 10:33:06.000,-1.25,-3.0,64.375,-47.998125,0.452359,83.57,36.83,1992.0,second rest
2013-06-30 10:33:06.250,-1.25,-3.25,64.5,41.7025,0.449797,83.56,36.83,1992.25,second rest
2013-06-30 10:33:06.500,-1.375,-3.0,64.625,11.727333,0.449797,83.55,36.83,1992.5,second rest
2013-06-30 10:33:06.750,-1.125,-3.0,64.375,-39.20375,0.451078,83.54,36.83,1992.75,second rest
2013-06-30 10:33:07.000,-1.375,-3.0,64.5,43.359375,0.448517,83.53,36.81,1993.0,second rest
2013-06-30 10:33:07.250,-1.111,-3.0,64.444,9.920667,0.451078,83.53,36.81,1993.25,second rest
2013-06-30 10:33:07.500,-1.25,-3.25,64.75,-48.590625,0.449797,83.53,36.81,1993.5,second rest
2013-06-30 10:33:07.750,-1.375,-3.125,64.25,37.774,0.45492,83.53,36.81,1993.75,second rest
2013-06-30 10:33:08.000,-1.125,-3.0,64.625,12.57625,0.451078,83.53,36.81,1994.0,second rest
2013-06-30 10:33:08.250,-1.375,-3.0,64.5,-34.843125,0.451078,83.53,36.81,1994.25,second rest
2013-06-30 10:33:08.500,-1.375,-3.0,64.5,32.229333,0.448517,83.54,36.81,1994.5,second rest
2013-06-30 10:33:08.750,-1.25,-3.125,64.875,7.38,0.451078,83.54,36.81,1994.75,second rest
2013-06-30 10:33:09.000,-1.5,-3.0,64.375,-47.780625,0.449797,83.55,36.79,1995.0,second rest
2013-06-30 10:33:09.250,-1.25,-3.0,64.625,20.671333,0.452359,83.56,36.79,1995.25,second rest
2013-06-30 10:33:09.500,-1.5,-3.0,64.5,-1.975,0.447236,83.56,36.79,1995.5,second rest
2013-06-30 10:33:09.750,-1.5,-3.0,64.375,-34.538,0.448517,83.57,36.79,1995.75,second rest
2013-06-30 10:33:10.000,-1.625,-3.125,64.625,22.18875,0.445955,83.58,36.77,1996.0,second rest
2013-06-30 10:33:10.250,-1.75,-3.0,64.875,-5.52625,0.445955,83.59,36.77,1996.25,second rest
2013-06-30 10:33:10.500,-1.75,-3.0,64.5,-29.328,0.445955,83.6,36.77,1996.5,second rest
2013-06-30 10:33:10.750,-2.0,-3.0,64.5,30.935625,0.445955,83.61,36.77,1996.75,second rest
2013-06-30 10:33:11.000,-1.75,-3.0,64.5,-10.48125,0.444675,83.62,36.79,1997.0,second rest
2013-06-30 10:33:11.250,-2.0,-3.222,64.222,-27.741333,0.444675,83.63,36.79,1997.25,second rest
2013-06-30 10:33:11.500,-1.375,-3.125,64.625,34.100625,0.442113,83.64,36.79,1997.5,second rest
2013-06-30 10:33:11.750,-1.25,-3.25,64.5,2.157333,0.442113,83.66,36.79,1997.75,second rest
2013-06-30 10:33:12.000,-1.5,-3.0,64.625,-5.305,0.440832,83.67,36.79,1998.0,second rest
2013-06-30 10:33:12.250,-1.5,-3.0,64.375,29.345625,0.444675,83.68,36.79,1998.25,second rest
2013-06-30 10:33:12.500,-1.375,-3.0,65.0,-24.201333,0.440832,83.7,36.79,1998.5,second rest
2013-06-30 10:33:12.750,-1.375,-3.0,64.625,3.92625,0.443394,83.71,36.79,1998.75,second rest
2013-06-30 10:33:13.000,-1.375,-3.125,64.5,24.314375,0.443394,83.72,36.77,1999.0,second rest
2013-06-30 10:33:13.250,-1.5,-3.0,64.75,-32.661333,0.439552,83.73,36.77,1999.25,second rest
2013-06-30 10:33:13.500,-1.625,-3.0,64.625,2.456875,0.442113,83.74,36.77,1999.5,second rest
2013-06-30 10:33:13.750,-1.375,-3.25,64.375,25.298667,0.440832,83.74,36.77,1999.75,second rest
2013-06-30 10:33:14.000,-1.625,-3.0,64.625,-24.800625,0.443394,83.75,36.79,2000.0,second rest
2013-06-30 10:33:14.250,-1.375,-3.0,64.375,-6.6,0.439552,83.76,36.79,2000.25,second rest
2013-06-30 10:33:14.500,-1.25,-3.0,64.75,26.690667,0.442113,83.77,36.79,2000.5,second rest
2013-06-30 10:33:14.750,-1.375,-3.0,64.5,-11.678125,0.439552,83.79,36.79,2000.75,second rest
2013-06-30 10:33:15.000,-1.444,-3.111,64.556,-17.820625,0.442113,83.8,36.79,2001.0,second rest
2013-06-30 10:33:15.250,-1.625,-3.0,64.375,29.468667,0.443394,83.81,36.79,2001.25,second rest
2013-06-30 10:33:15.500,-1.5,-3.0,64.5,-4.8075,0.440832,83.83,36.79,2001.5,second rest
2013-06-30 10:33:15.750,-1.625,-3.0,64.625,-16.712,0.438271,83.84,36.79,2001.75,second rest
2013-06-30 10:33:16.000,-1.375,-3.0,64.75,25.165,0.43699,83.85,36.75,2002.0,second rest
2013-06-30 10:33:16.250,-1.375,-3.125,64.375,-13.210625,0.438271,83.86,36.75,2002.25,second rest
2013-06-30 10:33:16.500,-1.375,-3.0,64.5,-41.332,0.439552,83.87,36.75,2002.5,second rest
2013-06-30 10:33:16.750,-1.375,-3.0,65.0,36.588125,0.439552,83.87,36.75,2002.75,second rest
2013-06-30 10:33:17.000,-1.25,-3.0,64.75,3.575,0.43699,83.88,36.77,2003.0,second rest
2013-06-30 10:33:17.250,-1.375,-3.0,64.625,-45.015333,0.438271,83.89,36.77,2003.25,second rest
2013-06-30 10:33:17.500,-1.5,-3.0,64.625,37.416875,0.438271,83.89,36.77,2003.5,second rest
2013-06-30 10:33:17.750,-1.375,-3.0,64.75,9.022,0.438271,83.9,36.77,2003.75,second rest
2013-06-30 10:33:18.000,-1.375,-3.125,64.625,-44.558125,0.438271,83.9,36.75,2004.0,second rest
2013-06-30 10:33:18.250,-1.5,-3.0,64.625,36.986875,0.438271,83.9,36.75,2004.25,second rest
2013-06-30 10:33:18.500,-1.75,-3.0,64.75,12.277333,0.440832,83.91,36.75,2004.5,second rest
2013-06-30 10:33:18.750,-1.625,-3.0,64.5,-28.610625,0.43571,83.91,36.75,2004.75,second rest
2013-06-30 10:33:19.000,-1.222,-3.0,64.778,29.668125,0.434429,83.92,36.75,2005.0,second rest
2013-06-30 10:33:19.250,-1.5,-3.0,64.5,-10.612,0.43699,83.93,36.75,2005.25,second rest
2013-06-30 10:33:19.500,-1.25,-3.0,64.875,-29.503125,0.433148,83.93,36.75,2005.5,second rest
2013-06-30 10:33:19.750,-1.5,-3.0,64.5,32.381333,0.433148,83.94,36.75,2005.75,second rest
2013-06-30 10:33:20.000,-1.375,-3.0,64.25,-5.1875,0.433148,83.95,36.79,2006.0,second rest
2013-06-30 10:33:20.250,-1.5,-3.0,64.625,-12.17125,0.43571,83.96,36.79,2006.25,second rest
2013-06-30 10:33:20.500,-1.25,-3.125,64.625,30.795333,0.434429,83.96,36.79,2006.5,second rest
2013-06-30 10:33:20.750,-1.0,-3.0,64.375,-6.890625,0.43571,83.97,36.79,2006.75,second rest
2013-06-30 10:33:21.000,-1.375,-3.0,64.625,-5.840625,0.433148,83.98,36.75,2007.0,second rest
2013-06-30 10:33:21.250,-1.375,-3.25,64.5,22.646,0.430587,83.99,36.75,2007.25,second rest
2013-06-30 10:33:21.500,-1.5,-3.0,64.375,-21.08375,0.433148,84.0,36.75,2007.5,second rest
2013-06-30 10:33:21.750,-1.625,-3.125,64.75,12.394667,0.431867,84.01,36.75,2007.75,second rest
2013-06-30 10:33:22.000,-1.5,-3.0,64.75,15.0975,0.429306,84.02,36.71,2008.0,second rest
2013-06-30 10:33:22.250,-1.25,-3.0,64.75,-36.511875,0.433148,84.03,36.71,2008.25,second rest
2013-06-30 10:33:22.500,-1.5,-3.125,64.5,30.016667,0.434429,84.04,36.71,2008.5,second rest
2013-06-30 10:33:22.750,-1.444,-3.0,64.667,7.199375,0.434429,84.04,36.71,2008.75,second rest
2013-06-30 10:33:23.000,-1.25,-3.0,64.375,-42.048125,0.434429,84.05,36.75,2009.0,second rest
2013-06-30 10:33:23.250,-1.625,-3.0,64.375,29.419333,0.43571,84.06,36.75,2009.25,second rest
2013-06-30 10:33:23.500,-1.125,-3.0,64.625,11.6825,0.431867,84.06,36.75,2009.5,second rest
2013-06-30 10:33:23.750,-1.0,-3.0,64.625,-48.644,0.434429,84.06,36.75,2009.75,second rest
2013-06-30 10:33:24.000,-1.5,-3.0,64.5,36.385,0.430587,84.07,36.71,2010.0,second rest
2013-06-30 10:33:24.250,-1.125,-3.125,64.5,27.301875,0.434429,84.08,36.71,2010.25,second rest
2013-06-30 10:33:24.500,-1.375,-3.125,64.5,-31.731333,0.431867,84.08,36.71,2010.5,second rest
2013-06-30 10:33:24.750,-1.375,-3.0,64.75,11.785625,0.431867,84.09,36.71,2010.75,second rest
2013-06-30 10:33:25.000,-1.375,-3.0,64.5,-14.606875,0.433148,84.1,36.71,2011.0,second rest
2013-06-30 10:33:25.250,-1.75,-3.0,64.75,-68.393333,0.430587,84.11,36.71,2011.25,second rest
2013-06-30 10:33:25.500,-1.75,-3.0,64.5,21.301875,0.428025,84.11,36.71,2011.5,second rest
2013-06-30 10:33:25.750,-1.75,-3.125,64.625,20.315333,0.428025,84.12,36.71,2011.75,second rest
2013-06-30 10:33:26.000,-2.0,-3.0,64.75,-45.63125,0.430587,84.13,36.71,2012.0,second rest
2013-06-30 10:33:26.250,-1.625,-3.0,64.5,34.869375,0.429306,84.14,36.71,2012.25,second rest
2013-06-30 10:33:26.500,-1.875,-3.0,64.375,21.638667,0.433148,84.15,36.71,2012.5,second rest
2013-06-30 10:33:26.750,-1.556,-3.0,64.333,-59.955625,0.426745,84.17,36.71,2012.75,second rest
2013-06-30 10:33:27.000,-1.625,-3.0,64.75,41.094375,0.425464,84.18,36.68,2013.0,second rest
2013-06-30 10:33:27.250,-1.375,-3.0,64.75,23.08,0.431867,84.19,36.68,2013.25,second rest
2013-06-30 10:33:27.500,-1.625,-3.0,64.5,-18.203125,0.428025,84.21,36.68,2013.5,second rest
2013-06-30 10:33:27.750,-1.75,-3.0,64.25,36.829333,0.428025,84.22,36.68,2013.75,second rest
2013-06-30 10:33:28.000,-1.875,-3.0,64.75,-10.795,0.428025,84.23,36.68,2014.0,second rest
2013-06-30 10:33:28.250,-1.625,-3.0,64.5,-27.88125,0.429306,84.24,36.68,2014.25,second rest
2013-06-30 10:33:28.500,-1.625,-3.0,64.75,35.285333,0.425464,84.25,36.68,2014.5,second rest
2013-06-30 10:33:28.750,-1.625,-3.0,64.625,-9.05125,0.426745,84.27,36.68,2014.75,second rest
2013-06-30 10:33:29.000,-1.5,-3.125,64.875,-21.858125,0.426745,84.28,36.68,2015.0,second rest
2013-06-30 10:33:29.250,-1.375,-3.0,64.625,35.815333,0.425464,84.3,36.68,2015.25,second rest
2013-06-30 10:33:29.500,-1.75,-3.0,64.625,-21.65625,0.426745,84.31,36.68,2015.5,second rest
2013-06-30 10:33:29.750,-1.5,-3.125,64.75,-6.150667,0.424183,84.33,36.68,2015.75,second rest
2013-06-30 10:33:30.000,-1.5,-3.0,64.5,29.085625,0.425464,84.35,36.66,2016.0,second rest
2013-06-30 10:33:30.250,-1.5,-3.0,64.5,-18.888125,0.422902,84.37,36.66,2016.25,second rest
2013-06-30 10:33:30.500,-1.556,-3.0,64.667,25.484,0.426745,84.39,36.66,2016.5,second rest
2013-06-30 10:33:30.750,-1.625,-3.0,64.5,4.28875,0.424183,84.41,36.66,2016.75,second rest
2013-06-30 10:33:31.000,-1.75,-3.0,64.75,-46.8975,0.421622,84.43,36.66,2017.0,second rest
2013-06-30 10:33:31.250,-1.625,-3.125,64.625,32.981333,0.424183,84.45,36.66,2017.25,second rest
2013-06-30 10:33:31.500,-1.875,-3.0,64.875,-4.705,0.420341,84.48,36.66,2017.5,second rest
2013-06-30 10:33:31.750,-1.5,-3.125,64.375,-29.784667,0.421622,84.5,36.66,2017.75,second rest
2013-06-30 10:33:32.000,-1.625,-3.0,64.625,26.095,0.422902,84.52,36.68,2018.0,second rest
2013-06-30 10:33:32.250,-1.75,-3.0,64.5,-17.97875,0.425464,84.54,36.68,2018.25,second rest
2013-06-30 10:33:32.500,-1.625,-3.0,64.625,0.324667,0.421622,84.55,36.68,2018.5,second rest
2013-06-30 10:33:32.750,-1.375,-3.0,64.375,22.68375,0.421622,84.57,36.68,2018.75,second rest
2013-06-30 10:33:33.000,-1.375,-3.0,64.875,-19.829375,0.422902,84.58,36.66,2019.0,second rest
2013-06-30 10:33:33.250,-1.375,-3.0,64.375,31.918,0.422902,84.59,36.66,2019.25,second rest
2013-06-30 10:33:33.500,-1.375,-3.0,64.5,7.040625,0.429306,84.61,36.66,2019.5,second rest
2013-06-30 10:33:33.750,-1.75,-3.0,64.625,-39.612,0.421622,84.62,36.66,2019.75,second rest
2013-06-30 10:33:34.000,-1.5,-3.0,64.75,31.214375,0.420341,84.63,36.66,2020.0,second rest
2013-06-30 10:33:34.250,-1.625,-3.0,64.875,-8.25125,0.420341,84.64,36.66,2020.25,second rest
2013-06-30 10:33:34.500,-1.333,-3.0,64.778,-36.036667,0.421622,84.66,36.66,2020.5,second rest
2013-06-30 10:33:34.750,-1.375,-3.0,64.625,37.205625,0.420341,84.67,36.66,2020.75,second rest
2013-06-30 10:33:35.000,-1.625,-3.0,64.75,-4.780625,0.424183,84.68,36.66,2021.0,second rest
2013-06-30 10:33:35.250,-1.375,-3.25,64.75,-48.238667,0.420341,84.69,36.66,2021.25,second rest
2013-06-30 10:33:35.500,-1.375,-3.0,64.625,31.54625,0.41906,84.7,36.66,2021.5,second rest
2013-06-30 10:33:35.750,-1.625,-3.125,64.625,10.950667,0.421622,84.72,36.66,2021.75,second rest
2013-06-30 10:33:36.000,-1.375,-3.0,64.5,-44.629375,0.416499,84.73,36.66,2022.0,second rest
2013-06-30 10:33:36.250,-1.375,-3.0,64.75,26.828125,0.41906,84.75,36.66,2022.25,second rest
2013-06-30 10:33:36.500,-1.625,-3.125,64.75,8.944,0.416499,84.76,36.66,2022.5,second rest
2013-06-30 10:33:36.750,-1.625,-3.0,64.75,-50.35,0.41906,84.78,36.66,2022.75,second rest
2013-06-30 10:33:37.000,-1.625,-3.0,64.625,20.623125,0.416499,84.8,36.66,2023.0,second rest
2013-06-30 10:33:37.250,-1.375,-3.0,64.5,17.966667,0.41906,84.82,36.66,2023.25,second rest
2013-06-30 10:33:37.500,-1.5,-3.0,64.75,-49.010625,0.41778,84.84,36.66,2023.5,second rest
2013-06-30 10:33:37.750,-1.625,-3.0,64.625,5.658667,0.41906,84.86,36.66,2023.75,second rest
2013-06-30 10:33:38.000,-1.625,-3.0,64.75,41.586875,0.41778,84.88,36.66,2024.0,second rest
2013-06-30 10:33:38.250,-1.556,-3.0,64.667,-15.350625,0.41778,84.9,36.66,2024.25,second rest
2013-06-30 10:33:38.500,-1.375,-3.0,64.375,-40.525333,0.416499,84.92,36.66,2024.5,second rest
2013-06-30 10:33:38.750,-1.375,-3.0,64.75,51.29375,0.416499,84.93,36.66,2024.75,second rest
2013-06-30 10:33:39.000,-1.375,-3.0,64.375,20.29875,0.41778,84.95,36.66,2025.0,second rest
2013-06-30 10:33:39.250,-1.625,-3.25,64.875,-46.209333,0.413937,84.96,36.66,2025.25,second rest
2013-06-30 10:33:39.500,-1.75,-3.25,64.5,50.7175,0.415218,84.98,36.66,2025.5,second rest
2013-06-30 10:33:39.750,-2.625,-3.875,65.125,22.098667,0.415218,84.99,36.66,2025.75,second rest
2013-06-30 10:33:40.000,6.375,-2.75,63.625,-49.99625,0.415218,85.0,36.66,2026.0,second rest
2013-06-30 10:33:40.250,9.875,-2.125,64.0,43.824375,0.415218,85.01,36.66,2026.25,second rest
2013-06-30 10:33:40.500,8.125,-2.25,63.875,15.972,0.413937,85.03,36.66,2026.5,second rest
2013-06-30 10:33:40.750,3.875,-2.5,64.125,-54.41,0.412657,85.04,36.66,2026.75,second rest
2013-06-30 10:33:41.000,4.0,-3.0,64.25,38.255,0.412657,85.05,36.65,2027.0,second rest
2013-06-30 10:33:41.250,2.75,-2.625,64.625,15.409333,0.412657,85.06,36.65,2027.25,second rest
2013-06-30 10:33:41.500,7.125,-3.5,65.25,-52.63875,0.412657,85.07,36.65,2027.5,second rest
2013-06-30 10:33:41.750,-6.75,-6.0,62.875,28.422667,0.412657,85.07,36.65,2027.75,second rest
2013-06-30 10:33:42.000,-2.5,-6.75,64.0,17.021875,0.412657,85.08,36.65,2028.0,second rest
2013-06-30 10:33:42.250,-0.444,-6.0,64.778,-39.0175,0.413937,85.08,36.65,2028.25,second rest
2013-06-30 10:33:42.500,-2.875,-6.375,64.125,30.8,0.411376,85.09,36.65,2028.5,second rest
2013-06-30 10:33:42.750,-3.875,-7.0,64.0,13.02875,0.411376,85.09,36.65,2028.75,second rest
2013-06-30 10:33:43.000,-4.0,-7.0,64.0,-44.646875,0.411376,85.1,36.66,2029.0,second rest
2013-06-30 10:33:43.250,-4.125,-7.0,64.0,32.14,0.412657,85.11,36.66,2029.25,second rest
2013-06-30 10:33:43.500,-4.25,-7.0,64.0,4.65125,0.413937,85.11,36.66,2029.5,second rest
2013-06-30 10:33:43.750,-4.375,-6.875,64.0,-54.118,0.411376,85.12,36.66,2029.75,second rest
2013-06-30 10:33:44.000,-4.5,-6.875,64.0,34.739375,0.412657,85.12,36.65,2030.0,second rest
2013-06-30 10:33:44.250,-5.0,-6.875,64.0,8.0875,0.411376,85.12,36.65,2030.25,second rest
2013-06-30 10:33:44.500,-4.75,-6.375,64.0,-56.603333,0.412657,85.11,36.65,2030.5,second rest
2013-06-30 10:33:44.750,-4.75,-6.625,64.25,32.450625,0.410095,85.09,36.65,2030.75,second rest
2013-06-30 10:33:45.000,-5.375,-6.75,64.0,11.663125,0.411376,85.08,36.66,2031.0,second rest
2013-06-30 10:33:45.250,-5.375,-6.25,64.125,-43.810667,0.411376,85.07,36.66,2031.25,second rest
2013-06-30 10:33:45.500,-5.25,-6.5,64.125,41.125625,0.410095,85.05,36.66,2031.5,second rest
2013-06-30 10:33:45.750,-5.375,-6.875,64.375,13.142,0.408815,85.04,36.66,2031.75,second rest
2013-06-30 10:33:46.000,-5.222,-6.556,64.0,-24.385625,0.410095,85.03,36.66,2032.0,second rest
2013-06-30 10:33:46.250,-5.125,-6.625,64.0,32.93,0.411376,85.02,36.66,2032.25,second rest
2013-06-30 10:33:46.500,-5.625,-6.625,64.0,-8.840667,0.410095,85.01,36.66,2032.5,second rest
2013-06-30 10:33:46.750,-5.75,-6.5,64.0,-27.8375,0.407534,84.99,36.66,2032.75,second rest
2013-06-30 10:33:47.000,-6.25,-6.375,64.0,32.323125,0.408815,84.98,36.65,2033.0,second rest
2013-06-30 10:33:47.250,-6.625,-6.375,63.875,-9.738,0.410095,84.97,36.65,2033.25,second rest
2013-06-30 10:33:47.500,-6.875,-6.0,64.0,-18.52375,0.408815,84.96,36.65,2033.5,second rest
2013-06-30 10:33:47.750,-6.875,-6.25,63.875,28.918667,0.408815,84.94,36.65,2033.75,second rest
2013-06-30 10:33:48.000,-6.625,-6.125,63.875,-12.58,0.407534,84.93,36.65,2034.0,second rest
2013-06-30 10:33:48.250,-6.875,-6.0,64.0,-18.124375,0.407534,84.92,36.65,2034.25,second rest
2013-06-30 10:33:48.500,-6.625,-6.125,64.0,29.074,0.407534,84.9,36.65,2034.5,second rest
2013-06-30 10:33:48.750,-6.375,-6.125,64.0,-4.628125,0.404972,84.89,36.65,2034.75,second rest
2013-06-30 10:33:49.000,-6.5,-6.0,64.0,-4.540625,0.408815,84.88,36.66,2035.0,second rest
2013-06-30 10:33:49.250,-6.5,-6.125,64.0,26.156,0.410095,84.87,36.66,2035.25,second rest
2013-06-30 10:33:49.500,-6.75,-6.0,64.0,-23.51625,0.413937,84.86,36.66,2035.5,second rest
2013-06-30 10:33:49.750,-6.625,-5.75,64.0,-0.877333,0.413937,84.86,36.66,2035.75,second rest
2013-06-30 10:33:50.000,-7.0,-6.778,64.0,22.130625,0.413937,84.85,36.66,2036.0,second rest
2013-06-30 10:33:50.250,-8.5,-6.75,63.875,-32.64625,0.410095,84.84,36.66,2036.25,second rest
2013-06-30 10:33:50.500,-8.875,-6.75,63.875,6.804667,0.411376,84.84,36.66,2036.5,second rest
2013-06-30 10:33:50.750,-7.25,-6.25,64.0,23.335,0.407534,84.83,36.66,2036.75,second rest
2013-06-30 10:33:51.000,-7.75,-6.5,63.625,-36.64125,0.408815,84.83,36.68,2037.0,second rest
2013-06-30 10:33:51.250,-8.625,-6.375,63.75,7.828,0.408815,84.83,36.68,2037.25,second rest
2013-06-30 10:33:51.500,-6.875,-6.875,64.0,20.186875,0.406253,84.83,36.68,2037.5,second rest
2013-06-30 10:33:51.750,-6.25,-6.5,63.875,-31.417333,0.404972,84.83,36.68,2037.75,second rest
2013-06-30 10:33:52.000,-7.125,-7.0,63.75,16.463125,0.406253,84.83,36.66,2038.0,second rest
2013-06-30 10:33:52.250,-7.875,-7.25,63.875,21.616875,0.402411,84.83,36.66,2038.25,second rest
2013-06-30 10:33:52.500,-7.125,-6.875,64.125,-34.659333,0.403692,84.83,36.66,2038.5,second rest
2013-06-30 10:33:52.750,-7.25,-6.75,63.75,28.095,0.403692,84.83,36.66,2038.75,second rest
2013-06-30 10:33:53.000,-5.375,-6.125,64.125,-2.423125,0.403692,84.83,36.66,2039.0,second rest
2013-06-30 10:33:53.250,0.125,-4.125,64.75,-48.206667,0.402411,84.83,36.66,2039.25,second rest
2013-06-30 10:33:53.500,1.25,0.125,65.0,34.92375,0.40113,84.83,36.66,2039.5,second rest
2013-06-30 10:33:53.750,5.0,-1.111,62.222,1.460667,0.402411,84.83,36.66,2039.75,second rest
2013-06-30 10:33:54.000,2.25,-9.75,64.75,-33.69,0.40113,84.83,36.66,2040.0,second rest
2013-06-30 10:33:54.250,-9.625,-7.625,63.25,30.871875,0.403692,84.83,36.66,2040.25,second rest
2013-06-30 10:33:54.500,-40.25,-0.25,55.375,-8.075333,0.403692,84.84,36.66,2040.5,second rest
2013-06-30 10:33:54.750,-40.375,6.375,48.875,-12.78,0.40113,84.84,36.66,2040.75,second rest
2013-06-30 10:33:55.000,-3.375,6.875,59.625,27.645625,0.40113,84.85,36.66,2041.0,second rest
2013-06-30 10:33:55.250,2.0,7.25,66.0,-18.79,0.40113,84.86,36.66,2041.25,second rest
2013-06-30 10:33:55.500,5.25,8.375,64.0,16.235625,0.402411,84.86,36.66,2041.5,second rest
2013-06-30 10:33:55.750,4.625,8.75,64.0,10.998667,0.39985,84.87,36.66,2041.75,second rest
2013-06-30 10:33:56.000,3.5,9.0,64.0,-49.81375,0.39985,84.87,36.68,2042.0,second rest
2013-06-30 10:33:56.250,4.0,9.0,64.0,34.74875,0.402411,84.87,36.68,2042.25,second rest
2013-06-30 10:33:56.500,3.625,9.0,64.125,10.992,0.402411,84.87,36.68,2042.5,second rest
2013-06-30 10:33:56.750,4.125,8.75,63.875,-46.161875,0.406253,84.87,36.68,2042.75,second rest
2013-06-30 10:33:57.000,3.875,9.0,64.0,38.859375,0.403692,84.87,36.66,2043.0,second rest
2013-06-30 10:33:57.250,4.125,9.0,64.0,6.011333,0.404972,84.86,36.66,2043.25,second rest
2013-06-30 10:33:57.500,4.0,9.0,64.0,-43.28625,0.402411,84.85,36.66,2043.5,second rest
2013-06-30 10:33:57.750,4.222,9.0,64.0,42.272667,0.404972,84.84,36.66,2043.75,second rest
2013-06-30 10:33:58.000,4.0,9.0,64.0,11.214375,0.402411,84.83,36.65,2044.0,second rest
2013-06-30 10:33:58.250,4.125,9.0,64.0,-22.69625,0.40113,84.82,36.65,2044.25,second rest
2013-06-30 10:33:58.500,4.25,9.125,64.0,34.538,0.39985,84.81,36.65,2044.5,second rest
2013-06-30 10:33:58.750,5.5,8.875,63.875,-11.27125,0.398569,84.8,36.65,2044.75,second rest
2013-06-30 10:33:59.000,5.625,9.0,64.0,-22.88,0.403692,84.78,36.66,2045.0,second rest
2013-06-30 10:33:59.250,5.125,9.0,64.0,30.678,0.402411,84.76,36.66,2045.25,second rest
2013-06-30 10:33:59.500,5.375,9.0,64.0,-13.329375,0.369112,84.73,36.66,2045.5,second rest
2013-06-30 10:33:59.750,4.875,9.0,64.0,-26.766667,0.339656,84.71,36.66,2045.75,second rest
2013-06-30 10:34:00.000,5.0,9.0,64.0,25.926875,0.396007,84.68,36.68,2046.0,second rest
2013-06-30 10:34:00.250,4.375,9.0,64.0,-10.068125,0.420341,84.65,36.68,2046.25,second rest
2013-06-30 10:34:00.500,4.375,9.0,64.0,-22.286,0.41906,84.63,36.68,2046.5,second rest
2013-06-30 10:34:00.750,4.375,9.0,64.0,29.925625,0.412657,84.6,36.68,2046.75,second rest
2013-06-30 10:34:01.000,4.0,9.25,64.0,-12.60625,0.410095,84.58,36.66,2047.0,second rest
2013-06-30 10:34:01.250,3.75,9.0,64.0,-4.262667,0.412657,84.56,36.66,2047.25,second rest
2013-06-30 10:34:01.500,3.333,9.111,64.0,16.28875,0.411376,84.53,36.66,2047.5,second rest
2013-06-30 10:34:01.750,3.625,9.5,64.0,-44.24,0.416499,84.51,36.66,2047.75,second rest
2013-06-30 10:34:02.000,4.0,9.0,64.0,-9.24,0.413937,84.48,36.65,2048.0,second rest
2013-06-30 10:34:02.250,4.0,9.0,64.0,27.215,0.420341,84.45,36.65,2048.25,second rest
2013-06-30 10:34:02.500,4.0,9.0,64.0,-36.380667,0.420341,84.43,36.65,2048.5,second rest
2013-06-30 10:34:02.750,3.875,9.0,64.0,-1.623125,0.424183,84.4,36.65,2048.75,second rest
2013-06-30 10:34:03.000,4.0,9.0,64.0,24.73625,0.422902,84.37,36.61,2049.0,second rest
2013-06-30 10:34:03.250,3.75,9.0,64.0,-32.37,0.426745,84.34,36.61,2049.25,second rest
2013-06-30 10:34:03.500,4.0,9.0,64.0,13.915,0.422902,84.32,36.61,2049.5,second rest
2013-06-30 10:34:03.750,3.875,9.0,64.0,27.414667,0.420341,84.29,36.61,2049.75,second rest
2013-06-30 10:34:04.000,3.75,9.125,64.0,-32.92375,0.420341,84.27,36.59,2050.0,second rest
2013-06-30 10:34:04.250,4.0,9.0,64.0,39.95125,0.420341,84.25,36.59,2050.25,second rest
2013-06-30 10:34:04.500,3.875,9.0,64.0,11.338,0.422902,84.22,36.59,2050.5,second rest
2013-06-30 10:34:04.750,4.0,9.0,64.0,-41.456875,0.421622,84.2,36.59,2050.75,second rest
2013-06-30 10:34:05.000,4.0,9.0,64.0,48.346875,0.421622,84.17,36.57,2051.0,second rest
2013-06-30 10:34:05.250,3.5,9.0,64.0,6.728667,0.424183,84.14,36.57,2051.25,second rest
2013-06-30 10:34:05.500,3.444,9.111,64.0,-28.433125,0.425464,84.11,36.57,2051.5,second rest
2013-06-30 10:34:05.750,3.375,9.0,64.0,39.079333,0.425464,84.09,36.57,2051.75,second rest
2013-06-30 10:34:06.000,3.25,9.125,64.0,-2.026875,0.429306,84.07,36.57,2052.0,second rest
2013-06-30 10:34:06.250,3.375,9.0,64.0,-24.095625,0.426745,84.06,36.57,2052.25,second rest
2013-06-30 10:34:06.500,3.875,9.0,64.0,32.358667,0.425464,84.05,36.57,2052.5,second rest
2013-06-30 10:34:06.750,3.625,9.0,64.0,-6.106875,0.429306,84.05,36.57,2052.75,second rest
2013-06-30 10:34:07.000,3.875,9.0,64.0,3.57375,0.429306,84.05,36.55,2053.0,second rest
2013-06-30 10:34:07.250,4.0,9.0,64.0,16.846,0.430587,84.05,36.55,2053.25,second rest
2013-06-30 10:34:07.500,3.875,9.0,64.0,-39.48625,0.428025,84.04,36.55,2053.5,second rest
2013-06-30 10:34:07.750,3.625,9.125,64.0,21.700667,0.431867,84.03,36.55,2053.75,second rest
2013-06-30 10:34:08.000,3.875,9.0,64.0,8.52125,0.430587,84.02,36.53,2054.0,second rest
2013-06-30 10:34:08.250,3.875,9.0,64.0,-49.285625,0.430587,84.01,36.53,2054.25,second rest
2013-06-30 10:34:08.500,3.75,9.0,64.0,30.256,0.430587,84.0,36.53,2054.5,second rest
2013-06-30 10:34:08.750,3.875,9.0,64.0,3.323125,0.430587,83.98,36.53,2054.75,second rest
2013-06-30 10:34:09.000,4.0,9.0,64.0,-55.32125,0.433148,83.97,36.5,2055.0,second rest
2013-06-30 10:34:09.250,3.556,9.0,64.0,31.512,0.430587,83.96,36.5,2055.25,second rest
2013-06-30 10:34:09.500,3.375,9.0,64.0,7.533125,0.429306,83.95,36.5,2055.5,second rest
2013-06-30 10:34:09.750,3.5,9.0,64.0,-47.924667,0.430587,83.94,36.5,2055.75,second rest
2013-06-30 10:34:10.000,3.375,9.0,64.0,36.473125,0.430587,83.93,36.49,2056.0,second rest
2013-06-30 10:34:10.250,3.5,9.0,64.0,5.130625,0.434429,83.92,36.49,2056.25,second rest
2013-06-30 10:34:10.500,3.625,9.0,64.0,-33.904667,0.43571,83.91,36.49,2056.5,second rest
2013-06-30 10:34:10.750,3.625,9.0,64.0,31.829375,0.43571,83.91,36.49,2056.75,second rest
2013-06-30 10:34:11.000,4.0,9.0,64.0,-15.49125,0.43699,83.9,36.49,2057.0,second rest
2013-06-30 10:34:11.250,3.75,9.0,64.0,-27.912667,0.434429,83.89,36.49,2057.25,second rest
2013-06-30 10:34:11.500,4.0,9.0,64.0,37.54375,0.43571,83.89,36.49,2057.5,second rest
2013-06-30 10:34:11.750,3.875,9.0,64.0,-15.372,0.43571,83.88,36.49,2057.75,second rest
2013-06-30 10:34:12.000,3.75,9.0,64.0,-7.831875,0.434429,83.87,36.45,2058.0,second rest
2013-06-30 10:34:12.250,3.875,9.0,64.0,27.6275,0.425464,83.86,36.45,2058.25,second rest
2013-06-30 10:34:12.500,3.875,9.0,64.0,-26.367333,0.41906,83.84,36.45,2058.5,second rest
2013-06-30 10:34:12.750,3.75,9.0,64.0,16.3075,0.421622,83.83,36.45,2058.75,second rest
2013-06-30 10:34:13.000,3.875,9.125,64.0,23.974375,0.404972,83.82,36.41,2059.0,second rest
2013-06-30 10:34:13.250,3.556,9.111,64.0,-31.455333,0.394727,83.81,36.41,2059.25,second rest
2013-06-30 10:34:13.500,3.5,9.0,64.0,37.155,0.387042,83.81,36.41,2059.5,second rest
2013-06-30 10:34:13.750,3.625,9.0,64.0,-2.098667,0.392165,83.8,36.41,2059.75,second rest
2013-06-30 10:34:14.000,3.625,9.0,64.0,-42.578125,0.434429,83.8,36.37,2060.0,second rest
2013-06-30 10:34:14.250,4.0,9.0,64.0,34.874375,0.438271,83.8,36.37,2060.25,second rest
2013-06-30 10:34:14.500,3.75,9.0,64.0,-11.792667,0.443394,83.79,36.37,2060.5,second rest
2013-06-30 10:34:14.750,3.75,9.0,64.0,-21.145625,0.443394,83.79,36.37,2060.75,second rest
2013-06-30 10:34:15.000,3.875,9.0,64.0,25.0575,0.444675,83.78,36.25,2061.0,second rest
2013-06-30 10:34:15.250,3.875,9.0,64.0,-26.053333,0.444675,83.77,36.25,2061.25,second rest
2013-06-30 10:34:15.500,3.625,9.0,64.0,3.15,0.447236,83.77,36.25,2061.5,second rest
2013-06-30 10:34:15.750,3.875,9.0,64.0,37.777333,0.444675,83.76,36.25,2061.75,second rest
2013-06-30 10:34:16.000,3.875,9.0,64.0,-4.90125,0.445955,83.75,36.18,2062.0,second rest
2013-06-30 10:34:16.250,3.75,9.0,64.0,-30.92625,0.447236,83.74,36.18,2062.25,second rest
2013-06-30 10:34:16.500,3.5,9.0,64.0,48.910667,0.444675,83.72,36.18,2062.5,second rest
2013-06-30 10:34:16.750,3.375,9.0,64.0,8.648125,0.444675,83.71,36.18,2062.75,second rest
2013-06-30 10:34:17.000,3.333,9.0,64.0,5.645,0.442113,83.7,36.13,2063.0,second rest
2013-06-30 10:34:17.250,3.75,9.0,64.0,21.308,0.440832,83.69,36.13,2063.25,second rest
2013-06-30 10:34:17.500,3.875,9.0,64.0,-47.804375,0.439552,83.69,36.13,2063.5,second rest
2013-06-30 10:34:17.750,3.75,9.0,64.0,8.816,0.443394,83.68,36.13,2063.75,second rest
2013-06-30 10:34:18.000,3.875,9.0,64.0,29.478125,0.440832,83.68,36.11,2064.0,second rest
2013-06-30 10:34:18.250,3.625,9.0,64.0,-58.05875,0.438271,83.68,36.11,2064.25,second rest
2013-06-30 10:34:18.500,3.75,9.0,64.0,18.640667,0.442113,83.68,36.11,2064.5,second rest
2013-06-30 10:34:18.750,3.875,9.0,64.0,9.281875,0.440832,83.68,36.11,2064.75,second rest
2013-06-30 10:34:19.000,3.875,9.0,64.0,-43.856875,0.442113,83.67,36.07,2065.0,second rest
2013-06-30 10:34:19.250,3.875,9.0,64.0,35.106,0.440832,83.66,36.07,2065.25,second rest
2013-06-30 10:34:19.500,3.875,9.0,64.0,-0.435625,0.443394,83.65,36.07,2065.5,second rest
2013-06-30 10:34:19.750,3.875,9.0,64.0,-29.100667,0.439552,83.64,36.07,2065.75,second rest
2013-06-30 10:34:20.000,3.375,9.0,64.0,28.804375,0.439552,83.65,36.03,2066.0,second rest
2013-06-30 10:34:20.250,3.5,9.0,64.0,-23.395,0.439552,83.67,36.03,2066.25,second rest
2013-06-30 10:34:20.500,3.5,9.0,64.0,-32.105333,0.439552,83.69,36.03,2066.5,second rest
2013-06-30 10:34:20.750,3.75,9.0,64.0,31.9875,0.439552,83.69,36.03,2066.75,second rest
2013-06-30 10:34:21.000,3.778,9.0,64.0,-18.290625,0.43699,83.67,36.0,2067.0,second rest
2013-06-30 10:34:21.250,3.875,9.0,64.0,-20.359333,0.43699,83.61,36.0,2067.25,second rest
2013-06-30 10:34:21.500,3.75,9.0,64.0,30.31625,0.43699,83.52,36.0,2067.5,second rest
2013-06-30 10:34:21.750,3.875,9.0,64.0,-18.964667,0.439552,83.42,36.0,2067.75,second rest
2013-06-30 10:34:22.000,3.75,9.0,64.0,-7.885,0.43699,83.33,36.03,2068.0,second rest
2013-06-30 10:34:22.250,3.75,9.0,64.0,28.82375,0.438271,83.25,36.03,2068.25,second rest
2013-06-30 10:34:22.500,3.875,9.0,64.0,-24.823333,0.43571,83.19,36.03,2068.5,second rest
2013-06-30 10:34:22.750,3.625,9.0,64.0,31.163125,0.438271,83.13,36.03,2068.75,second rest
2013-06-30 10:34:23.000,3.375,9.0,64.0,14.1875,0.438271,83.08,36.03,2069.0,second rest
2013-06-30 10:34:23.250,3.125,9.0,64.0,-43.456667,0.43571,83.03,36.03,2069.25,second rest
2013-06-30 10:34:23.500,3.125,9.125,64.0,42.560625,0.43699,82.97,36.03,2069.5,second rest
2013-06-30 10:34:23.750,3.25,9.0,64.0,-1.864667,0.434429,82.92,36.03,2069.75,second rest
2013-06-30 10:34:24.000,3.375,9.0,64.0,-35.1875,0.43699,82.87,36.0,2070.0,second rest
2013-06-30 10:34:24.250,3.75,9.0,64.0,38.224375,0.43699,82.82,36.0,2070.25,second rest
2013-06-30 10:34:24.500,3.625,9.0,64.0,-16.026,0.43699,82.78,36.0,2070.5,second rest
2013-06-30 10:34:24.750,3.889,9.0,64.0,-17.479375,0.43571,82.74,36.0,2070.75,second rest
2013-06-30 10:34:25.000,3.875,9.125,64.0,25.385,0.43571,82.7,36.0,2071.0,second rest
2013-06-30 10:34:25.250,3.875,9.0,64.0,-28.692,0.434429,82.67,36.0,2071.25,second rest
2013-06-30 10:34:25.500,3.625,9.0,64.0,17.065625,0.43571,82.63,36.0,2071.5,second rest
2013-06-30 10:34:25.750,4.0,9.0,64.0,21.121333,0.43571,82.61,36.0,2071.75,second rest
2013-06-30 10:34:26.000,3.875,9.0,64.0,-24.885625,0.43571,82.58,36.0,2072.0,second rest
2013-06-30 10:34:26.250,3.75,9.0,64.0,39.3275,0.431867,82.56,36.0,2072.25,second rest
2013-06-30 10:34:26.500,3.375,9.0,64.0,-8.672667,0.431867,82.54,36.0,2072.5,second rest
2013-06-30 10:34:26.750,3.25,9.0,64.0,-24.586875,0.430587,82.53,36.0,2072.75,second rest
2013-06-30 10:34:27.000,3.125,9.0,64.0,37.53125,0.430587,82.52,35.99,2073.0,second rest
2013-06-30 10:34:27.250,3.25,9.0,64.0,-16.712667,0.431867,82.52,35.99,2073.25,second rest
2013-06-30 10:34:27.500,3.625,9.0,64.0,-8.401875,0.430587,82.52,35.99,2073.5,second rest
2013-06-30 10:34:27.750,3.625,9.0,64.0,24.796667,0.434429,82.52,35.99,2073.75,second rest
2013-06-30 10:34:28.000,3.625,9.0,64.0,-19.258125,0.431867,82.53,35.99,2074.0,second rest
2013-06-30 10:34:28.250,3.625,9.0,64.0,-11.65875,0.434429,82.53,35.99,2074.25,second rest
2013-06-30 10:34:28.500,3.75,9.0,64.0,29.500667,0.430587,82.54,35.99,2074.5,second rest
2013-06-30 10:34:28.750,3.556,9.0,64.0,-9.64375,0.433148,82.54,35.99,2074.75,second rest
2013-06-30 10:34:29.000,4.0,9.0,64.0,11.099375,0.43571,82.55,35.99,2075.0,second rest
2013-06-30 10:34:29.250,3.75,9.0,64.0,15.720667,0.430587,82.56,35.99,2075.25,second rest
2013-06-30 10:34:29.500,4.0,9.0,64.0,-44.31,0.430587,82.57,35.99,2075.5,second rest
2013-06-30 10:34:29.750,3.375,9.0,64.0,17.174,0.429306,82.57,35.99,2075.75,second rest
2013-06-30 10:34:30.000,3.125,9.0,64.0,15.98,0.429306,82.58,35.97,2076.0,second rest
2013-06-30 10:34:30.250,3.25,9.0,64.0,-45.01125,0.431867,82.58,35.97,2076.25,second rest
2013-06-30 10:34:30.500,3.5,9.0,64.0,9.502,0.431867,82.58,35.97,2076.5,second rest
2013-06-30 10:34:30.750,3.75,9.0,64.0,18.39,0.429306,82.58,35.97,2076.75,second rest
2013-06-30 10:34:31.000,3.75,9.0,64.0,-38.3425,0.431867,82.58,35.99,2077.0,second rest
2013-06-30 10:34:31.250,3.875,9.0,64.0,-8.27,0.428025,82.58,35.99,2077.25,second rest
2013-06-30 10:34:31.500,3.875,9.0,64.0,31.02875,0.430587,82.57,35.99,2077.5,second rest
2013-06-30 10:34:31.750,4.0,9.0,64.0,-14.227333,0.430587,82.57,35.99,2077.75,second rest
2013-06-30 10:34:32.000,3.625,9.0,64.0,-3.2025,0.429306,82.57,35.97,2078.0,second rest
2013-06-30 10:34:32.250,4.0,9.0,64.0,35.07125,0.424183,82.57,35.97,2078.25,second rest
2013-06-30 10:34:32.500,3.889,9.0,64.0,-23.659333,0.422902,82.57,35.97,2078.5,second rest
2013-06-30 10:34:32.750,3.625,9.0,64.0,-2.63,0.424183,82.57,35.97,2078.75,second rest
2013-06-30 10:34:33.000,3.875,9.0,64.0,21.76125,0.421622,82.57,35.95,2079.0,second rest
2013-06-30 10:34:33.250,3.75,9.0,64.0,-43.7,0.422902,82.57,35.95,2079.25,second rest
2013-06-30 10:34:33.500,3.625,9.0,64.0,-26.020625,0.421622,82.56,35.95,2079.5,second rest
2013-06-30 10:34:33.750,3.875,9.0,64.0,21.447333,0.422902,82.56,35.95,2079.75,second rest
2013-06-30 10:34:34.000,4.0,9.0,64.0,-19.24875,0.424183,82.55,35.97,2080.0,second rest
2013-06-30 10:34:34.250,3.75,9.0,64.0,-10.698125,0.428025,82.54,35.97,2080.25,second rest
2013-06-30 10:34:34.500,3.75,9.0,64.0,41.099333,0.425464,82.54,35.97,2080.5,second rest
2013-06-30 10:34:34.750,4.0,9.0,64.0,-9.46875,0.425464,82.53,35.97,2080.75,second rest
2013-06-30 10:34:35.000,3.75,9.0,64.0,1.09125,0.422902,82.53,35.97,2081.0,second rest
2013-06-30 10:34:35.250,3.5,9.0,64.0,35.146,0.425464,82.53,35.97,2081.25,second rest
2013-06-30 10:34:35.500,3.625,9.0,64.0,-24.231875,0.424183,82.52,35.97,2081.5,second rest
2013-06-30 10:34:35.750,3.375,9.0,64.0,26.987333,0.422902,82.52,35.97,2081.75,second rest
2013-06-30 10:34:36.000,3.75,9.0,64.0,11.594375,0.425464,82.52,35.97,2082.0,second rest
2013-06-30 10:34:36.250,3.875,9.0,64.0,-54.850625,0.422902,82.52,35.97,2082.25,second rest
2013-06-30 10:34:36.500,3.889,9.0,64.0,42.691333,0.426745,82.51,35.97,2082.5,second rest
2013-06-30 10:34:36.750,4.0,9.0,64.0,19.471875,0.425464,82.51,35.97,2082.75,second rest
2013-06-30 10:34:37.000,3.625,9.0,64.0,-44.55625,0.425464,82.5,35.97,2083.0,second rest
2013-06-30 10:34:37.250,3.875,9.0,64.0,45.286667,0.421622,82.49,35.97,2083.25,second rest
2013-06-30 10:34:37.500,3.75,9.0,64.0,9.484375,0.422902,82.49,35.97,2083.5,second rest
2013-06-30 10:34:37.750,3.625,9.0,64.0,-47.133333,0.420341,82.48,35.97,2083.75,second rest
2013-06-30 10:34:38.000,3.875,9.0,64.0,42.0275,0.41906,82.47,35.95,2084.0,second rest
2013-06-30 10:34:38.250,3.625,9.0,64.0,15.929375,0.422902,82.46,35.95,2084.25,second rest
2013-06-30 10:34:38.500,3.75,9.0,64.0,-26.626667,0.422902,82.46,35.95,2084.5,second rest
2013-06-30 10:34:38.750,3.75,9.0,64.0,35.1,0.422902,82.45,35.95,2084.75,second rest
2013-06-30 10:34:39.000,3.625,9.0,64.0,-9.65875,0.41906,82.45,35.99,2085.0,second rest
2013-06-30 10:34:39.250,3.25,9.0,64.0,-34.373333,0.421622,82.45,35.99,2085.25,second rest
2013-06-30 10:34:39.500,3.125,9.0,64.0,34.56,0.41906,82.46,35.99,2085.5,second rest
2013-06-30 10:34:39.750,3.5,9.0,64.0,-5.155333,0.422902,82.46,35.99,2085.75,second rest
2013-06-30 10:34:40.000,3.625,9.0,64.0,-50.54875,0.420341,82.47,35.97,2086.0,second rest
2013-06-30 10:34:40.250,3.889,9.0,64.0,38.440625,0.422902,82.47,35.97,2086.25,second rest
2013-06-30 10:34:40.500,4.0,9.0,64.0,8.563333,0.41906,82.47,35.97,2086.5,second rest
2013-06-30 10:34:40.750,3.875,9.0,64.0,-63.84375,0.416499,82.48,35.97,2086.75,second rest
2013-06-30 10:34:41.000,3.625,9.0,64.0,25.4025,0.420341,82.48,35.95,2087.0,second rest
2013-06-30 10:34:41.250,3.75,9.0,64.0,24.559333,0.41778,82.49,35.95,2087.25,second rest
2013-06-30 10:34:41.500,3.75,9.0,64.0,-32.5025,0.416499,82.5,35.95,2087.5,second rest
2013-06-30 10:34:41.750,4.0,9.0,64.0,14.35,0.415218,82.51,35.95,2087.75,second rest
2013-06-30 10:34:42.000,4.0,9.0,64.0,22.4225,0.421622,82.52,35.97,2088.0,second rest
2013-06-30 10:34:42.250,3.75,9.0,64.0,-42.3225,0.41778,82.53,35.97,2088.25,second rest
2013-06-30 10:34:42.500,3.5,9.0,64.0,-4.56,0.420341,82.55,35.97,2088.5,second rest
2013-06-30 10:34:42.750,3.375,9.0,64.0,33.644375,0.416499,82.56,35.97,2088.75,second rest
2013-06-30 10:34:43.000,3.5,9.0,64.0,-16.421875,0.41906,82.57,35.97,2089.0,second rest
2013-06-30 10:34:43.250,3.625,9.0,64.0,-46.233333,0.416499,82.58,35.97,2089.25,second rest
2013-06-30 10:34:43.500,3.75,9.0,64.0,42.225,0.41778,82.6,35.97,2089.5,second rest
2013-06-30 10:34:43.750,3.875,9.0,64.0,12.216,0.415218,82.61,35.97,2089.75,second rest
2013-06-30 10:34:44.000,3.875,9.0,64.0,-58.975,0.41778,82.63,35.95,2090.0,second rest
2013-06-30 10:34:44.250,3.667,9.0,64.0,45.4725,0.415218,82.65,35.95,2090.25,second rest
2013-06-30 10:34:44.500,3.625,9.0,64.0,24.536667,0.416499,82.68,35.95,2090.5,second rest
2013-06-30 10:34:44.750,4.0,9.0,64.0,-40.108125,0.41778,82.7,35.95,2090.75,second rest
2013-06-30 10:34:45.000,3.5,9.0,64.0,48.069375,0.415218,82.73,35.95,2091.0,second rest
2013-06-30 10:34:45.250,4.0,9.0,64.0,3.469333,0.415218,82.76,35.95,2091.25,second rest
2013-06-30 10:34:45.500,3.75,9.0,64.0,-63.158125,0.412657,82.78,35.95,2091.5,second rest
2013-06-30 10:34:45.750,3.75,9.0,64.0,41.497333,0.416499,82.81,35.95,2091.75,second rest
2013-06-30 10:34:46.000,3.625,9.0,64.0,9.123125,0.411376,82.83,35.95,2092.0,second rest
2013-06-30 10:34:46.250,3.5,9.0,64.0,-60.881875,0.412657,82.85,35.95,2092.25,second rest
2013-06-30 10:34:46.500,3.5,9.0,64.0,38.421333,0.413937,82.88,35.95,2092.5,second rest
2013-06-30 10:34:46.750,3.875,9.0,64.0,-1.483125,0.412657,82.9,35.95,2092.75,second rest
2013-06-30 10:34:47.000,3.875,9.0,64.0,-114.46125,0.415218,82.93,35.95,2093.0,second rest
2013-06-30 10:34:47.250,3.875,9.0,64.0,13.078667,0.412657,82.96,35.95,2093.25,second rest
2013-06-30 10:34:47.500,3.75,9.0,64.0,-11.74875,0.415218,82.99,35.95,2093.5,second rest
2013-06-30 10:34:47.750,3.75,9.0,64.0,70.11,0.412657,83.02,35.95,2093.75,second rest
2013-06-30 10:34:48.000,3.667,9.0,64.0,59.518125,0.413937,83.05,35.91,2094.0,second rest
2013-06-30 10:34:48.250,3.625,9.0,64.0,-5.539375,0.411376,83.08,35.91,2094.25,second rest
2013-06-30 10:34:48.500,3.75,9.0,64.0,62.157333,0.415218,83.11,35.91,2094.5,second rest
2013-06-30 10:34:48.750,3.75,9.0,64.0,-31.02875,0.412657,83.15,35.91,2094.75,second rest
2013-06-30 10:34:49.000,3.75,9.0,64.0,238.26875,0.413937,83.18,35.93,2095.0,second rest
2013-06-30 10:34:49.250,3.75,9.0,64.0,60.945333,0.412657,83.21,35.93,2095.25,second rest
2013-06-30 10:34:49.500,3.75,9.0,64.0,-153.359375,0.412657,83.25,35.93,2095.5,second rest
2013-06-30 10:34:49.750,3.25,9.0,64.0,-82.999333,0.413937,83.29,35.93,2095.75,second rest
2013-06-30 10:34:50.000,3.75,9.0,64.0,-13.305625,0.415218,83.32,35.89,2096.0,second rest
2013-06-30 10:34:50.250,3.875,9.0,64.0,-60.98375,0.410095,83.35,35.89,2096.25,second rest
2013-06-30 10:34:50.500,3.75,9.0,64.0,42.048667,0.411376,83.39,35.89,2096.5,second rest
2013-06-30 10:34:50.750,3.75,9.0,64.0,0.733125,0.408815,83.42,35.89,2096.75,second rest
2013-06-30 10:34:51.000,3.875,9.0,64.0,-38.351875,0.411376,83.45,35.93,2097.0,second rest
2013-06-30 10:34:51.250,3.75,9.0,64.0,25.103333,0.410095,83.48,35.93,2097.25,second rest
2013-06-30 10:34:51.500,3.875,9.0,64.0,3.423125,0.407534,83.51,35.93,2097.5,second rest
2013-06-30 10:34:51.750,3.875,9.0,64.0,-53.889333,0.407534,83.55,35.93,2097.75,second rest
2013-06-30 10:34:52.000,4.0,9.0,64.0,21.80625,0.411376,83.58,35.91,2098.0,second rest
2013-06-30 10:34:52.250,3.625,9.0,64.0,10.30875,0.407534,83.62,35.91,2098.25,second rest
2013-06-30 10:34:52.500,3.375,9.0,64.0,-37.872667,0.410095,83.65,35.91,2098.5,second rest
2013-06-30 10:34:52.750,3.125,9.0,64.0,24.15,0.411376,83.69,35.91,2098.75,second rest
2013-06-30 10:34:53.000,3.625,9.0,64.0,-2.55,0.403692,83.73,35.91,2099.0,second rest
2013-06-30 10:34:53.250,3.875,9.0,64.0,-36.599333,0.407534,83.77,35.91,2099.25,second rest
2013-06-30 10:34:53.500,3.875,9.0,64.0,19.5325,0.408815,83.81,35.91,2099.5,second rest
2013-06-30 10:34:53.750,3.625,9.0,64.0,3.92,0.406253,83.86,35.91,2099.75,second rest
2013-06-30 10:34:54.000,4.0,9.0,64.0,-14.5475,0.406253,83.9,35.93,2100.0,second rest
2013-06-30 10:34:54.250,4.0,9.0,64.0,32.07625,0.407534,83.94,35.93,2100.25,second rest
2013-06-30 10:34:54.500,3.75,9.0,64.0,-17.51,0.406253,83.99,35.93,2100.5,second rest
2013-06-30 10:34:54.750,3.875,9.0,64.0,-49.825,0.403692,84.03,35.93,2100.75,second rest
2013-06-30 10:34:55.000,3.75,9.0,64.0,-1.769375,0.403692,84.08,35.91,2101.0,second rest
2013-06-30 10:34:55.250,3.75,9.0,64.0,-15.063333,0.403692,84.13,35.91,2101.25,second rest
2013-06-30 10:34:55.500,3.625,9.0,64.0,9.704375,0.407534,84.18,35.91,2101.5,second rest
2013-06-30 10:34:55.750,3.444,9.0,64.0,53.986,0.406253,84.23,35.91,2101.75,second rest
2013-06-30 10:34:56.000,3.625,9.0,64.0,-1.183125,0.407534,84.28,35.91,2102.0,second rest
2013-06-30 10:34:56.250,3.75,9.0,64.0,15.954375,0.40113,84.33,35.91,2102.25,second rest
2013-06-30 10:34:56.500,3.875,9.0,64.0,28.009333,0.40113,84.39,35.91,2102.5,second rest
2013-06-30 10:34:56.750,4.0,9.0,64.0,-27.430625,0.40113,84.44,35.91,2102.75,second rest
2013-06-30 10:34:57.000,3.875,9.0,64.0,12.21,0.402411,84.5,35.91,2103.0,second rest
2013-06-30 10:34:57.250,3.625,9.0,64.0,11.147333,0.406253,84.56,35.91,2103.25,second rest
2013-06-30 10:34:57.500,4.0,9.0,64.0,-27.16,0.406253,84.62,35.91,2103.5,second rest
2013-06-30 10:34:57.750,4.0,9.0,64.0,19.741333,0.406253,84.69,35.91,2103.75,second rest
2013-06-30 10:34:58.000,3.625,9.0,64.0,26.3125,0.403692,84.75,35.89,2104.0,second rest
2013-06-30 10:34:58.250,3.75,9.0,64.0,-16.4175,0.403692,84.81,35.89,2104.25,second rest
2013-06-30 10:34:58.500,3.625,9.0,64.0,-12.854667,0.404972,84.87,35.89,2104.5,second rest
2013-06-30 10:34:58.750,3.375,9.0,64.0,-2.30625,0.404972,84.94,35.89,2104.75,second rest
2013-06-30 10:34:59.000,3.125,9.0,64.0,-14.230625,0.404972,85.0,35.89,2105.0,second rest
2013-06-30 10:34:59.250,3.125,9.0,64.0,17.297333,0.404972,85.07,35.89,2105.25,second rest
2013-06-30 10:34:59.500,3.75,9.0,64.0,-25.654375,0.404972,85.14,35.89,2105.5,second rest
2013-06-30 10:34:59.750,3.667,9.0,64.0,-63.154,0.40113,85.21,35.89,2105.75,second rest
2013-06-30 10:35:00.000,3.75,9.0,64.0,-2.84,0.40113,85.28,35.89,2106.0,second rest
2013-06-30 10:35:00.250,4.0,9.0,64.0,8.418125,0.40113,85.35,35.89,2106.25,second rest
2013-06-30 10:35:00.500,3.75,9.0,64.0,-64.323333,0.404972,85.42,35.89,2106.5,second rest
2013-06-30 10:35:00.750,3.75,9.0,64.0,-43.219375,0.40113,85.49,35.89,2106.75,second rest
2013-06-30 10:35:01.000,3.875,9.0,64.0,-26.314375,0.403692,85.55,35.89,2107.0,second rest
2013-06-30 10:35:01.250,3.875,9.0,64.0,-73.244667,0.403692,85.61,35.89,2107.25,second rest
2013-06-30 10:35:01.500,3.625,9.0,64.0,120.04875,0.40113,85.66,35.89,2107.5,second rest
2013-06-30 10:35:01.750,3.25,9.0,64.0,109.625333,0.402411,85.72,35.89,2107.75,second rest
2013-06-30 10:35:02.000,3.375,9.0,64.0,-69.094375,0.39985,85.77,35.87,2108.0,second rest
2013-06-30 10:35:02.250,3.75,9.0,64.0,-101.875625,0.40113,85.82,35.87,2108.25,second rest
2013-06-30 10:35:02.500,3.75,9.0,64.0,-13.415333,0.40113,85.88,35.87,2108.5,second rest
2013-06-30 10:35:02.750,3.625,9.0,64.0,110.566875,0.40113,85.93,35.87,2108.75,second rest
2013-06-30 10:35:03.000,3.875,9.0,64.0,80.439375,0.39985,85.98,35.91,2109.0,second rest
2013-06-30 10:35:03.250,4.0,9.0,64.0,-32.910667,0.397288,86.03,35.91,2109.25,second rest
2013-06-30 10:35:03.500,3.778,9.0,64.0,-18.19625,0.396007,86.08,35.91,2109.5,second rest
2013-06-30 10:35:03.750,3.75,9.0,64.0,24.166,0.397288,86.13,35.91,2109.75,second rest
2013-06-30 10:35:04.000,3.5,9.0,64.0,8.731875,0.396007,86.17,35.91,2110.0,second rest
2013-06-30 10:35:04.250,3.5,9.0,64.0,56.30625,0.398569,86.21,35.91,2110.25,second rest
2013-06-30 10:35:04.500,3.125,9.0,64.0,43.948667,0.398569,86.25,35.91,2110.5,second rest
2013-06-30 10:35:04.750,3.25,9.0,64.0,35.465,0.396007,86.28,35.91,2110.75,second rest
2013-06-30 10:35:05.000,3.5,9.0,64.0,-49.43375,0.39985,86.32,35.89,2111.0,second rest
2013-06-30 10:35:05.250,3.75,9.0,64.0,-32.264667,0.398569,86.36,35.89,2111.25,second rest
2013-06-30 10:35:05.500,3.75,9.0,64.0,51.089375,0.398569,86.39,35.89,2111.5,second rest
2013-06-30 10:35:05.750,3.875,9.0,64.0,36.373333,0.398569,86.43,35.89,2111.75,second rest
2013-06-30 10:35:06.000,4.0,9.0,64.0,1.03375,0.398569,86.45,35.87,2112.0,second rest
2013-06-30 10:35:06.250,3.75,9.0,64.0,11.469375,0.397288,86.46,35.87,2112.25,second rest
2013-06-30 10:35:06.500,3.875,9.0,64.0,-2.701333,0.397288,86.47,35.87,2112.5,second rest
2013-06-30 10:35:06.750,3.625,9.0,64.0,5.433125,0.393446,86.48,35.87,2112.75,second rest
2013-06-30 10:35:07.000,3.5,9.0,64.0,-49.57875,0.392165,86.48,35.89,2113.0,second rest
2013-06-30 10:35:07.250,3.125,9.0,64.0,-0.294667,0.392165,86.49,35.89,2113.25,second rest
2013-06-30 10:35:07.500,3.556,9.111,64.0,62.164375,0.389604,86.5,35.89,2113.5,second rest
2013-06-30 10:35:07.750,3.625,9.0,64.0,-36.531333,0.392165,86.51,35.89,2113.75,second rest
2013-06-30 10:35:08.000,3.75,9.0,64.0,-15.98,0.394727,86.52,35.89,2114.0,second rest
2013-06-30 10:35:08.250,3.875,9.0,64.0,-1.97375,0.397288,86.53,35.89,2114.25,second rest
2013-06-30 10:35:08.500,3.75,9.0,64.0,-6.412667,0.392165,86.54,35.89,2114.5,second rest
2013-06-30 10:35:08.750,3.5,9.0,64.0,2.415625,0.392165,86.54,35.89,2114.75,second rest
2013-06-30 10:35:09.000,3.75,9.0,64.0,-17.475625,0.393446,86.55,35.87,2115.0,second rest
2013-06-30 10:35:09.250,3.75,9.0,64.0,29.747333,0.389604,86.56,35.87,2115.25,second rest
2013-06-30 10:35:09.500,3.5,9.0,64.0,-9.905625,0.389604,86.56,35.87,2115.5,second rest
2013-06-30 10:35:09.750,3.375,9.0,64.0,-29.764667,0.390885,86.57,35.87,2115.75,second rest
2013-06-30 10:35:10.000,3.375,9.0,64.0,8.115625,0.389604,86.57,35.91,2116.0,second rest
2013-06-30 10:35:10.250,3.5,9.0,64.0,-17.995625,0.388323,86.57,35.91,2116.25,second rest
2013-06-30 10:35:10.500,3.625,9.0,64.0,22.549333,0.390885,86.57,35.91,2116.5,second rest
2013-06-30 10:35:10.750,3.625,9.0,64.0,-2.12125,0.388323,86.57,35.91,2116.75,second rest
2013-06-30 10:35:11.000,4.0,9.0,64.0,-10.09625,0.392165,86.57,35.89,2117.0,second rest
2013-06-30 10:35:11.250,3.667,9.0,64.0,14.186667,0.389604,86.57,35.89,2117.25,second rest
2013-06-30 10:35:11.500,3.625,9.0,64.0,-16.22375,0.390885,86.57,35.89,2117.5,second rest
2013-06-30 10:35:11.750,3.625,9.0,64.0,12.509333,0.387042,86.57,35.89,2117.75,second rest
2013-06-30 10:35:12.000,3.625,9.0,64.0,7.651875,0.389604,86.57,35.89,2118.0,second rest
2013-06-30 10:35:12.250,3.5,9.0,64.0,-25.9525,0.388323,86.57,35.89,2118.25,second rest
2013-06-30 10:35:12.500,3.75,9.0,64.0,14.762667,0.388323,86.58,35.89,2118.5,second rest
2013-06-30 10:35:12.750,3.25,9.0,64.0,-4.1,0.387042,86.58,35.89,2118.75,second rest
2013-06-30 10:35:13.000,3.0,9.0,64.0,-3.883125,0.387042,86.58,35.89,2119.0,second rest
2013-06-30 10:35:13.250,3.25,9.0,64.0,10.194,0.388323,86.58,35.89,2119.25,second rest
2013-06-30 10:35:13.500,3.625,9.0,64.0,-19.950625,0.387042,86.58,35.89,2119.5,second rest
2013-06-30 10:35:13.750,3.75,9.0,64.0,6.521333,0.388323,86.58,35.89,2119.75,second rest
2013-06-30 10:35:14.000,3.5,9.0,64.0,0.326875,0.385762,86.58,35.89,2120.0,second rest
2013-06-30 10:35:14.250,3.875,9.0,64.0,-16.321875,0.388323,86.58,35.89,2120.25,second rest
2013-06-30 10:35:14.500,3.75,9.0,64.0,15.574,0.387042,86.58,35.89,2120.5,second rest
2013-06-30 10:35:14.750,3.5,9.0,64.0,-11.82,0.389604,86.58,35.89,2120.75,second rest
2013-06-30 10:35:15.000,4.0,9.0,64.0,7.900625,0.392165,86.58,35.89,2121.0,second rest
2013-06-30 10:35:15.250,3.889,9.0,64.0,8.38,0.392165,86.58,35.89,2121.25,second rest
2013-06-30 10:35:15.500,3.875,9.0,64.0,-11.155625,0.389604,86.59,35.89,2121.5,second rest
2013-06-30 10:35:15.750,3.625,9.0,64.0,-20.934667,0.390885,86.59,35.89,2121.75,second rest
2013-06-30 10:35:16.000,3.5,9.0,64.0,21.799375,0.384481,86.6,35.84,2122.0,second rest
2013-06-30 10:35:16.250,3.375,9.0,64.0,-14.72125,0.384481,86.61,35.84,2122.25,second rest
2013-06-30 10:35:16.500,3.5,9.0,64.0,-5.86,0.388323,86.61,35.84,2122.5,second rest
2013-06-30 10:35:16.750,3.625,9.0,64.0,22.5575,0.388323,86.62,35.84,2122.75,second rest
2013-06-30 10:35:17.000,3.75,9.0,64.0,-13.55375,0.389604,86.62,35.89,2123.0,second rest
2013-06-30 10:35:17.250,3.875,9.0,64.0,-7.243333,0.385762,86.62,35.89,2123.25,second rest
2013-06-30 10:35:17.500,3.875,9.0,64.0,25.329375,0.388323,86.61,35.89,2123.5,second rest
2013-06-30 10:35:17.750,3.875,9.0,64.0,-2.330667,0.3832,86.61,35.89,2123.75,second rest
2013-06-30 10:35:18.000,3.625,9.0,64.0,-35.381875,0.387042,86.6,35.91,2124.0,second rest
2013-06-30 10:35:18.250,3.875,9.0,64.0,24.455625,0.3832,86.6,35.91,2124.25,second rest
2013-06-30 10:35:18.500,4.0,9.0,64.0,5.724667,0.38192,86.6,35.91,2124.5,second rest
2013-06-30 10:35:18.750,3.875,9.0,64.0,-21.71875,0.384481,86.6,35.91,2124.75,second rest
2013-06-30 10:35:19.000,3.889,9.0,64.0,21.24,0.3832,86.6,35.89,2125.0,second rest
2013-06-30 10:35:19.250,3.5,9.0,64.0,-6.772667,0.387042,86.6,35.89,2125.25,second rest
2013-06-30 10:35:19.500,3.625,9.0,64.0,-12.19625,0.384481,86.6,35.89,2125.5,second rest
2013-06-30 10:35:19.750,3.375,9.0,64.0,21.622667,0.38192,86.59,35.89,2125.75,second rest
2013-06-30 10:35:20.000,3.375,9.0,64.0,-13.42625,0.380639,86.58,35.89,2126.0,second rest
2013-06-30 10:35:20.250,3.75,9.0,64.0,-8.421875,0.385762,86.56,35.89,2126.25,second rest
2013-06-30 10:35:20.500,4.0,9.0,64.0,18.010667,0.384481,86.54,35.89,2126.5,second rest
2013-06-30 10:35:20.750,3.75,9.0,64.0,-17.815,0.387042,86.53,35.89,2126.75,second rest
2013-06-30 10:35:21.000,3.875,9.0,64.0,2.41125,0.384481,86.55,35.89,2127.0,second rest
2013-06-30 10:35:21.250,3.75,9.0,64.0,15.471333,0.385762,86.61,35.89,2127.25,second rest
2013-06-30 10:35:21.500,3.75,9.0,64.0,-25.526875,0.384481,86.69,35.89,2127.5,second rest
2013-06-30 10:35:21.750,3.875,9.0,64.0,7.499333,0.384481,86.78,35.89,2127.75,second rest
2013-06-30 10:35:22.000,3.875,9.0,64.0,11.178125,0.384481,86.87,35.89,2128.0,second rest
2013-06-30 10:35:22.250,3.625,9.0,64.0,-27.9875,0.384481,86.94,35.89,2128.25,second rest
2013-06-30 10:35:22.500,3.5,9.0,64.0,23.326667,0.3832,87.0,35.89,2128.5,second rest
2013-06-30 10:35:22.750,3.625,9.0,64.0,3.240625,0.38192,87.05,35.89,2128.75,second rest
2013-06-30 10:35:23.000,3.556,9.0,64.0,-26.35125,0.384481,87.1,35.89,2129.0,second rest
2013-06-30 10:35:23.250,3.625,9.0,64.0,28.074667,0.380639,87.15,35.89,2129.25,second rest
2013-06-30 10:35:23.500,3.875,9.0,64.0,-4.956875,0.38192,87.19,35.89,2129.5,second rest
2013-06-30 10:35:23.750,3.75,9.0,64.0,-22.427333,0.3832,87.24,35.89,2129.75,second rest
2013-06-30 10:35:24.000,3.5,9.0,64.0,28.53375,0.380639,87.28,35.87,2130.0,second rest
2013-06-30 10:35:24.250,3.75,9.0,64.0,-9.188125,0.380639,87.32,35.87,2130.25,second rest
2013-06-30 10:35:24.500,3.75,9.0,64.0,-2.851333,0.38192,87.35,35.87,2130.5,second rest
2013-06-30 10:35:24.750,3.75,9.0,64.0,23.8125,0.38192,87.38,35.87,2130.75,second rest
2013-06-30 10:35:25.000,3.75,9.0,64.0,-17.194375,0.3832,87.4,35.87,2131.0,second rest
2013-06-30 10:35:25.250,4.0,9.0,64.0,6.17,0.38192,87.42,35.87,2131.25,second rest
2013-06-30 10:35:25.500,3.5,9.0,64.0,16.35125,0.3832,87.44,35.87,2131.5,second rest
2013-06-30 10:35:25.750,3.625,9.0,64.0,-23.995333,0.380639,87.46,35.87,2131.75,second rest
2013-06-30 10:35:26.000,3.25,9.0,64.0,19.85875,0.379358,87.47,35.89,2132.0,second rest
2013-06-30 10:35:26.250,3.625,9.0,64.0,4.133125,0.378077,87.48,35.89,2132.25,second rest
2013-06-30 10:35:26.500,3.375,9.0,64.0,-30.021333,0.378077,87.48,35.89,2132.5,second rest
2013-06-30 10:35:26.750,3.444,9.0,64.0,26.8175,0.375516,87.48,35.89,2132.75,second rest
2013-06-30 10:35:27.000,3.5,9.0,64.0,-1.585625,0.378077,87.48,35.87,2133.0,second rest
2013-06-30 10:35:27.250,4.0,9.0,64.0,-30.034667,0.380639,87.47,35.87,2133.25,second rest
2013-06-30 10:35:27.500,3.625,9.0,64.0,25.27,0.376797,87.47,35.87,2133.5,second rest
2013-06-30 10:35:27.750,3.75,9.0,64.0,-0.654667,0.376797,87.46,35.87,2133.75,second rest
2013-06-30 10:35:28.000,3.375,9.0,64.0,-20.7,0.372955,87.45,35.89,2134.0,second rest
2013-06-30 10:35:28.250,3.5,9.0,64.0,22.095,0.376797,87.44,35.89,2134.25,second rest
2013-06-30 10:35:28.500,3.75,9.0,64.0,-6.436,0.376797,87.44,35.89,2134.5,second rest
2013-06-30 10:35:28.750,3.25,9.0,64.0,-14.359375,0.375516,87.43,35.89,2134.75,second rest
2013-06-30 10:35:29.000,3.375,9.0,64.0,14.81625,0.376797,87.42,35.84,2135.0,second rest
2013-06-30 10:35:29.250,3.75,9.0,64.0,-15.484667,0.372955,87.41,35.84,2135.25,second rest
2013-06-30 10:35:29.500,3.75,9.0,64.0,8.24625,0.375516,87.39,35.84,2135.5,second rest
2013-06-30 10:35:29.750,3.625,9.0,64.0,6.314,0.371674,87.37,35.84,2135.75,second rest
2013-06-30 10:35:30.000,3.625,9.0,64.0,-27.67875,0.372955,87.35,35.84,2136.0,second rest
2013-06-30 10:35:30.250,3.75,9.0,64.0,25.73375,0.374235,87.33,35.84,2136.25,second rest
2013-06-30 10:35:30.500,3.875,9.0,64.0,-2.754667,0.374235,87.32,35.84,2136.5,second rest
2013-06-30 10:35:30.750,3.556,9.0,64.0,-22.645,0.374235,87.31,35.84,2136.75,second rest
2013-06-30 10:35:31.000,3.5,9.0,64.0,24.79625,0.378077,87.3,35.87,2137.0,second rest
2013-06-30 10:35:31.250,3.375,9.0,64.0,-8.78,0.375516,87.29,35.87,2137.25,second rest
2013-06-30 10:35:31.500,3.0,9.0,64.0,2.366875,0.379358,87.28,35.87,2137.5,second rest
2013-06-30 10:35:31.750,3.5,9.0,64.0,17.060667,0.375516,87.28,35.87,2137.75,second rest
2013-06-30 10:35:32.000,3.5,9.0,64.0,-23.941875,0.375516,87.27,35.83,2138.0,second rest
2013-06-30 10:35:32.250,3.625,9.0,64.0,13.07125,0.375516,87.26,35.83,2138.25,second rest
2013-06-30 10:35:32.500,3.875,9.0,64.0,6.166667,0.375516,87.26,35.83,2138.5,second rest
2013-06-30 10:35:32.750,3.875,9.0,64.0,-18.418125,0.375516,87.25,35.83,2138.75,second rest
2013-06-30 10:35:33.000,4.0,9.0,64.0,18.11625,0.375516,87.25,35.84,2139.0,second rest
2013-06-30 10:35:33.250,3.625,9.0,64.0,-15.303333,0.375516,87.25,35.84,2139.25,second rest
2013-06-30 10:35:33.500,3.75,9.0,64.0,6.623125,0.374235,87.26,35.84,2139.5,second rest
2013-06-30 10:35:33.750,3.5,9.0,64.0,10.438667,0.375516,87.26,35.84,2139.75,second rest
2013-06-30 10:35:34.000,3.625,9.0,64.0,-33.155625,0.372955,87.27,35.84,2140.0,second rest
2013-06-30 10:35:34.250,3.5,9.0,64.0,28.27375,0.374235,87.28,35.84,2140.25,second rest
2013-06-30 10:35:34.500,3.556,9.0,64.0,1.781333,0.372955,87.28,35.84,2140.5,second rest
2013-06-30 10:35:34.750,3.75,9.0,64.0,-17.73,0.375516,87.29,35.84,2140.75,second rest
2013-06-30 10:35:35.000,3.625,9.0,64.0,24.835625,0.375516,87.3,35.84,2141.0,second rest
2013-06-30 10:35:35.250,3.75,9.0,64.0,-11.784,0.371674,87.31,35.84,2141.25,second rest
2013-06-30 10:35:35.500,3.75,9.0,64.0,-2.054375,0.371674,87.32,35.84,2141.5,second rest
2013-06-30 10:35:35.750,3.875,9.0,64.0,14.884,0.372955,87.32,35.84,2141.75,second rest
2013-06-30 10:35:36.000,3.75,9.0,64.0,-23.77875,0.374235,87.33,35.87,2142.0,second rest
2013-06-30 10:35:36.250,3.875,9.0,64.0,16.335625,0.371674,87.34,35.87,2142.25,second rest
2013-06-30 10:35:36.500,3.875,9.0,64.0,2.081333,0.367832,87.34,35.87,2142.5,second rest
2013-06-30 10:35:36.750,3.375,9.0,64.0,-16.974375,0.369112,87.35,35.87,2142.75,second rest
2013-06-30 10:35:37.000,3.25,9.0,64.0,21.9475,0.366551,87.35,35.87,2143.0,second rest
2013-06-30 10:35:37.250,3.625,9.0,64.0,-19.804,0.367832,87.36,35.87,2143.25,second rest
2013-06-30 10:35:37.500,3.75,9.0,64.0,3.333125,0.367832,87.36,35.87,2143.5,second rest
2013-06-30 10:35:37.750,3.625,9.0,64.0,12.762,0.367832,87.37,35.87,2143.75,second rest
2013-06-30 10:35:38.000,3.875,9.0,64.0,-34.356875,0.366551,87.37,35.89,2144.0,second rest
2013-06-30 10:35:38.250,4.0,9.0,64.0,23.161875,0.367832,87.37,35.89,2144.25,second rest
2013-06-30 10:35:38.500,3.778,9.0,64.0,6.240667,0.369112,87.37,35.89,2144.5,second rest
2013-06-30 10:35:38.750,4.0,9.0,64.0,-34.95375,0.366551,87.37,35.89,2144.75,second rest
2013-06-30 10:35:39.000,4.0,9.0,64.0,30.075625,0.366551,87.37,35.87,2145.0,second rest
2013-06-30 10:35:39.250,3.75,9.0,64.0,-1.758,0.370393,87.37,35.87,2145.25,second rest
2013-06-30 10:35:39.500,3.125,9.0,64.0,-23.979375,0.370393,87.36,35.87,2145.5,second rest
2013-06-30 10:35:39.750,3.25,9.0,64.0,20.945333,0.367832,87.36,35.87,2145.75,second rest
2013-06-30 10:35:40.000,3.625,9.0,64.0,-15.488125,0.366551,87.35,35.89,2146.0,second rest
2013-06-30 10:35:40.250,4.0,9.0,64.0,18.089375,0.367832,87.35,35.89,2146.25,second rest
2013-06-30 10:35:40.500,3.875,9.0,64.0,5.153333,0.366551,87.34,35.89,2146.5,second rest
2013-06-30 10:35:40.750,3.75,9.0,64.0,-37.039375,0.36399,87.34,35.89,2146.75,second rest
2013-06-30 10:35:41.000,3.75,9.0,64.0,30.429375,0.36399,87.33,35.87,2147.0,second rest
2013-06-30 10:35:41.250,3.75,9.0,64.0,-2.664667,0.36399,87.32,35.87,2147.25,second rest
2013-06-30 10:35:41.500,3.75,9.0,64.0,-12.34625,0.36527,87.32,35.87,2147.5,second rest
2013-06-30 10:35:41.750,3.875,9.0,64.0,21.64,0.367832,87.31,35.87,2147.75,second rest
2013-06-30 10:35:42.000,3.5,9.0,64.0,-19.685625,0.369112,87.3,35.89,2148.0,second rest
2013-06-30 10:35:42.250,3.444,9.0,64.0,21.643125,0.366551,87.29,35.89,2148.25,second rest
2013-06-30 10:35:42.500,3.375,9.0,64.0,14.807333,0.36527,87.29,35.89,2148.5,second rest
2013-06-30 10:35:42.750,3.75,9.0,64.0,-32.554375,0.361428,87.28,35.89,2148.75,second rest
2013-06-30 10:35:43.000,3.75,9.0,64.0,16.119375,0.362709,87.27,35.87,2149.0,second rest
2013-06-30 10:35:43.250,3.75,9.0,64.0,-9.093333,0.36399,87.26,35.87,2149.25,second rest
2013-06-30 10:35:43.500,3.75,9.0,64.0,5.429375,0.361428,87.25,35.87,2149.5,second rest
2013-06-30 10:35:43.750,3.875,9.0,64.0,11.341333,0.362709,87.23,35.87,2149.75,second rest
2013-06-30 10:35:44.000,3.875,9.0,64.0,-24.7125,0.360147,87.22,35.89,2150.0,second rest
2013-06-30 10:35:44.250,3.625,9.0,64.0,25.906875,0.36399,87.2,35.89,2150.25,second rest
2013-06-30 10:35:44.500,3.875,9.0,64.0,-6.795333,0.362709,87.19,35.89,2150.5,second rest
2013-06-30 10:35:44.750,3.625,9.0,64.0,-9.814375,0.36527,87.17,35.89,2150.75,second rest
2013-06-30 10:35:45.000,3.5,9.0,64.0,9.46,0.361428,87.15,35.87,2151.0,second rest
2013-06-30 10:35:45.250,3.25,9.0,64.0,-26.093333,0.36399,87.13,35.87,2151.25,second rest
2013-06-30 10:35:45.500,3.25,9.0,64.0,20.470625,0.36399,87.11,35.87,2151.5,second rest
2013-06-30 10:35:45.750,3.5,9.0,64.0,-8.311333,0.361428,87.1,35.87,2151.75,second rest
2013-06-30 10:35:46.000,3.875,9.0,64.0,-12.699375,0.358867,87.08,35.89,2152.0,second rest
2013-06-30 10:35:46.250,3.778,9.0,64.0,15.079375,0.360147,87.07,35.89,2152.25,second rest
2013-06-30 10:35:46.500,3.875,9.0,64.0,-31.98,0.361428,87.05,35.89,2152.5,second rest
2013-06-30 10:35:46.750,3.75,9.0,64.0,17.160625,0.360147,87.04,35.89,2152.75,second rest
2013-06-30 10:35:47.000,4.0,9.0,64.0,7.65,0.361428,87.02,35.89,2153.0,second rest
2013-06-30 10:35:47.250,4.0,9.0,64.0,-38.538,0.360147,87.0,35.89,2153.25,second rest
2013-06-30 10:35:47.500,3.75,9.0,64.0,33.248125,0.360147,86.98,35.89,2153.5,second rest
2013-06-30 10:35:47.750,3.875,9.0,64.0,5.690667,0.36399,86.95,35.89,2153.75,second rest
2013-06-30 10:35:48.000,3.5,9.0,64.0,-30.435625,0.36399,86.93,35.89,2154.0,second rest
2013-06-30 10:35:48.250,3.0,9.0,64.0,33.263125,0.36399,86.91,35.89,2154.25,second rest
2013-06-30 10:35:48.500,3.0,9.0,64.0,-0.872667,0.360147,86.89,35.89,2154.5,second rest
2013-06-30 10:35:48.750,3.125,9.0,64.0,-19.898125,0.357586,86.87,35.89,2154.75,second rest
2013-06-30 10:35:49.000,2.625,9.25,63.875,22.775,0.36399,86.85,35.89,2155.0,second rest
2013-06-30 10:35:49.250,1.25,9.125,63.75,-11.872667,0.362709,86.83,35.89,2155.25,second rest
2013-06-30 10:35:49.500,13.375,8.625,62.75,14.861875,0.362709,86.8,35.89,2155.5,second rest
2013-06-30 10:35:49.750,18.25,9.5,61.25,7.792667,0.362709,86.77,35.89,2155.75,second rest
2013-06-30 10:35:50.000,8.444,9.556,60.0,-35.216875,0.362709,86.75,35.91,2156.0,second rest
2013-06-30 10:35:50.250,-0.375,2.375,65.375,32.6275,0.358867,86.73,35.91,2156.25,second rest
2013-06-30 10:35:50.500,13.125,-4.375,65.125,0.222667,0.357586,86.71,35.91,2156.5,second rest
2013-06-30 10:35:50.750,13.875,-3.875,62.25,-23.585625,0.358867,86.69,35.91,2156.75,second rest
2013-06-30 10:35:51.000,12.125,-4.0,63.0,28.12625,0.356305,86.67,35.91,2157.0,second rest
2013-06-30 10:35:51.250,10.875,-4.0,63.125,-6.196,0.360147,86.65,35.91,2157.25,second rest
2013-06-30 10:35:51.500,11.5,-4.0,63.25,-5.006875,0.358867,86.62,35.91,2157.5,second rest
2013-06-30 10:35:51.750,11.375,-3.625,63.375,21.918667,0.357586,86.6,35.91,2157.75,second rest
2013-06-30 10:35:52.000,10.125,-3.125,64.0,-16.196875,0.357586,86.57,35.91,2158.0,second rest
2013-06-30 10:35:52.250,10.0,-3.875,63.75,4.408125,0.357586,86.55,35.91,2158.25,second rest
2013-06-30 10:35:52.500,10.0,-4.25,63.875,15.992,0.357586,86.52,35.91,2158.5,second rest
2013-06-30 10:35:52.750,9.875,-4.25,64.0,-23.14625,0.357586,86.5,35.91,2158.75,second rest
2013-06-30 10:35:53.000,9.75,-4.375,64.0,13.65375,0.360147,86.48,35.89,2159.0,second rest
2013-06-30 10:35:53.250,9.375,-4.875,64.0,9.280667,0.357586,86.46,35.89,2159.25,second rest
2013-06-30 10:35:53.500,9.0,-5.0,64.0,-34.669375,0.358867,86.44,35.89,2159.5,second rest
2013-06-30 10:35:53.750,9.0,-5.0,64.0,25.648667,0.357586,86.42,35.89,2159.75,second rest
2013-06-30 10:35:54.000,9.0,-5.0,64.0,7.058125,0.357586,86.4,35.89,2160.0,second rest
2013-06-30 10:35:54.250,9.0,-5.0,64.0,-38.1575,0.355025,86.38,35.89,2160.25,second rest
2013-06-30 10:35:54.500,9.0,-5.0,64.0,30.780667,0.355025,86.35,35.89,2160.5,second rest
2013-06-30 10:35:54.750,8.875,-5.0,64.0,9.55875,0.356305,86.33,35.89,2160.75,second rest
2013-06-30 10:35:55.000,9.0,-5.0,64.0,-42.9825,0.356305,86.3,35.91,2161.0,second rest
2013-06-30 10:35:55.250,9.0,-5.0,63.875,29.278,0.356305,86.27,35.91,2161.25,second rest
2013-06-30 10:35:55.500,9.0,-5.0,64.0,13.468125,0.353744,86.25,35.91,2161.5,second rest
2013-06-30 10:35:55.750,9.0,-5.0,64.0,-38.720667,0.355025,86.23,35.91,2161.75,second rest
2013-06-30 10:35:56.000,9.0,-5.0,64.0,17.040625,0.352463,86.2,35.91,2162.0,second rest
2013-06-30 10:35:56.250,9.0,-5.0,64.0,11.435,0.356305,86.17,35.91,2162.25,second rest
2013-06-30 10:35:56.500,9.125,-5.0,64.0,-30.672,0.351182,86.15,35.91,2162.5,second rest
2013-06-30 10:35:56.750,9.25,-5.0,64.0,26.675625,0.356305,86.12,35.91,2162.75,second rest
2013-06-30 10:35:57.000,9.0,-5.0,64.0,2.14625,0.352463,86.1,35.91,2163.0,second rest
2013-06-30 10:35:57.250,9.0,-5.0,64.0,-44.521333,0.353744,86.08,35.91,2163.25,second rest
2013-06-30 10:35:57.500,9.125,-5.0,64.0,32.514375,0.353744,86.06,35.91,2163.5,second rest
2013-06-30 10:35:57.750,9.111,-5.0,64.0,5.000667,0.352463,86.04,35.91,2163.75,second rest
2013-06-30 10:35:58.000,9.375,-5.0,64.0,-36.959375,0.352463,86.02,35.91,2164.0,second rest
2013-06-30 10:35:58.250,9.375,-5.0,64.0,33.37,0.351182,86.0,35.91,2164.25,second rest
2013-06-30 10:35:58.500,9.25,-5.0,64.0,2.243333,0.353744,85.98,35.91,2164.5,second rest
2013-06-30 10:35:58.750,9.125,-5.0,63.875,-29.858125,0.351182,85.95,35.91,2164.75,second rest
2013-06-30 10:35:59.000,9.375,-4.875,64.0,30.571875,0.352463,85.93,35.89,2165.0,second rest
2013-06-30 10:35:59.250,9.375,-5.0,64.0,0.705333,0.352463,85.91,35.89,2165.25,second rest
2013-06-30 10:35:59.500,9.5,-5.0,64.0,-32.985,0.353744,85.89,35.89,2165.5,second rest
2013-06-30 10:35:59.750,9.5,-5.0,64.0,28.332667,0.352463,85.87,35.89,2165.75,second rest
2013-06-30 10:36:00.000,9.375,-5.0,64.0,-0.52875,0.352463,85.85,35.89,2166.0,second rest
2013-06-30 10:36:00.250,9.375,-5.0,64.0,-10.31,0.349902,85.83,35.89,2166.25,second rest
2013-06-30 10:36:00.500,9.25,-5.0,64.0,23.326,0.349902,85.82,35.89,2166.5,second rest
2013-06-30 10:36:00.750,9.375,-5.0,64.0,-19.585,0.351182,85.81,35.89,2166.75,second rest
2013-06-30 10:36:01.000,9.375,-5.0,63.875,-11.190625,0.353744,85.8,35.89,2167.0,second rest
2013-06-30 10:36:01.250,9.375,-5.0,64.0,24.485333,0.352463,85.79,35.89,2167.25,second rest
2013-06-30 10:36:01.500,9.0,-5.0,64.0,-17.921875,0.348621,85.79,35.89,2167.5,second rest
2013-06-30 10:36:01.750,9.333,-5.0,63.889,-3.906,0.349902,85.78,35.89,2167.75,second rest
2013-06-30 10:36:02.000,9.25,-5.0,64.0,26.384375,0.349902,85.78,35.87,2168.0,second rest
2013-06-30 10:36:02.250,9.125,-5.0,64.0,-16.50625,0.351182,85.77,35.87,2168.25,second rest
2013-06-30 10:36:02.500,9.375,-5.0,64.0,-6.706,0.348621,85.77,35.87,2168.5,second rest
2013-06-30 10:36:02.750,9.125,-5.0,64.0,25.98875,0.34734,85.76,35.87,2168.75,second rest
2013-06-30 10:36:03.000,9.125,-5.0,64.0,-14.200625,0.348621,85.75,35.87,2169.0,second rest
2013-06-30 10:36:03.250,9.125,-5.0,64.0,11.332,0.351182,85.74,35.87,2169.25,second rest
2013-06-30 10:36:03.500,9.375,-5.0,64.0,19.099375,0.34734,85.74,35.87,2169.5,second rest
2013-06-30 10:36:03.750,9.25,-5.0,64.0,-30.784667,0.34734,85.73,35.87,2169.75,second rest
2013-06-30 10:36:04.000,9.75,-5.0,64.0,14.04875,0.351182,85.73,35.87,2170.0,second rest
2013-06-30 10:36:04.250,10.125,-5.0,63.625,19.629375,0.348621,85.73,35.87,2170.25,second rest
2013-06-30 10:36:04.500,10.0,-5.125,63.5,-30.894667,0.34734,85.74,35.87,2170.5,second rest
2013-06-30 10:36:04.750,10.75,-4.625,63.375,11.76375,0.349902,85.74,35.87,2170.75,second rest
2013-06-30 10:36:05.000,10.375,-4.25,63.75,18.90875,0.348621,85.75,35.87,2171.0,second rest
2013-06-30 10:36:05.250,6.125,-5.375,64.0,-29.47,0.34606,85.75,35.87,2171.25,second rest
2013-06-30 10:36:05.500,6.333,-6.667,64.0,8.300625,0.351182,85.76,35.87,2171.5,second rest
2013-06-30 10:36:05.750,5.0,-6.625,63.75,15.092667,0.34734,85.76,35.87,2171.75,second rest
2013-06-30 10:36:06.000,9.625,-7.25,63.625,-26.26125,0.34606,85.77,35.84,2172.0,second rest
2013-06-30 10:36:06.250,3.875,-7.25,64.375,11.714375,0.34734,85.78,35.84,2172.25,second rest
2013-06-30 10:36:06.500,9.25,-3.75,63.75,10.722,0.34734,85.79,35.84,2172.5,second rest
2013-06-30 10:36:06.750,7.5,-4.875,64.25,-34.155,0.352463,85.8,35.84,2172.75,second rest
2013-06-30 10:36:07.000,8.25,-4.125,63.625,22.639375,0.349902,85.82,35.84,2173.0,second rest
2013-06-30 10:36:07.250,8.125,-2.375,64.0,8.204,0.352463,85.84,35.84,2173.25,second rest
2013-06-30 10:36:07.500,9.75,-1.125,63.5,-42.489375,0.34734,85.86,35.84,2173.5,second rest
2013-06-30 10:36:07.750,14.75,-2.125,63.5,23.267333,0.348621,85.88,35.84,2173.75,second rest
2013-06-30 10:36:08.000,7.875,-2.0,63.375,12.71375,0.348621,85.9,35.84,2174.0,second rest
2013-06-30 10:36:08.250,6.625,-0.75,64.25,-41.16125,0.349902,85.92,35.84,2174.25,second rest
2013-06-30 10:36:08.500,8.625,1.75,64.625,19.831333,0.348621,85.93,35.84,2174.5,second rest
2013-06-30 10:36:08.750,7.25,-1.25,63.75,12.85625,0.344779,85.94,35.84,2174.75,second rest
2013-06-30 10:36:09.000,11.125,-1.875,63.375,-36.925625,0.348621,85.95,36.05,2175.0,second rest
2013-06-30 10:36:09.250,13.0,-1.25,63.25,22.017333,0.344779,85.96,36.05,2175.25,second rest
2013-06-30 10:36:09.500,13.444,-4.444,62.556,5.6775,0.344779,85.96,36.05,2175.5,second rest
2013-06-30 10:36:09.750,12.75,-5.0,62.5,-31.264,0.338375,85.97,36.05,2175.75,second rest
2013-06-30 10:36:10.000,11.625,-5.5,63.0,29.83875,0.334533,85.97,36.03,2176.0,second rest
2013-06-30 10:36:10.250,10.75,-5.625,63.0,-7.091875,0.32813,85.97,36.03,2176.25,second rest
2013-06-30 10:36:10.500,12.0,-5.25,63.25,-20.123333,0.334533,85.97,36.03,2176.5,second rest
2013-06-30 10:36:10.750,12.25,-5.5,63.125,28.848125,0.333252,85.97,36.03,2176.75,second rest
2013-06-30 10:36:11.000,11.875,-5.375,63.0,-16.810625,0.331972,85.97,35.97,2177.0,second rest
2013-06-30 10:36:11.250,12.375,-5.0,63.0,11.261333,0.331972,85.97,35.97,2177.25,second rest
2013-06-30 10:36:11.500,12.625,-5.0,62.875,26.890625,0.333252,85.96,35.97,2177.5,second rest
2013-06-30 10:36:11.750,11.5,-5.0,63.0,-25.881333,0.331972,85.96,35.97,2177.75,second rest
2013-06-30 10:36:12.000,12.125,-4.875,63.75,22.5525,0.326849,85.95,35.93,2178.0,second rest
2013-06-30 10:36:12.250,10.875,-4.625,63.625,14.433125,0.333252,85.94,35.93,2178.25,second rest
2013-06-30 10:36:12.500,10.75,-4.625,63.125,-26.974667,0.333252,85.94,35.93,2178.5,second rest
2013-06-30 10:36:12.750,10.75,-4.0,63.5,31.3375,0.335814,85.94,35.93,2178.75,second rest
2013-06-30 10:36:13.000,10.875,-4.0,63.125,-1.79,0.334533,85.93,35.91,2179.0,second rest
2013-06-30 10:36:13.250,11.667,-4.444,64.0,-30.338,0.333252,85.92,35.91,2179.25,second rest
2013-06-30 10:36:13.500,9.875,-4.375,63.875,29.8175,0.330691,85.92,35.91,2179.5,second rest
2013-06-30 10:36:13.750,9.875,-4.0,63.875,-4.398667,0.334533,85.91,35.91,2179.75,second rest
2013-06-30 10:36:14.000,9.625,-4.0,64.0,-20.84375,0.331972,85.9,35.89,2180.0,second rest
2013-06-30 10:36:14.250,9.875,-4.125,64.0,26.583125,0.337095,85.89,35.89,2180.25,second rest
2013-06-30 10:36:14.500,9.5,-4.125,64.0,5.555333,0.337095,85.88,35.89,2180.5,second rest
2013-06-30 10:36:14.750,9.375,-4.0,64.0,-27.200625,0.334533,85.87,35.89,2180.75,second rest
2013-06-30 10:36:15.000,9.125,-4.0,64.0,-7.893125,0.334533,85.85,35.89,2181.0,second rest
2013-06-30 10:36:15.250,9.375,-4.0,64.0,14.713333,0.333252,85.83,35.89,2181.25,second rest
2013-06-30 10:36:15.500,9.0,-4.0,64.0,-18.105625,0.335814,85.81,35.89,2181.5,second rest
2013-06-30 10:36:15.750,9.25,-4.0,64.0,5.486,0.330691,85.8,35.89,2181.75,second rest
2013-06-30 10:36:16.000,9.0,-4.0,64.0,11.463125,0.334533,85.78,35.91,2182.0,second rest
2013-06-30 10:36:16.250,9.125,-4.0,64.0,-38.085,0.331972,85.77,35.91,2182.25,second rest
2013-06-30 10:36:16.500,9.5,-4.0,64.0,8.044,0.331972,85.76,35.91,2182.5,second rest
2013-06-30 10:36:16.750,9.25,-4.0,64.0,15.229375,0.334533,85.75,35.91,2182.75,second rest
2013-06-30 10:36:17.000,9.375,-4.0,64.0,-37.94,0.337095,85.75,35.91,2183.0,second rest
2013-06-30 10:36:17.250,9.444,-4.0,64.0,16.958667,0.334533,85.75,35.91,2183.25,second rest
2013-06-30 10:36:17.500,9.0,-4.0,64.0,18.945625,0.335814,85.75,35.91,2183.5,second rest
2013-06-30 10:36:17.750,9.375,-4.0,64.0,-31.480667,0.335814,85.75,35.91,2183.75,second rest
2013-06-30 10:36:18.000,9.5,-4.0,64.0,14.610625,0.333252,85.75,35.93,2184.0,second rest
2013-06-30 10:36:18.250,9.25,-4.0,64.0,16.125,0.337095,85.75,35.93,2184.25,second rest
2013-06-30 10:36:18.500,9.125,-4.0,64.0,-31.824667,0.32941,85.75,35.93,2184.5,second rest
2013-06-30 10:36:18.750,9.125,-4.0,64.0,34.39,0.331972,85.75,35.93,2184.75,second rest
2013-06-30 10:36:19.000,9.0,-4.0,64.0,0.71625,0.331972,85.75,35.97,2185.0,second rest
2013-06-30 10:36:19.250,9.125,-4.0,64.0,-38.935333,0.334533,85.75,35.97,2185.25,second rest
2013-06-30 10:36:19.500,9.25,-4.0,64.0,38.756875,0.333252,85.76,35.97,2185.5,second rest
2013-06-30 10:36:19.750,9.125,-4.0,64.0,1.939333,0.335814,85.77,35.97,2185.75,second rest
2013-06-30 10:36:20.000,9.0,-4.0,64.0,-23.844375,0.330691,85.78,35.95,2186.0,second rest
2013-06-30 10:36:20.250,9.25,-4.0,64.0,30.591875,0.32941,85.79,35.95,2186.25,second rest
2013-06-30 10:36:20.500,9.125,-4.0,64.0,-9.273333,0.32813,85.8,35.95,2186.5,second rest
2013-06-30 10:36:20.750,9.0,-4.0,64.0,-11.37625,0.32813,85.81,35.95,2186.75,second rest
2013-06-30 10:36:21.000,9.111,-4.0,64.0,17.826875,0.331972,85.83,35.97,2187.0,second rest
2013-06-30 10:36:21.250,9.125,-4.0,64.0,-24.177333,0.326849,85.85,35.97,2187.25,second rest
2013-06-30 10:36:21.500,9.0,-4.0,64.0,18.5275,0.32941,85.87,35.97,2187.5,second rest
2013-06-30 10:36:21.750,9.375,-4.0,64.0,9.086667,0.32813,85.89,35.97,2187.75,second rest
2013-06-30 10:36:22.000,9.0,-4.0,64.0,-42.50625,0.32941,85.92,35.95,2188.0,second rest
2013-06-30 10:36:22.250,9.25,-4.0,64.0,29.845625,0.326849,85.95,35.95,2188.25,second rest
2013-06-30 10:36:22.500,9.125,-4.0,64.0,9.756667,0.32941,85.98,35.95,2188.5,second rest
2013-06-30 10:36:22.750,9.0,-4.0,64.0,-40.6825,0.32813,86.02,35.95,2188.75,second rest
2013-06-30 10:36:23.000,9.25,-4.0,64.0,34.165,0.325568,86.05,35.97,2189.0,second rest
2013-06-30 10:36:23.250,9.0,-4.0,64.0,7.284,0.326849,86.08,35.97,2189.25,second rest
2013-06-30 10:36:23.500,9.0,-4.0,64.0,-42.2425,0.326849,86.12,35.97,2189.5,second rest
2013-06-30 10:36:23.750,9.125,-4.0,64.0,29.612,0.32941,86.16,35.97,2189.75,second rest
2013-06-30 10:36:24.000,9.0,-4.0,64.0,2.749375,0.32941,86.2,35.93,2190.0,second rest
2013-06-30 10:36:24.250,9.0,-4.0,64.0,-17.930625,0.326849,86.25,35.93,2190.25,second rest
2013-06-30 10:36:24.500,9.0,-4.0,64.0,22.782,0.326849,86.3,35.93,2190.5,second rest
2013-06-30 10:36:24.750,9.0,-4.0,64.0,-20.2225,0.325568,86.35,35.93,2190.75,second rest
2013-06-30 10:36:25.000,9.0,-4.0,64.0,-5.30125,0.326849,86.4,35.89,2191.0,second rest
2013-06-30 10:36:25.250,9.0,-4.0,64.0,14.063333,0.331972,86.44,35.89,2191.25,second rest
2013-06-30 10:36:25.500,9.0,-4.0,64.0,-41.185625,0.338375,86.48,35.89,2191.5,second rest
2013-06-30 10:36:25.750,9.0,-3.875,63.875,16.83,0.338375,86.52,35.89,2191.75,second rest
2013-06-30 10:36:26.000,9.5,-3.875,63.75,14.235625,0.342217,86.55,35.79,2192.0,second rest
2013-06-30 10:36:26.250,9.25,-4.0,64.0,-47.479375,0.343498,86.58,35.79,2192.25,second rest
2013-06-30 10:36:26.500,9.125,-4.0,64.0,34.142,0.344779,86.62,35.79,2192.5,second rest
2013-06-30 10:36:26.750,9.0,-4.0,64.0,19.384375,0.34734,86.65,35.79,2192.75,second rest
2013-06-30 10:36:27.000,9.0,-4.0,64.0,-40.945625,0.34606,86.68,35.71,2193.0,second rest
2013-06-30 10:36:27.250,9.0,-4.0,64.0,37.526667,0.342217,86.71,35.71,2193.25,second rest
2013-06-30 10:36:27.500,9.0,-4.0,64.0,9.35125,0.339656,86.73,35.71,2193.5,second rest
2013-06-30 10:36:27.750,9.25,-4.0,64.0,-24.627333,0.340937,86.75,35.71,2193.75,second rest
2013-06-30 10:36:28.000,9.0,-4.0,64.0,36.23875,0.342217,86.77,35.66,2194.0,second rest
2013-06-30 10:36:28.250,9.0,-4.0,64.0,-9.845625,0.338375,86.78,35.66,2194.25,second rest
2013-06-30 10:36:28.500,9.125,-4.0,64.0,-9.041333,0.337095,86.79,35.66,2194.5,second rest
2013-06-30 10:36:28.750,11.778,-3.667,63.667,29.699375,0.335814,86.81,35.66,2194.75,second rest
2013-06-30 10:36:29.000,10.75,-3.625,63.75,-21.786875,0.325568,86.83,35.68,2195.0,second rest
2013-06-30 10:36:29.250,8.375,-3.75,63.625,13.504667,0.335814,86.87,35.68,2195.25,second rest
2013-06-30 10:36:29.500,7.25,-4.0,64.0,21.11875,0.333252,86.9,35.68,2195.5,second rest
2013-06-30 10:36:29.750,6.625,-5.125,64.0,-30.128,0.334533,86.94,35.68,2195.75,second rest
2013-06-30 10:36:30.000,4.5,-5.0,64.125,14.075625,0.333252,86.95,35.77,2196.0,second rest
2013-06-30 10:36:30.250,6.5,-5.0,63.75,19.275625,0.337095,86.94,35.77,2196.25,second rest
2013-06-30 10:36:30.500,12.875,-4.875,62.875,-35.482,0.335814,86.91,35.77,2196.5,second rest
2013-06-30 10:36:30.750,10.75,-5.0,63.125,9.311875,0.334533,86.86,35.77,2196.75,second rest
2013-06-30 10:36:31.000,10.25,-5.0,63.625,10.6775,0.334533,86.82,35.83,2197.0,second rest
2013-06-30 10:36:31.250,10.0,-5.0,64.0,-36.751333,0.335814,86.78,35.83,2197.25,second rest
2013-06-30 10:36:31.500,9.75,-5.0,64.0,26.475,0.338375,86.74,35.83,2197.5,second rest
2013-06-30 10:36:31.750,9.625,-5.0,64.0,1.629333,0.333252,86.71,35.83,2197.75,second rest
2013-06-30 10:36:32.000,9.25,-5.0,64.0,-41.164375,0.333252,86.67,35.87,2198.0,second rest
2013-06-30 10:36:32.250,9.375,-5.0,64.0,32.698125,0.331972,86.63,35.87,2198.25,second rest
2013-06-30 10:36:32.500,9.375,-5.0,63.875,2.227333,0.330691,86.59,35.87,2198.5,second rest
2013-06-30 10:36:32.750,9.333,-5.0,64.0,-29.365625,0.326849,86.54,35.87,2198.75,second rest
2013-06-30 10:36:33.000,9.25,-5.0,64.0,32.684375,0.32941,86.5,35.89,2199.0,second rest
2013-06-30 10:36:33.250,9.125,-5.0,64.0,-1.949333,0.325568,86.46,35.89,2199.25,second rest
2013-06-30 10:36:33.500,9.0,-5.0,64.0,-22.7225,0.325568,86.41,35.89,2199.5,second rest
2013-06-30 10:36:33.750,9.125,-5.0,64.0,28.034,0.32813,86.37,35.89,2199.75,second rest
2013-06-30 10:36:34.000,9.375,-5.0,64.0,-7.19,0.325568,86.32,35.89,2200.0,second rest
2013-06-30 10:36:34.250,9.125,-5.0,64.0,-6.64125,0.326849,86.27,35.89,2200.25,second rest
2013-06-30 10:36:34.500,9.25,-5.0,64.0,19.458667,0.324287,86.21,35.89,2200.5,second rest
2013-06-30 10:36:34.750,9.5,-5.0,64.0,-21.9475,0.32941,86.16,35.89,2200.75,second rest
2013-06-30 10:36:35.000,9.375,-5.0,64.0,28.740625,0.324287,86.1,35.93,2201.0,second rest
2013-06-30 10:36:35.250,9.0,-5.0,64.0,13.464,0.326849,86.04,35.93,2201.25,second rest
2013-06-30 10:36:35.500,9.375,-5.0,64.0,-61.703125,0.32813,85.99,35.93,2201.5,second rest
2013-06-30 10:36:35.750,9.125,-5.0,64.0,26.903333,0.32813,85.93,35.93,2201.75,second rest
2013-06-30 10:36:36.000,9.0,-5.0,64.0,14.003125,0.326849,85.87,35.91,2202.0,second rest
2013-06-30 10:36:36.250,9.125,-5.0,64.0,-31.4475,0.326849,85.81,35.91,2202.25,second rest
2013-06-30 10:36:36.500,9.111,-5.0,64.0,36.931333,0.325568,85.74,35.91,2202.5,second rest
2013-06-30 10:36:36.750,9.0,-5.0,64.0,7.395,0.324287,85.67,35.91,2202.75,second rest
2013-06-30 10:36:37.000,9.125,-5.0,64.0,-36.325625,0.326849,85.58,35.93,2203.0,second rest
2013-06-30 10:36:37.250,9.125,-5.0,64.0,29.928667,0.323007,85.48,35.93,2203.25,second rest
2013-06-30 10:36:37.500,9.0,-5.0,64.0,3.505625,0.326849,85.37,35.93,2203.5,second rest
2013-06-30 10:36:37.750,9.375,-5.0,64.0,-26.672,0.323007,85.26,35.93,2203.75,second rest
2013-06-30 10:36:38.000,9.25,-5.0,64.0,27.34875,0.32941,85.15,35.91,2204.0,second rest
2013-06-30 10:36:38.250,9.0,-5.0,64.0,-9.025,0.325568,85.05,35.91,2204.25,second rest
2013-06-30 10:36:38.500,9.125,-5.0,64.0,-22.798667,0.32941,84.95,35.91,2204.5,second rest
2013-06-30 10:36:38.750,9.125,-5.0,64.0,28.706875,0.326849,84.86,35.91,2204.75,second rest
2013-06-30 10:36:39.000,9.0,-5.0,64.0,-7.295,0.326849,84.77,35.91,2205.0,second rest
2013-06-30 10:36:39.250,9.125,-5.0,64.0,-24.602,0.324287,84.68,35.91,2205.25,second rest
2013-06-30 10:36:39.500,9.0,-5.0,64.0,22.6975,0.323007,84.59,35.91,2205.5,second rest
2013-06-30 10:36:39.750,9.0,-4.875,64.0,-11.404,0.324287,84.51,35.91,2205.75,second rest
2013-06-30 10:36:40.000,9.0,-5.0,64.0,-21.185625,0.321726,84.42,35.95,2206.0,second rest
2013-06-30 10:36:40.250,9.0,-5.0,64.0,22.669375,0.326849,84.33,35.95,2206.25,second rest
2013-06-30 10:36:40.500,9.0,-5.0,64.0,-12.678,0.323007,84.25,35.95,2206.5,second rest
2013-06-30 10:36:40.750,9.125,-5.0,63.875,7.3275,0.325568,84.17,35.95,2206.75,second rest
2013-06-30 10:36:41.000,9.0,-5.0,64.0,20.2075,0.321726,84.1,35.93,2207.0,second rest
2013-06-30 10:36:41.250,9.0,-5.0,64.0,-34.597333,0.323007,84.03,35.93,2207.25,second rest
2013-06-30 10:36:41.500,9.125,-5.0,64.0,11.67,0.324287,83.97,35.93,2207.5,second rest
2013-06-30 10:36:41.750,9.0,-5.0,64.0,21.146,0.323007,83.92,35.93,2207.75,second rest
2013-06-30 10:36:42.000,9.0,-5.0,64.0,-32.049375,0.324287,83.87,35.91,2208.0,second rest
2013-06-30 10:36:42.250,9.125,-5.0,64.0,14.996875,0.320445,83.82,35.91,2208.25,second rest
2013-06-30 10:36:42.500,9.0,-5.0,64.0,15.567333,0.323007,83.78,35.91,2208.5,second rest
2013-06-30 10:36:42.750,9.0,-5.0,64.0,-35.0275,0.321726,83.75,35.91,2208.75,second rest
2013-06-30 10:36:43.000,9.0,-4.875,64.0,19.43625,0.325568,83.72,35.95,2209.0,second rest
2013-06-30 10:36:43.250,9.0,-5.0,64.0,7.312667,0.321726,83.7,35.95,2209.25,second rest
2013-06-30 10:36:43.500,9.0,-5.0,64.0,-27.940625,0.323007,83.69,35.95,2209.5,second rest
2013-06-30 10:36:43.750,9.125,-5.0,64.0,35.014667,0.320445,83.68,35.95,2209.75,second rest
2013-06-30 10:36:44.000,9.0,-5.0,64.0,-2.69375,0.320445,83.67,35.93,2210.0,second rest
2013-06-30 10:36:44.250,9.0,-5.0,63.889,-28.9225,0.324287,83.66,35.93,2210.25,second rest
2013-06-30 10:36:44.500,9.125,-5.0,64.0,34.85,0.321726,83.65,35.93,2210.5,second rest
2013-06-30 10:36:44.750,9.125,-5.0,64.0,-4.8125,0.323007,83.64,35.93,2210.75,second rest
2013-06-30 10:36:45.000,9.0,-5.0,64.0,-10.625625,0.320445,83.63,35.95,2211.0,second rest
2013-06-30 10:36:45.250,9.125,-5.0,64.0,23.274,0.323007,83.62,35.95,2211.25,second rest
2013-06-30 10:36:45.500,9.125,-5.0,64.0,-16.99625,0.320445,83.61,35.95,2211.5,second rest
2013-06-30 10:36:45.750,9.0,-5.0,64.0,1.774667,0.321726,83.61,35.95,2211.75,second rest
2013-06-30 10:36:46.000,9.0,-4.875,64.0,12.67,0.320445,83.6,35.95,2212.0,second rest
2013-06-30 10:36:46.250,9.0,-5.0,64.0,-31.355,0.321726,83.59,35.95,2212.25,second rest
2013-06-30 10:36:46.500,9.0,-5.0,63.875,31.028,0.319165,83.59,35.95,2212.5,second rest
2013-06-30 10:36:46.750,9.0,-5.0,64.0,1.63375,0.320445,83.58,35.95,2212.75,second rest
2013-06-30 10:36:47.000,9.0,-5.0,63.875,-35.5925,0.321726,83.57,35.97,2213.0,second rest
2013-06-30 10:36:47.250,9.0,-5.0,64.0,36.128667,0.319165,83.56,35.97,2213.25,second rest
2013-06-30 10:36:47.500,9.0,-5.0,64.0,-0.005625,0.320445,83.55,35.97,2213.5,second rest
2013-06-30 10:36:47.750,9.0,-5.0,64.0,-35.396,0.317884,83.54,35.97,2213.75,second rest
2013-06-30 10:36:48.000,9.0,-5.0,64.0,26.9775,0.319165,83.53,35.99,2214.0,second rest
2013-06-30 10:36:48.250,9.0,-5.0,64.0,-9.614375,0.319165,83.52,35.99,2214.25,second rest
2013-06-30 10:36:48.500,9.0,-5.0,64.0,-11.260667,0.321726,83.52,35.99,2214.5,second rest
2013-06-30 10:36:48.750,9.0,-5.0,64.0,16.258125,0.317884,83.52,35.99,2214.75,second rest
2013-06-30 10:36:49.000,9.0,-5.0,64.0,-27.798125,0.317884,83.53,36.07,2215.0,second rest
2013-06-30 10:36:49.250,9.0,-5.0,64.0,24.744667,0.316603,83.54,36.07,2215.25,second rest
2013-06-30 10:36:49.500,9.0,-5.0,64.0,4.39375,0.314042,83.55,36.07,2215.5,second rest
2013-06-30 10:36:49.750,9.0,-5.0,64.0,-46.256,0.315322,83.57,36.07,2215.75,second rest
2013-06-30 10:36:50.000,9.0,-5.0,64.0,37.5425,0.314042,83.58,36.07,2216.0,second rest
2013-06-30 10:36:50.250,9.125,-5.0,64.0,3.7475,0.316603,83.59,36.07,2216.25,second rest
2013-06-30 10:36:50.500,9.0,-5.0,64.0,-28.026667,0.317884,83.6,36.07,2216.5,second rest
2013-06-30 10:36:50.750,9.0,-5.0,64.0,36.135625,0.320445,83.61,36.07,2216.75,second rest
2013-06-30 10:36:51.000,9.0,-5.0,64.0,-7.815625,0.316603,83.62,36.11,2217.0,second rest
2013-06-30 10:36:51.250,9.0,-5.0,64.0,-16.795333,0.319165,83.63,36.11,2217.25,second rest
2013-06-30 10:36:51.500,9.0,-4.875,64.0,24.0075,0.317884,83.65,36.11,2217.5,second rest
2013-06-30 10:36:51.750,9.125,-5.0,64.0,-17.641333,0.319165,83.66,36.11,2217.75,second rest
2013-06-30 10:36:52.000,9.0,-5.0,64.0,12.74875,0.317884,83.67,36.13,2218.0,second rest
2013-06-30 10:36:52.250,9.0,-5.0,64.0,13.569375,0.323007,83.68,36.13,2218.25,second rest
2013-06-30 10:36:52.500,9.0,-5.0,64.0,-44.598667,0.320445,83.69,36.13,2218.5,second rest
2013-06-30 10:36:52.750,9.0,-5.0,64.0,29.950625,0.323007,83.69,36.13,2218.75,second rest
2013-06-30 10:36:53.000,9.0,-5.0,64.0,10.253125,0.324287,83.7,36.11,2219.0,second rest
2013-06-30 10:36:53.250,9.0,-5.0,64.0,-42.468,0.320445,83.7,36.11,2219.25,second rest
2013-06-30 10:36:53.500,9.0,-5.0,63.875,38.021875,0.320445,83.71,36.11,2219.5,second rest
2013-06-30 10:36:53.750,9.0,-5.0,64.0,3.62,0.319165,83.72,36.11,2219.75,second rest
2013-06-30 10:36:54.000,9.0,-5.0,64.0,-39.443125,0.323007,83.73,36.13,2220.0,second rest
2013-06-30 10:36:54.250,9.0,-5.0,64.0,29.77375,0.325568,83.75,36.13,2220.25,second rest
2013-06-30 10:36:54.500,9.0,-5.0,64.0,-1.468667,0.321726,83.76,36.13,2220.5,second rest
2013-06-30 10:36:54.750,9.0,-5.0,64.0,-10.125,0.319165,83.77,36.13,2220.75,second rest
2013-06-30 10:36:55.000,9.0,-5.0,64.0,20.923125,0.320445,83.77,36.13,2221.0,second rest
2013-06-30 10:36:55.250,9.0,-5.0,64.0,-23.238667,0.321726,83.75,36.13,2221.25,second rest
2013-06-30 10:36:55.500,9.0,-5.0,64.0,-2.64375,0.317884,83.72,36.13,2221.5,second rest
2013-06-30 10:36:55.750,9.125,-5.0,64.0,22.324,0.320445,83.67,36.13,2221.75,second rest
2013-06-30 10:36:56.000,9.0,-5.0,64.0,-29.55875,0.319165,83.63,36.15,2222.0,second rest
2013-06-30 10:36:56.250,9.0,-5.0,64.0,4.373125,0.317884,83.59,36.15,2222.25,second rest
2013-06-30 10:36:56.500,9.0,-5.0,64.0,18.503333,0.315322,83.55,36.15,2222.5,second rest
2013-06-30 10:36:56.750,9.0,-5.0,64.0,-31.145625,0.317884,83.52,36.15,2222.75,second rest
2013-06-30 10:36:57.000,9.0,-5.0,64.0,7.1625,0.314042,83.48,36.15,2223.0,second rest
2013-06-30 10:36:57.250,9.0,-5.0,64.0,10.534667,0.319165,83.44,36.15,2223.25,second rest
2013-06-30 10:36:57.500,9.0,-5.0,64.0,-37.75875,0.312761,83.4,36.15,2223.5,second rest
2013-06-30 10:36:57.750,9.0,-5.0,64.0,28.388667,0.315322,83.36,36.15,2223.75,second rest
2013-06-30 10:36:58.000,9.0,-5.0,64.0,-3.015625,0.316603,83.32,36.15,2224.0,second rest
2013-06-30 10:36:58.250,9.0,-5.0,64.0,-28.199375,0.315322,83.27,36.15,2224.25,second rest
2013-06-30 10:36:58.500,9.0,-5.0,64.0,32.929333,0.315322,83.22,36.15,2224.5,second rest
2013-06-30 10:36:58.750,9.0,-5.0,64.0,-16.08375,0.315322,83.17,36.15,2224.75,second rest
2013-06-30 10:36:59.000,9.0,-5.0,64.0,1.78,0.317884,83.12,36.13,2225.0,second rest
2013-06-30 10:36:59.250,9.0,-5.0,64.0,27.757333,0.314042,83.07,36.13,2225.25,second rest
2013-06-30 10:36:59.500,9.0,-5.0,64.0,-26.263125,0.316603,83.02,36.13,2225.5,second rest
2013-06-30 10:36:59.750,9.0,-4.889,64.0,36.613333,0.316603,82.98,36.13,2225.75,second rest
2013-06-30 10:37:00.000,9.0,-5.0,64.0,17.52,0.312761,82.93,36.16,2226.0,second rest
2013-06-30 10:37:00.250,9.0,-5.0,64.0,-23.12875,0.315322,82.88,36.16,2226.25,second rest
2013-06-30 10:37:00.500,9.0,-5.0,64.0,40.995333,0.312761,82.84,36.16,2226.5,second rest
2013-06-30 10:37:00.750,9.0,-4.875,64.0,11.34625,0.314042,82.79,36.16,2226.75,second rest
2013-06-30 10:37:01.000,9.0,-5.0,64.0,14.2425,0.31148,82.75,36.13,2227.0,second rest
2013-06-30 10:37:01.250,9.0,-5.0,64.0,37.219333,0.317884,82.71,36.13,2227.25,second rest
2013-06-30 10:37:01.500,9.0,-5.0,64.0,73.04625,0.314042,82.66,36.13,2227.5,second rest
2013-06-30 10:37:01.750,9.0,-4.875,64.0,-16.344,0.319165,82.62,36.13,2227.75,second rest
2013-06-30 10:37:02.000,8.875,-5.0,64.0,-147.13625,0.316603,82.58,36.16,2228.0,second rest
2013-06-30 10:37:02.250,9.0,-5.0,64.0,-70.736875,0.317884,82.54,36.16,2228.25,second rest
2013-06-30 10:37:02.500,9.0,-5.0,64.0,-21.932667,0.317884,82.5,36.16,2228.5,second rest
2013-06-30 10:37:02.750,8.875,-5.0,64.0,-22.85,0.315322,82.47,36.16,2228.75,second rest
2013-06-30 10:37:03.000,8.875,-5.0,64.0,6.488125,0.314042,82.43,36.21,2229.0,second rest
2013-06-30 10:37:03.250,9.0,-5.0,64.0,8.825333,0.314042,82.39,36.21,2229.25,second rest
2013-06-30 10:37:03.500,9.0,-5.0,64.0,-0.555,0.316603,82.36,36.21,2229.5,second rest
2013-06-30 10:37:03.750,9.0,-5.0,64.0,55.805333,0.316603,82.32,36.21,2229.75,second rest
2013-06-30 10:37:04.000,9.0,-5.0,64.0,-17.9,0.317884,82.28,36.21,2230.0,second rest
2013-06-30 10:37:04.250,9.0,-5.0,64.0,-11.45125,0.315322,82.24,36.21,2230.25,second rest
2013-06-30 10:37:04.500,9.0,-5.0,64.0,58.279333,0.316603,82.21,36.21,2230.5,second rest
2013-06-30 10:37:04.750,9.0,-5.0,64.0,17.90375,0.315322,82.17,36.21,2230.75,second rest
2013-06-30 10:37:05.000,9.0,-5.0,64.0,-22.61125,0.316603,82.13,36.21,2231.0,second rest
2013-06-30 10:37:05.250,9.0,-4.875,64.0,45.371333,0.316603,82.09,36.21,2231.25,second rest
2013-06-30 10:37:05.500,9.0,-5.0,64.0,12.125,0.315322,82.05,36.21,2231.5,second rest
2013-06-30 10:37:05.750,9.0,-5.0,64.0,-38.356667,0.315322,82.02,36.21,2231.75,second rest
2013-06-30 10:37:06.000,9.0,-5.0,64.0,29.64875,0.314042,81.98,36.25,2232.0,second rest
2013-06-30 10:37:06.250,9.0,-5.0,64.0,1.806875,0.315322,81.94,36.25,2232.25,second rest
2013-06-30 10:37:06.500,8.875,-5.0,63.875,-36.169333,0.312761,81.91,36.25,2232.5,second rest
2013-06-30 10:37:06.750,9.0,-5.0,64.0,27.49875,0.315322,81.87,36.25,2232.75,second rest
2013-06-30 10:37:07.000,9.0,-5.0,64.0,-5.2325,0.312761,81.83,36.25,2233.0,second rest
2013-06-30 10:37:07.250,8.875,-4.875,64.0,-34.008667,0.315322,81.79,36.25,2233.25,second rest
2013-06-30 10:37:07.500,9.0,-4.889,64.0,27.95375,0.312761,81.74,36.25,2233.5,second rest
2013-06-30 10:37:07.750,9.0,-5.0,64.0,-3.39,0.315322,81.69,36.25,2233.75,second rest
2013-06-30 10:37:08.000,9.0,-4.875,64.0,-23.10375,0.314042,81.65,36.27,2234.0,second rest
2013-06-30 10:37:08.250,9.0,-5.0,64.0,16.74875,0.314042,81.61,36.27,2234.25,second rest
2013-06-30 10:37:08.500,9.0,-5.0,64.0,-13.297333,0.31148,81.58,36.27,2234.5,second rest
2013-06-30 10:37:08.750,9.0,-4.875,64.0,-8.703125,0.31148,81.55,36.27,2234.75,second rest
2013-06-30 10:37:09.000,9.0,-5.0,64.0,8.12125,0.315322,81.53,36.31,2235.0,second rest
2013-06-30 10:37:09.250,9.0,-5.0,64.0,-25.340667,0.312761,81.51,36.31,2235.25,second rest
2013-06-30 10:37:09.500,9.0,-4.875,64.0,21.3825,0.31148,81.49,36.31,2235.5,second rest
2013-06-30 10:37:09.750,9.0,-5.0,64.0,-3.36,0.31148,81.47,36.31,2235.75,second rest
2013-06-30 10:37:10.000,8.875,-4.875,64.0,-12.08125,0.312761,81.45,36.31,2236.0,second rest
2013-06-30 10:37:10.250,9.0,-5.0,64.0,12.24625,0.31148,81.43,36.31,2236.25,second rest
2013-06-30 10:37:10.500,9.0,-5.0,64.0,-24.099333,0.312761,81.42,36.31,2236.5,second rest
2013-06-30 10:37:10.750,9.0,-4.875,64.0,40.229375,0.31148,81.41,36.31,2236.75,second rest
2013-06-30 10:37:11.000,9.0,-5.0,64.0,0.20625,0.314042,81.4,36.33,2237.0,second rest
2013-06-30 10:37:11.250,9.0,-5.0,64.0,-1.454,0.312761,81.39,36.33,2237.25,second rest
2013-06-30 10:37:11.500,8.778,-5.0,64.0,13.435,0.312761,81.39,36.33,2237.5,second rest
2013-06-30 10:37:11.750,9.0,-5.0,64.0,-23.774,0.3102,81.38,36.33,2237.75,second rest
2013-06-30 10:37:12.000,9.0,-5.0,64.0,35.775,0.3102,81.37,36.33,2238.0,second rest
2013-06-30 10:37:12.250,9.0,-5.0,64.0,-5.890625,0.3102,81.36,36.33,2238.25,second rest
2013-06-30 10:37:12.500,9.0,-5.0,64.0,1.602667,0.307638,81.35,36.33,2238.5,second rest
2013-06-30 10:37:12.750,9.0,-5.0,64.0,11.559375,0.31148,81.34,36.33,2238.75,second rest
2013-06-30 10:37:13.000,8.875,-5.0,64.0,-22.08375,0.3102,81.33,36.33,2239.0,second rest
2013-06-30 10:37:13.250,9.0,-5.0,64.0,26.816667,0.306357,81.33,36.33,2239.25,second rest
2013-06-30 10:37:13.500,9.0,-5.0,64.0,-4.0775,0.306357,81.32,36.33,2239.5,second rest
2013-06-30 10:37:13.750,8.875,-5.0,64.0,-24.808,0.306357,81.32,36.33,2239.75,second rest
2013-06-30 10:37:14.000,9.0,-4.875,64.0,17.145,0.303796,81.32,36.37,2240.0,second rest
2013-06-30 10:37:14.250,9.0,-5.0,64.0,-4.495,0.307638,81.32,36.37,2240.25,second rest
2013-06-30 10:37:14.500,8.75,-5.0,64.0,-17.205333,0.305077,81.31,36.37,2240.5,second rest
2013-06-30 10:37:14.750,9.0,-5.0,64.0,14.49125,0.305077,81.3,36.37,2240.75,second rest
2013-06-30 10:37:15.000,9.0,-4.875,64.0,-15.140625,0.305077,81.3,36.37,2241.0,second rest
2013-06-30 10:37:15.250,9.0,-5.0,64.0,-4.090667,0.302515,81.3,36.37,2241.25,second rest
2013-06-30 10:37:15.500,9.0,-5.0,64.0,10.3425,0.303796,81.3,36.37,2241.5,second rest
2013-06-30 10:37:15.750,9.0,-5.0,64.0,-17.737333,0.303796,81.3,36.37,2241.75,second rest
2013-06-30 10:37:16.000,9.0,-4.875,64.0,-30.220625,0.303796,81.3,36.39,2242.0,second rest
2013-06-30 10:37:16.250,9.0,-5.0,64.0,22.788125,0.305077,81.3,36.39,2242.25,second rest
2013-06-30 10:37:16.500,9.0,-5.0,64.0,-4.041333,0.307638,81.29,36.39,2242.5,second rest
2013-06-30 10:37:16.750,8.875,-4.875,64.0,-29.370625,0.303796,81.29,36.39,2242.75,second rest
2013-06-30 10:37:17.000,9.0,-5.0,64.0,32.064375,0.306357,81.28,36.39,2243.0,second rest
2013-06-30 10:37:17.250,9.0,-5.0,64.0,9.889333,0.302515,81.27,36.39,2243.25,second rest
2013-06-30 10:37:17.500,8.875,-5.0,64.0,-33.34875,0.305077,81.26,36.39,2243.5,second rest
2013-06-30 10:37:17.750,9.0,-5.0,64.0,53.550667,0.302515,81.25,36.39,2243.75,second rest
2013-06-30 10:37:18.000,9.0,-5.0,64.0,142.06375,0.306357,81.23,36.39,2244.0,second rest
2013-06-30 10:37:18.250,8.875,-5.0,64.0,-102.15,0.302515,81.21,36.39,2244.25,second rest
2013-06-30 10:37:18.500,9.0,-5.0,64.0,-207.425333,0.305077,81.19,36.39,2244.5,second rest
2013-06-30 10:37:18.750,9.0,-5.0,64.0,132.843125,0.302515,81.17,36.39,2244.75,second rest
2013-06-30 10:37:19.000,8.875,-5.0,64.0,70.26875,0.307638,81.15,36.43,2245.0,second rest
2013-06-30 10:37:19.250,9.0,-5.0,64.0,37.666667,0.305077,81.12,36.43,2245.25,second rest
2013-06-30 10:37:19.500,9.0,-5.0,64.0,107.615,0.305077,81.1,36.43,2245.5,second rest
2013-06-30 10:37:19.750,8.75,-5.0,64.0,-83.208,0.306357,81.06,36.43,2245.75,second rest
2013-06-30 10:37:20.000,9.0,-5.0,64.0,-210.46625,0.303796,81.03,36.45,2246.0,second rest
2013-06-30 10:37:20.250,9.0,-5.0,64.0,-279.00875,0.307638,80.99,36.45,2246.25,second rest
2013-06-30 10:37:20.500,8.75,-5.0,64.0,-210.758,0.305077,80.96,36.45,2246.5,second rest
2013-06-30 10:37:20.750,9.0,-5.0,64.0,-133.668125,0.308919,80.92,36.45,2246.75,second rest
2013-06-30 10:37:21.000,9.0,-5.0,64.0,303.35375,0.307638,80.88,36.47,2247.0,second rest
2013-06-30 10:37:21.250,8.875,-5.0,64.0,403.244,0.305077,80.84,36.47,2247.25,second rest
2013-06-30 10:37:21.500,8.875,-5.0,64.0,455.16125,0.306357,80.8,36.47,2247.5,second rest
2013-06-30 10:37:21.750,8.875,-5.0,64.0,150.804,0.305077,80.76,36.47,2247.75,second rest
2013-06-30 10:37:22.000,9.0,-4.875,64.0,-62.290625,0.306357,80.72,36.47,2248.0,second rest
2013-06-30 10:37:22.250,9.0,-5.0,64.0,-326.865,0.303796,80.67,36.47,2248.25,second rest
2013-06-30 10:37:22.500,8.875,-5.0,64.0,-282.660667,0.306357,80.62,36.47,2248.5,second rest
2013-06-30 10:37:22.750,9.0,-5.0,64.0,-25.59125,0.305077,80.57,36.47,2248.75,second rest
2013-06-30 10:37:23.000,9.0,-5.0,64.0,-21.155,0.303796,80.52,36.47,2249.0,second rest
2013-06-30 10:37:23.250,8.75,-5.0,64.0,-88.521333,0.305077,80.47,36.47,2249.25,second rest
2013-06-30 10:37:23.500,9.0,-5.0,64.0,-96.216875,0.305077,80.42,36.47,2249.5,second rest
2013-06-30 10:37:23.750,8.875,-5.0,64.0,-49.996,0.302515,80.37,36.47,2249.75,second rest
2013-06-30 10:37:24.000,9.0,-4.875,64.0,-3.579375,0.303796,80.32,36.5,2250.0,second rest
2013-06-30 10:37:24.250,9.0,-5.0,64.0,45.7875,0.301235,80.26,36.5,2250.25,second rest
2013-06-30 10:37:24.500,9.0,-4.875,64.0,232.367333,0.305077,80.2,36.5,2250.5,second rest
2013-06-30 10:37:24.750,8.875,-5.0,64.0,185.9825,0.305077,80.14,36.5,2250.75,second rest
2013-06-30 10:37:25.000,9.0,-5.0,64.0,51.818125,0.305077,80.08,36.5,2251.0,second rest
2013-06-30 10:37:25.250,9.0,-5.0,64.0,30.944667,0.305077,80.03,36.5,2251.25,second rest
2013-06-30 10:37:25.500,8.875,-5.0,64.0,-9.983125,0.302515,79.98,36.5,2251.5,second rest
2013-06-30 10:37:25.750,8.875,-5.0,64.0,-51.07,0.305077,79.94,36.5,2251.75,second rest
2013-06-30 10:37:26.000,9.0,-5.0,64.0,-19.38875,0.302515,79.9,36.53,2252.0,second rest
2013-06-30 10:37:26.250,8.75,-5.0,64.0,-20.141875,0.305077,79.86,36.53,2252.25,second rest
2013-06-30 10:37:26.500,9.0,-5.0,64.0,34.480667,0.302515,79.81,36.53,2252.5,second rest
2013-06-30 10:37:26.750,9.0,-5.0,64.0,-34.468125,0.302515,79.77,36.53,2252.75,second rest
2013-06-30 10:37:27.000,8.778,-5.0,64.0,-25.548125,0.303796,79.73,36.57,2253.0,second rest
2013-06-30 10:37:27.250,8.875,-5.0,64.0,10.601333,0.305077,79.69,36.57,2253.25,second rest
2013-06-30 10:37:27.500,8.875,-5.0,64.0,-22.730625,0.302515,79.66,36.57,2253.5,second rest
2013-06-30 10:37:27.750,9.0,-5.0,64.0,4.467333,0.302515,79.63,36.57,2253.75,second rest
2013-06-30 10:37:28.000,8.875,-4.875,64.0,0.584375,0.301235,79.6,36.59,2254.0,second rest
2013-06-30 10:37:28.250,8.625,-5.0,64.0,-26.244375,0.299954,79.58,36.59,2254.25,second rest
2013-06-30 10:37:28.500,9.0,-5.0,64.0,14.834667,0.302515,79.56,36.59,2254.5,second rest
2013-06-30 10:37:28.750,9.0,-5.0,64.0,-6.443125,0.299954,79.53,36.59,2254.75,second rest
2013-06-30 10:37:29.000,8.875,-5.0,64.0,4.159375,0.302515,79.5,36.59,2255.0,second rest
2013-06-30 10:37:29.250,8.625,-5.0,64.0,9.147333,0.299954,79.46,36.59,2255.25,second rest
2013-06-30 10:37:29.500,9.0,-5.0,64.0,-22.940625,0.303796,79.42,36.59,2255.5,second rest
2013-06-30 10:37:29.750,8.625,-5.0,64.0,23.845333,0.298673,79.39,36.59,2255.75,second rest
2013-06-30 10:37:30.000,8.75,-5.0,64.0,5.87625,0.298673,79.37,36.61,2256.0,second rest
2013-06-30 10:37:30.250,8.75,-5.0,64.0,-32.091875,0.299954,79.38,36.61,2256.25,second rest
2013-06-30 10:37:30.500,9.0,-5.0,64.0,24.344,0.299954,79.4,36.61,2256.5,second rest
2013-06-30 10:37:30.750,8.889,-5.0,64.0,14.1475,0.298673,79.43,36.61,2256.75,second rest
2013-06-30 10:37:31.000,8.875,-5.0,64.0,-25.41375,0.297392,79.47,36.63,2257.0,second rest
2013-06-30 10:37:31.250,8.75,-5.0,64.0,2.534,0.298673,79.5,36.63,2257.25,second rest
2013-06-30 10:37:31.500,8.875,-5.0,64.0,18.739375,0.299954,79.53,36.63,2257.5,second rest
2013-06-30 10:37:31.750,8.75,-4.875,64.0,-10.757333,0.301235,79.55,36.63,2257.75,second rest
2013-06-30 10:37:32.000,8.875,-5.0,64.0,-19.67375,0.297392,79.58,36.61,2258.0,second rest
2013-06-30 10:37:32.250,8.875,-5.0,64.0,15.991875,0.301235,79.61,36.61,2258.25,second rest
2013-06-30 10:37:32.500,8.875,-5.0,64.0,-0.440667,0.301235,79.64,36.61,2258.5,second rest
2013-06-30 10:37:32.750,8.75,-4.875,64.0,-18.07,0.303796,79.67,36.61,2258.75,second rest
2013-06-30 10:37:33.000,8.875,-4.75,64.0,17.07375,0.299954,79.7,36.63,2259.0,second rest
2013-06-30 10:37:33.250,8.625,-4.5,64.0,-5.575333,0.294831,79.73,36.63,2259.25,second rest
2013-06-30 10:37:33.500,8.25,-4.875,64.0,-26.779375,0.299954,79.75,36.63,2259.5,second rest
2013-06-30 10:37:33.750,8.125,-4.875,64.0,21.605333,0.299954,79.77,36.63,2259.75,second rest
2013-06-30 10:37:34.000,8.0,-4.75,64.0,1.6875,0.301235,79.8,36.66,2260.0,second rest
2013-06-30 10:37:34.250,8.125,-4.875,64.0,-26.1725,0.298673,79.83,36.66,2260.25,second rest
2013-06-30 10:37:34.500,7.5,-4.625,63.875,23.786667,0.303796,79.86,36.66,2260.5,second rest
2013-06-30 10:37:34.750,6.111,-4.889,64.111,0.7475,0.299954,79.89,36.66,2260.75,second rest
2013-06-30 10:37:35.000,4.875,-4.125,64.0,-28.636875,0.303796,79.92,36.66,2261.0,second rest
2013-06-30 10:37:35.250,7.75,-4.625,64.25,17.260667,0.301235,79.95,36.66,2261.25,second rest
2013-06-30 10:37:35.500,5.25,-4.25,64.375,4.271875,0.303796,79.98,36.66,2261.5,second rest
2013-06-30 10:37:35.750,2.375,-5.625,64.25,-13.474,0.302515,80.02,36.66,2261.75,second rest
2013-06-30 10:37:36.000,1.25,-5.125,64.125,18.61,0.301235,80.05,36.68,2262.0,second rest
2013-06-30 10:37:36.250,4.875,-5.375,64.5,-12.213125,0.299954,80.08,36.68,2262.25,second rest
2013-06-30 10:37:36.500,4.5,-5.375,64.25,-4.704,0.298673,80.12,36.68,2262.5,second rest
2013-06-30 10:37:36.750,4.5,-5.75,64.0,15.36,0.302515,80.17,36.68,2262.75,second rest
2013-06-30 10:37:37.000,4.75,-5.125,64.0,-18.06,0.301235,80.23,36.68,2263.0,second rest
2013-06-30 10:37:37.250,4.875,-5.125,64.375,12.074,0.298673,80.3,36.68,2263.25,second rest
2013-06-30 10:37:37.500,4.75,-5.375,64.125,12.995625,0.299954,80.38,36.68,2263.5,second rest
2013-06-30 10:37:37.750,3.125,-5.75,64.125,-22.345333,0.301235,80.47,36.68,2263.75,second rest
2013-06-30 10:37:38.000,3.625,-5.75,64.125,15.33625,0.298673,80.55,36.68,2264.0,second rest
2013-06-30 10:37:38.250,2.75,-5.375,64.25,4.614375,0.294831,80.63,36.68,2264.25,second rest
2013-06-30 10:37:38.500,3.667,-5.333,64.111,-30.472,0.297392,80.69,36.68,2264.5,second rest
2013-06-30 10:37:38.750,3.875,-5.25,64.375,16.428125,0.297392,80.76,36.68,2264.75,second rest
2013-06-30 10:37:39.000,2.875,-5.75,64.0,13.3375,0.299954,80.82,36.68,2265.0,second rest
2013-06-30 10:37:39.250,3.0,-5.625,64.25,-8.140667,0.297392,80.88,36.68,2265.25,second rest
2013-06-30 10:37:39.500,2.25,-5.25,64.25,9.303125,0.299954,80.94,36.68,2265.5,second rest
2013-06-30 10:37:39.750,2.625,-5.125,64.25,-8.875333,0.294831,80.99,36.68,2265.75,second rest
2013-06-30 10:37:40.000,2.875,-5.0,64.25,-7.2425,0.298673,81.05,36.71,2266.0,second rest
2013-06-30 10:37:40.250,3.0,-5.5,64.25,15.251875,0.296112,81.1,36.71,2266.25,second rest
2013-06-30 10:37:40.500,1.5,-5.125,64.375,-12.091333,0.296112,81.16,36.71,2266.5,second rest
2013-06-30 10:37:40.750,1.5,-5.125,64.25,-5.115,0.29355,81.21,36.71,2266.75,second rest
2013-06-30 10:37:41.000,1.0,-5.375,64.25,11.015625,0.296112,81.25,36.68,2267.0,second rest
2013-06-30 10:37:41.250,0.875,-5.25,64.25,-15.794667,0.29355,81.29,36.68,2267.25,second rest
2013-06-30 10:37:41.500,0.25,-5.0,64.125,5.458125,0.29227,81.32,36.68,2267.5,second rest
2013-06-30 10:37:41.750,0.875,-5.0,64.5,2.061333,0.296112,81.35,36.68,2267.75,second rest
2013-06-30 10:37:42.000,0.25,-5.125,64.5,-16.973125,0.29227,81.37,36.71,2268.0,second rest
2013-06-30 10:37:42.250,0.0,-5.125,64.25,33.895,0.296112,81.39,36.71,2268.25,second rest
2013-06-30 10:37:42.500,0.111,-5.0,64.333,-19.914667,0.294831,81.41,36.71,2268.5,second rest
2013-06-30 10:37:42.750,1.0,-5.0,64.0,6.991875,0.298673,81.42,36.71,2268.75,second rest
2013-06-30 10:37:43.000,1.0,-5.0,64.125,17.496875,0.297392,81.42,36.73,2269.0,second rest
2013-06-30 10:37:43.250,0.625,-5.0,64.125,-28.221333,0.297392,81.41,36.73,2269.25,second rest
2013-06-30 10:37:43.500,1.25,-4.75,64.375,-19.255625,0.294831,81.4,36.73,2269.5,second rest
2013-06-30 10:37:43.750,1.75,-5.25,64.375,-8.898667,0.298673,81.39,36.73,2269.75,second rest
2013-06-30 10:37:44.000,0.875,-5.75,64.125,24.41,0.297392,81.37,36.73,2270.0,second rest
2013-06-30 10:37:44.250,1.125,-7.5,63.875,18.061875,0.297392,81.36,36.73,2270.25,second rest
2013-06-30 10:37:44.500,0.375,-7.625,64.0,-10.785333,0.297392,81.34,36.73,2270.5,second rest
2013-06-30 10:37:44.750,-0.375,-8.625,64.125,-46.45125,0.29227,81.33,36.73,2270.75,second rest
2013-06-30 10:37:45.000,-20.875,-5.75,61.25,13.1775,0.296112,81.32,36.75,2271.0,second rest
2013-06-30 10:37:45.250,-18.875,-6.75,61.125,5.076,0.294831,81.31,36.75,2271.25,second rest
2013-06-30 10:37:45.500,-20.5,-5.75,60.875,-17.399375,0.296112,81.3,36.75,2271.5,second rest
2013-06-30 10:37:45.750,-20.875,-6.375,60.375,26.446,0.296112,81.29,36.75,2271.75,second rest
2013-06-30 10:37:46.000,-15.75,-5.625,62.125,3.06875,0.29355,81.28,36.75,2272.0,second rest
2013-06-30 10:37:46.250,-20.889,-4.222,60.667,-16.835625,0.294831,81.27,36.75,2272.25,second rest
2013-06-30 10:37:46.500,-20.875,-3.25,61.875,22.948,0.294831,81.26,36.75,2272.5,second rest
2013-06-30 10:37:46.750,-19.875,-8.375,60.25,-4.033125,0.296112,81.26,36.75,2272.75,second rest
2013-06-30 10:37:47.000,-17.625,-5.875,61.625,-11.26375,0.296112,81.25,36.77,2273.0,second rest
2013-06-30 10:37:47.250,-17.875,-5.0,61.75,19.628,0.29355,81.25,36.77,2273.25,second rest
2013-06-30 10:37:47.500,-18.875,-4.625,61.75,-4.275,0.29227,81.24,36.77,2273.5,second rest
2013-06-30 10:37:47.750,-16.5,-5.875,62.125,-8.499333,0.296112,81.24,36.77,2273.75,second rest
2013-06-30 10:37:48.000,-9.25,-5.625,63.75,19.95375,0.296112,81.23,36.81,2274.0,second rest
2013-06-30 10:37:48.250,-1.375,-7.625,67.25,-5.445625,0.296112,81.22,36.81,2274.25,second rest
2013-06-30 10:37:48.500,0.875,-5.25,59.125,-31.18,0.294831,81.21,36.81,2274.5,second rest
2013-06-30 10:37:48.750,-7.5,-2.875,63.625,27.15,0.294831,81.2,36.81,2274.75,second rest
2013-06-30 10:37:49.000,-2.5,-6.5,67.5,9.230625,0.296112,81.18,36.79,2275.0,second rest
2013-06-30 10:37:49.250,-3.875,-3.375,64.25,-34.292667,0.294831,81.16,36.79,2275.25,second rest
2013-06-30 10:37:49.500,-8.125,-3.375,64.0,16.110625,0.294831,81.14,36.79,2275.5,second rest
2013-06-30 10:37:49.750,-7.625,-3.5,64.0,14.540667,0.296112,81.12,36.79,2275.75,second rest
2013-06-30 10:37:50.000,-7.5,-3.25,64.0,-18.545625,0.296112,81.1,36.83,2276.0,second rest
2013-06-30 10:37:50.250,-7.0,-3.333,64.111,-0.044375,0.29355,81.08,36.83,2276.25,second rest
2013-06-30 10:37:50.500,-5.875,-2.875,64.25,16.192667,0.29355,81.06,36.83,2276.5,second rest
2013-06-30 10:37:50.750,-6.0,-2.875,64.0,-11.35875,0.29227,81.05,36.83,2276.75,second rest
2013-06-30 10:37:51.000,-5.875,-3.0,64.0,5.280625,0.294831,81.03,36.83,2277.0,second rest
2013-06-30 10:37:51.250,-5.875,-3.0,64.125,9.81,0.29227,81.02,36.83,2277.25,second rest
2013-06-30 10:37:51.500,-5.75,-2.75,64.125,-21.204375,0.29355,81.0,36.83,2277.5,second rest
2013-06-30 10:37:51.750,-5.75,-2.75,64.125,-0.256667,0.294831,80.99,36.83,2277.75,second rest
2013-06-30 10:37:52.000,-5.875,-3.0,64.0,17.845625,0.29355,80.97,36.83,2278.0,second rest
2013-06-30 10:37:52.250,-6.25,-3.0,64.0,-12.68125,0.29227,80.95,36.83,2278.25,second rest
2013-06-30 10:37:52.500,-6.25,-3.0,64.0,-7.759333,0.29227,80.94,36.83,2278.5,second rest
2013-06-30 10:37:52.750,-6.25,-3.0,64.0,16.875625,0.294831,80.92,36.83,2278.75,second rest
2013-06-30 10:37:53.000,-6.75,-2.875,64.25,-6.604375,0.29355,80.9,36.84,2279.0,second rest
2013-06-30 10:37:53.250,-5.5,-3.0,64.375,-18.845333,0.29227,80.88,36.84,2279.25,second rest
2013-06-30 10:37:53.500,-7.375,-3.125,64.0,21.395625,0.29355,80.87,36.84,2279.5,second rest
2013-06-30 10:37:53.750,-6.25,-3.0,64.125,2.492667,0.29355,80.85,36.84,2279.75,second rest
2013-06-30 10:37:54.000,-6.222,-3.0,64.111,-8.074375,0.29355,80.83,36.83,2280.0,second rest
2013-06-30 10:37:54.250,-5.625,-3.125,64.125,13.20125,0.294831,80.81,36.83,2280.25,second rest
2013-06-30 10:37:54.500,-6.0,-3.0,64.125,-9.416667,0.29355,80.79,36.83,2280.5,second rest
2013-06-30 10:37:54.750,-5.125,-3.0,64.0,-26.365,0.294831,80.77,36.83,2280.75,second rest
2013-06-30 10:37:55.000,-5.625,-3.0,64.375,28.84875,0.29355,80.77,36.83,2281.0,second rest
2013-06-30 10:37:55.250,-5.625,-3.125,64.25,3.876667,0.29355,80.78,36.83,2281.25,second rest
2013-06-30 10:37:55.500,-5.375,-3.0,64.125,-22.899375,0.294831,80.8,36.83,2281.5,second rest
2013-06-30 10:37:55.750,-5.5,-3.0,64.25,23.158,0.29355,80.83,36.83,2281.75,second rest
2013-06-30 10:37:56.000,-5.625,-3.0,64.125,7.595625,0.29227,80.87,36.83,2282.0,second rest
2013-06-30 10:37:56.250,-5.625,-3.0,64.0,-28.714375,0.294831,80.91,36.83,2282.25,second rest
2013-06-30 10:37:56.500,-5.375,-3.0,64.125,19.683333,0.29355,80.94,36.83,2282.5,second rest
2013-06-30 10:37:56.750,-5.75,-3.0,64.125,11.22375,0.29227,80.98,36.83,2282.75,second rest
2013-06-30 10:37:57.000,-6.0,-3.0,64.125,-22.806875,0.294831,81.02,36.81,2283.0,second rest
2013-06-30 10:37:57.250,-6.0,-3.0,64.0,15.224667,0.29355,81.06,36.81,2283.25,second rest
2013-06-30 10:37:57.500,-6.125,-3.0,64.0,10.858125,0.294831,81.09,36.81,2283.5,second rest
2013-06-30 10:37:57.750,-6.0,-3.0,64.0,-19.808667,0.29355,81.13,36.81,2283.75,second rest
2013-06-30 10:37:58.000,-6.0,-3.0,64.111,-2.233125,0.294831,81.18,36.81,2284.0,second rest
2013-06-30 10:37:58.250,-6.0,-3.0,64.0,16.766875,0.296112,81.23,36.81,2284.25,second rest
2013-06-30 10:37:58.500,-6.0,-3.0,64.0,-8.942,0.296112,81.29,36.81,2284.5,second rest
2013-06-30 10:37:58.750,-5.75,-3.0,64.125,-13.58875,0.296112,81.34,36.81,2284.75,second rest
2013-06-30 10:37:59.000,-5.5,-3.0,64.0,19.62375,0.296112,81.4,36.79,2285.0,second rest
2013-06-30 10:37:59.250,-5.25,-3.0,64.0,-2.898,0.298673,81.45,36.79,2285.25,second rest
2013-06-30 10:37:59.500,-5.0,-3.0,64.0,-24.078125,0.298673,81.5,36.79,2285.5,second rest
2013-06-30 10:37:59.750,-5.0,-3.0,64.0,20.012,0.301235,81.55,36.79,2285.75,second rest
2013-06-30 10:38:00.000,-5.0,-3.0,64.0,2.008125,0.299954,81.6,36.79,2286.0,second rest
2013-06-30 10:38:00.250,-5.0,-3.0,64.0,-13.07875,0.299954,81.65,36.79,2286.25,second rest
2013-06-30 10:38:00.500,-5.0,-3.0,64.0,18.787333,0.299954,81.69,36.79,2286.5,second rest
2013-06-30 10:38:00.750,-5.375,-3.0,64.0,-6.823125,0.294831,81.73,36.79,2286.75,second rest
2013-06-30 10:38:01.000,-5.25,-3.0,64.125,-18.943125,0.299954,81.78,36.77,2287.0,second rest
2013-06-30 10:38:01.250,-5.75,-3.0,64.0,19.206,0.297392,81.83,36.77,2287.25,second rest
2013-06-30 10:38:01.500,-5.75,-3.0,64.0,-3.699375,0.296112,81.88,36.77,2287.5,second rest
2013-06-30 10:38:01.750,-5.444,-3.0,64.0,-14.569333,0.298673,81.92,36.77,2287.75,second rest
2013-06-30 10:38:02.000,-5.25,-3.0,64.0,17.711875,0.297392,81.97,36.75,2288.0,second rest
2013-06-30 10:38:02.250,-5.0,-3.0,64.0,-5.999375,0.298673,82.01,36.75,2288.25,second rest
2013-06-30 10:38:02.500,-5.125,-3.0,64.0,-8.348,0.298673,82.05,36.75,2288.5,second rest
2013-06-30 10:38:02.750,-5.25,-3.0,64.0,17.13,0.294831,82.09,36.75,2288.75,second rest
2013-06-30 10:38:03.000,-5.125,-3.0,64.0,-10.46875,0.297392,82.13,36.75,2289.0,second rest
2013-06-30 10:38:03.250,-5.0,-3.0,64.125,14.170667,0.298673,82.17,36.75,2289.25,second rest
2013-06-30 10:38:03.500,-5.375,-3.0,64.125,7.2025,0.294831,82.21,36.75,2289.5,second rest
2013-06-30 10:38:03.750,-5.0,-3.0,64.125,-27.854,0.297392,82.26,36.75,2289.75,second rest
2013-06-30 10:38:04.000,-5.0,-3.0,64.25,17.279375,0.297392,82.3,36.71,2290.0,second rest
2013-06-30 10:38:04.250,-5.0,-3.0,64.0,10.5025,0.299954,82.34,36.71,2290.25,second rest
2013-06-30 10:38:04.500,-5.0,-3.0,64.0,-26.069333,0.294831,82.38,36.71,2290.5,second rest
2013-06-30 10:38:04.750,-5.0,-3.0,64.125,16.67125,0.298673,82.43,36.71,2290.75,second rest
2013-06-30 10:38:05.000,-5.0,-3.0,64.0,10.850625,0.294831,82.47,36.71,2291.0,second rest
2013-06-30 10:38:05.250,-5.0,-3.0,64.25,-24.123333,0.298673,82.51,36.71,2291.25,second rest
2013-06-30 10:38:05.500,-5.0,-3.0,64.125,1.47375,0.296112,82.56,36.71,2291.5,second rest
2013-06-30 10:38:05.750,-5.0,-3.0,64.111,14.072,0.314042,82.6,36.71,2291.75,second rest
2013-06-30 10:38:06.000,-5.0,-3.0,64.0,-9.67875,0.331972,82.65,36.71,2292.0,second rest
2013-06-30 10:38:06.250,-5.0,-3.0,64.125,1.495,0.356305,82.69,36.71,2292.25,second rest
2013-06-30 10:38:06.500,-5.125,-3.0,64.125,13.878,0.367832,82.74,36.71,2292.5,second rest
2013-06-30 10:38:06.750,-5.0,-3.0,64.25,-14.11625,0.349902,82.78,36.71,2292.75,second rest
2013-06-30 10:38:07.000,-5.0,-3.0,64.125,-17.50625,0.348621,82.82,36.66,2293.0,second rest
2013-06-30 10:38:07.250,-4.875,-3.0,64.25,21.971333,0.339656,82.86,36.66,2293.25,second rest
2013-06-30 10:38:07.500,-4.875,-3.0,64.125,2.82,0.340937,82.9,36.66,2293.5,second rest
2013-06-30 10:38:07.750,-4.75,-3.125,64.375,-35.784,0.337095,82.94,36.66,2293.75,second rest
2013-06-30 10:38:08.000,-4.875,-3.25,64.0,17.6675,0.335814,82.98,36.65,2294.0,second rest
2013-06-30 10:38:08.250,-5.625,-3.125,64.0,12.616875,0.333252,83.02,36.65,2294.25,second rest
2013-06-30 10:38:08.500,-5.875,-3.125,64.125,-20.708,0.32941,83.07,36.65,2294.5,second rest
2013-06-30 10:38:08.750,-6.0,-3.125,64.0,-4.105625,0.32941,83.11,36.65,2294.75,second rest
2013-06-30 10:38:09.000,-6.125,-3.0,64.0,15.761875,0.32813,83.15,36.55,2295.0,second rest
2013-06-30 10:38:09.250,-6.25,-3.0,64.0,-10.796667,0.323007,83.19,36.55,2295.25,second rest
2013-06-30 10:38:09.500,-6.333,-3.0,64.0,-0.085625,0.319165,83.22,36.55,2295.5,second rest
2013-06-30 10:38:09.750,-6.125,-3.0,64.0,15.544,0.323007,83.26,36.55,2295.75,second rest
2013-06-30 10:38:10.000,-6.125,-3.125,64.0,-14.25375,0.323007,83.3,36.43,2296.0,second rest
2013-06-30 10:38:10.250,-6.0,-3.0,64.0,-9.756875,0.32813,83.34,36.43,2296.25,second rest
2013-06-30 10:38:10.500,-6.0,-3.125,64.125,20.858,0.323007,83.39,36.43,2296.5,second rest
2013-06-30 10:38:10.750,-6.0,-3.0,64.0,-6.170625,0.32813,83.45,36.43,2296.75,second rest
2013-06-30 10:38:11.000,-5.75,-3.125,64.0,-8.2825,0.324287,83.5,36.34,2297.0,second rest
2013-06-30 10:38:11.250,-5.5,-3.0,64.0,20.590667,0.324287,83.55,36.34,2297.25,second rest
2013-06-30 10:38:11.500,-5.375,-3.0,64.0,-4.41125,0.324287,83.61,36.34,2297.5,second rest
2013-06-30 10:38:11.750,-5.375,-3.0,64.0,-0.615333,0.324287,83.67,36.34,2297.75,second rest
2013-06-30 10:38:12.000,-6.0,-3.0,64.0,12.359375,0.323007,83.72,36.29,2298.0,second rest
2013-06-30 10:38:12.250,-6.25,-3.0,64.0,-19.43875,0.320445,83.77,36.29,2298.25,second rest
2013-06-30 10:38:12.500,-6.0,-3.0,64.0,5.543333,0.321726,83.83,36.29,2298.5,second rest
2013-06-30 10:38:12.750,-6.5,-3.0,64.0,12.715625,0.317884,83.88,36.29,2298.75,second rest
2013-06-30 10:38:13.000,-7.0,-3.0,64.0,0.93125,0.319165,83.92,36.23,2299.0,second rest
2013-06-30 10:38:13.250,-6.5,-3.0,64.0,-27.838,0.320445,83.96,36.23,2299.25,second rest
2013-06-30 10:38:13.500,-6.0,-3.0,64.0,22.269375,0.320445,84.0,36.23,2299.5,second rest
2013-06-30 10:38:13.750,-6.0,-3.0,64.0,5.542,0.320445,84.04,36.23,2299.75,second rest
2013-06-30 10:38:14.000,-6.0,-3.0,64.125,-24.485625,0.321726,84.08,36.23,2300.0,second rest
2013-06-30 10:38:14.250,-6.0,-3.125,64.0,18.49625,0.320445,84.13,36.23,2300.25,second rest
2013-06-30 10:38:14.500,-6.0,-3.0,64.0,3.075333,0.319165,84.18,36.23,2300.5,second rest
2013-06-30 10:38:14.750,-6.0,-3.0,64.125,-14.96625,0.319165,84.24,36.23,2300.75,second rest
2013-06-30 10:38:15.000,-6.125,-3.0,64.0,16.330625,0.319165,84.3,36.18,2301.0,second rest
2013-06-30 10:38:15.250,-6.0,-3.0,64.0,-4.545333,0.319165,84.36,36.18,2301.25,second rest
2013-06-30 10:38:15.500,-6.125,-3.0,64.125,-1.315,0.319165,84.41,36.18,2301.5,second rest
2013-06-30 10:38:15.750,-6.0,-3.0,64.0,12.808,0.321726,84.47,36.18,2301.75,second rest
2013-06-30 10:38:16.000,-6.0,-3.0,64.0,-18.23625,0.319165,84.53,36.21,2302.0,second rest
2013-06-30 10:38:16.250,-6.0,-3.0,64.125,0.361875,0.317884,84.59,36.21,2302.25,second rest
2013-06-30 10:38:16.500,-5.75,-3.0,64.0,15.082,0.320445,84.66,36.21,2302.5,second rest
2013-06-30 10:38:16.750,-6.0,-3.0,64.0,-17.9225,0.320445,84.72,36.21,2302.75,second rest
2013-06-30 10:38:17.000,-5.875,-3.0,64.125,4.665625,0.319165,84.78,36.18,2303.0,second rest
2013-06-30 10:38:17.250,-5.889,-3.0,64.111,12.978667,0.314042,84.83,36.18,2303.25,second rest
2013-06-30 10:38:17.500,-5.875,-3.0,64.125,-16.035625,0.323007,84.88,36.18,2303.5,second rest
2013-06-30 10:38:17.750,-5.875,-3.0,64.0,-5.199333,0.323007,84.93,36.18,2303.75,second rest
2013-06-30 10:38:18.000,-5.875,-3.0,64.125,15.320625,0.326849,84.98,36.21,2304.0,second rest
2013-06-30 10:38:18.250,-5.625,-2.875,64.0,-9.8675,0.326849,85.03,36.21,2304.25,second rest
2013-06-30 10:38:18.500,-5.0,-2.125,64.0,3.262,0.323007,85.08,36.21,2304.5,second rest
2013-06-30 10:38:18.750,-3.25,0.375,64.875,11.34875,0.321726,85.13,36.21,2304.75,second rest
2013-06-30 10:38:19.000,-3.0,0.625,64.5,-19.78875,0.323007,85.18,36.23,2305.0,second rest
2013-06-30 10:38:19.250,-3.375,1.625,64.375,-0.37,0.323007,85.23,36.23,2305.25,second rest
2013-06-30 10:38:19.500,-2.375,1.25,64.625,17.719375,0.321726,85.28,36.23,2305.5,second rest
2013-06-30 10:38:19.750,-2.375,2.0,64.875,-12.413333,0.324287,85.33,36.23,2305.75,second rest
2013-06-30 10:38:20.000,-3.0,2.0,64.375,-9.123125,0.321726,85.38,36.25,2306.0,second rest
2013-06-30 10:38:20.250,-2.75,2.0,64.875,20.82875,0.325568,85.44,36.25,2306.25,second rest
2013-06-30 10:38:20.500,-2.75,2.0,64.75,-3.347333,0.323007,85.49,36.25,2306.5,second rest
2013-06-30 10:38:20.750,-3.0,2.0,64.875,-17.8725,0.324287,85.54,36.25,2306.75,second rest
2013-06-30 10:38:21.000,-3.0,2.0,64.625,17.525625,0.323007,85.57,36.29,2307.0,second rest
2013-06-30 10:38:21.250,-2.889,2.0,64.667,-1.152,0.323007,85.59,36.29,2307.25,second rest
2013-06-30 10:38:21.500,-2.5,2.5,64.625,-3.74125,0.321726,85.59,36.29,2307.5,second rest
2013-06-30 10:38:21.750,-2.0,3.5,64.5,13.324,0.324287,85.59,36.29,2307.75,second rest
2013-06-30 10:38:22.000,-1.25,3.125,64.875,-13.8925,0.323007,85.58,36.33,2308.0,second rest
2013-06-30 10:38:22.250,-3.0,1.875,65.75,-4.711875,0.323007,85.57,36.33,2308.25,second rest
2013-06-30 10:38:22.500,-5.125,-2.0,64.25,15.534667,0.317884,85.56,36.33,2308.5,second rest
2013-06-30 10:38:22.750,-5.25,-2.0,64.0,-15.164375,0.315322,85.54,36.33,2308.75,second rest
2013-06-30 10:38:23.000,-5.25,-2.0,64.125,1.06875,0.321726,85.53,36.34,2309.0,second rest
2013-06-30 10:38:23.250,-5.625,-2.0,64.125,13.820667,0.319165,85.51,36.34,2309.25,second rest
2013-06-30 10:38:23.500,-5.875,-2.0,64.125,-15.82375,0.319165,85.5,36.34,2309.5,second rest
2013-06-30 10:38:23.750,-6.0,-2.125,64.0,-2.206667,0.317884,85.47,36.34,2309.75,second rest
2013-06-30 10:38:24.000,-6.25,-2.0,64.0,14.490625,0.319165,85.45,36.34,2310.0,second rest
2013-06-30 10:38:24.250,-4.875,-2.125,64.625,-12.68125,0.321726,85.42,36.34,2310.25,second rest
2013-06-30 10:38:24.500,-5.875,-2.125,64.0,12.082,0.326849,85.39,36.34,2310.5,second rest
2013-06-30 10:38:24.750,-5.625,-2.125,64.0,7.71625,0.323007,85.36,36.34,2310.75,second rest
2013-06-30 10:38:25.000,-5.889,-2.0,64.0,-25.789375,0.325568,85.32,36.37,2311.0,second rest
2013-06-30 10:38:25.250,-5.75,-2.125,64.0,13.046667,0.323007,85.28,36.37,2311.25,second rest
2013-06-30 10:38:25.500,-5.75,-2.0,64.25,15.32125,0.321726,85.25,36.37,2311.5,second rest
2013-06-30 10:38:25.750,-5.0,-2.0,64.125,-17.680667,0.323007,85.21,36.37,2311.75,second rest
2013-06-30 10:38:26.000,-5.875,-2.125,64.0,-1.499375,0.321726,85.17,36.34,2312.0,second rest
2013-06-30 10:38:26.250,-5.75,-2.0,64.0,17.94,0.324287,85.13,36.34,2312.25,second rest
2013-06-30 10:38:26.500,-6.0,-2.125,64.125,-9.17,0.321726,85.1,36.34,2312.5,second rest
2013-06-30 10:38:26.750,-6.0,-2.125,64.125,-16.640625,0.321726,85.06,36.34,2312.75,second rest
2013-06-30 10:38:27.000,-5.875,-2.0,64.0,19.331875,0.320445,85.02,36.33,2313.0,second rest
2013-06-30 10:38:27.250,-5.75,-2.0,64.0,-0.597333,0.324287,84.98,36.33,2313.25,second rest
2013-06-30 10:38:27.500,-5.75,-2.0,64.125,-9.34125,0.324287,84.94,36.33,2313.5,second rest
2013-06-30 10:38:27.750,-6.0,-2.0,64.0,17.813333,0.323007,84.9,36.33,2313.75,second rest
2013-06-30 10:38:28.000,-6.0,-2.125,64.125,-7.169375,0.324287,84.85,36.33,2314.0,second rest
2013-06-30 10:38:28.250,-6.0,-2.125,64.125,-18.58,0.321726,84.8,36.33,2314.25,second rest
2013-06-30 10:38:28.500,-6.0,-2.125,64.25,22.793333,0.326849,84.75,36.33,2314.5,second rest
2013-06-30 10:38:28.750,-6.25,-2.125,64.0,-1.96125,0.321726,84.7,36.33,2314.75,second rest
2013-06-30 10:38:29.000,-6.0,-2.111,64.0,-23.853125,0.326849,84.65,36.34,2315.0,second rest
2013-06-30 10:38:29.250,-6.0,-2.25,64.125,24.65,0.321726,84.6,36.34,2315.25,second rest
2013-06-30 10:38:29.500,-6.0,-2.125,64.0,4.495,0.323007,84.54,36.34,2315.5,second rest
2013-06-30 10:38:29.750,-6.0,-2.0,64.0,-30.886,0.321726,84.48,36.34,2315.75,second rest
2013-06-30 10:38:30.000,-5.875,-2.125,64.125,18.838125,0.321726,84.43,36.33,2316.0,second rest
2013-06-30 10:38:30.250,-5.875,-2.0,64.0,8.095625,0.323007,84.38,36.33,2316.25,second rest
2013-06-30 10:38:30.500,-6.0,-2.0,64.0,-20.462,0.323007,84.32,36.33,2316.5,second rest
2013-06-30 10:38:30.750,-6.125,-2.25,64.0,20.839375,0.319165,84.27,36.33,2316.75,second rest
2013-06-30 10:38:31.000,-6.25,-2.125,64.0,2.17125,0.321726,84.22,36.33,2317.0,second rest
2013-06-30 10:38:31.250,-6.0,-2.125,64.0,-26.880667,0.321726,84.17,36.33,2317.25,second rest
2013-06-30 10:38:31.500,-6.0,-2.125,64.125,17.83375,0.320445,84.11,36.33,2317.5,second rest
2013-06-30 10:38:31.750,-6.0,-2.25,64.0,4.45,0.323007,84.06,36.33,2317.75,second rest
2013-06-30 10:38:32.000,-6.125,-2.25,64.0,-29.470625,0.317884,84.0,36.31,2318.0,second rest
2013-06-30 10:38:32.250,-6.375,-2.125,64.125,18.16,0.321726,83.94,36.31,2318.25,second rest
2013-06-30 10:38:32.500,-6.625,-2.0,64.0,10.086667,0.321726,83.89,36.31,2318.5,second rest
2013-06-30 10:38:32.750,-7.111,-2.333,64.0,-26.005625,0.325568,83.83,36.31,2318.75,second rest
2013-06-30 10:38:33.000,-7.25,-2.5,64.0,8.483125,0.325568,83.78,36.29,2319.0,second rest
2013-06-30 10:38:33.250,-7.375,-2.125,64.0,5.34,0.325568,83.73,36.29,2319.25,second rest
2013-06-30 10:38:33.500,-7.125,-2.375,64.0,-14.695625,0.323007,83.68,36.29,2319.5,second rest
2013-06-30 10:38:33.750,-7.375,-2.25,64.0,22.355333,0.323007,83.63,36.29,2319.75,second rest
2013-06-30 10:38:34.000,-7.125,-2.5,64.0,-0.451875,0.323007,83.58,36.31,2320.0,second rest
2013-06-30 10:38:34.250,-7.0,-2.625,64.0,-23.305,0.321726,83.53,36.31,2320.25,second rest
2013-06-30 10:38:34.500,-7.375,-2.25,64.0,11.540667,0.324287,83.48,36.31,2320.5,second rest
2013-06-30 10:38:34.750,-6.625,-2.125,64.125,15.39875,0.323007,83.43,36.31,2320.75,second rest
2013-06-30 10:38:35.000,-6.625,-2.0,64.0,-16.565,0.326849,83.38,36.29,2321.0,second rest
2013-06-30 10:38:35.250,-7.0,-2.0,64.0,-1.301333,0.331972,83.33,36.29,2321.25,second rest
2013-06-30 10:38:35.500,-7.0,-2.0,64.0,18.036875,0.344779,83.28,36.29,2321.5,second rest
2013-06-30 10:38:35.750,-7.0,-2.125,64.0,-14.126,0.374235,83.23,36.29,2321.75,second rest
2013-06-30 10:38:36.000,-6.875,-2.25,64.0,-2.111875,0.392165,83.18,36.31,2322.0,second rest
2013-06-30 10:38:36.250,-7.0,-2.125,64.0,16.960625,0.396007,83.13,36.31,2322.25,second rest
2013-06-30 10:38:36.500,-6.75,-2.125,64.0,-10.326,0.398569,83.09,36.31,2322.5,second rest
2013-06-30 10:38:36.750,-6.889,-2.111,64.0,-5.588125,0.39985,83.04,36.31,2322.75,second rest
2013-06-30 10:38:37.000,-6.5,-2.0,64.125,15.359375,0.403692,83.0,36.29,2323.0,second rest
2013-06-30 10:38:37.250,-6.375,-2.0,64.0,-12.616667,0.407534,82.96,36.29,2323.25,second rest
2013-06-30 10:38:37.500,-6.625,-2.375,64.0,7.666875,0.408815,82.92,36.29,2323.5,second rest
2013-06-30 10:38:37.750,-6.25,-2.125,64.0,9.945333,0.410095,82.89,36.29,2323.75,second rest
2013-06-30 10:38:38.000,-6.875,-2.25,64.0,-23.81,0.411376,82.85,36.29,2324.0,subtract test
2013-06-30 10:38:38.250,-6.875,-2.125,64.0,10.1425,0.408815,82.81,36.29,2324.25,subtract test
2013-06-30 10:38:38.500,-7.0,-2.125,64.0,14.758,0.404972,82.78,36.29,2324.5,subtract test
2013-06-30 10:38:38.750,-7.0,-2.25,64.0,-22.789375,0.402411,82.74,36.29,2324.75,subtract test
2013-06-30 10:38:39.000,-7.125,-2.25,64.125,9.49625,0.40113,82.7,36.34,2325.0,subtract test
2013-06-30 10:38:39.250,-7.0,-2.25,64.0,14.891333,0.40113,82.66,36.34,2325.25,subtract test
2013-06-30 10:38:39.500,-7.125,-2.25,64.0,-21.655,0.40113,82.62,36.34,2325.5,subtract test
2013-06-30 10:38:39.750,-7.0,-2.125,64.0,9.344,0.402411,82.57,36.34,2325.75,subtract test
2013-06-30 10:38:40.000,-7.375,-2.25,64.0,13.07625,0.407534,82.53,36.37,2326.0,subtract test
2013-06-30 10:38:40.250,-7.125,-2.25,64.0,-18.445625,0.410095,82.49,36.37,2326.25,subtract test
2013-06-30 10:38:40.500,-7.0,-2.444,64.0,11.866,0.412657,82.45,36.37,2326.5,subtract test
2013-06-30 10:38:40.750,-7.25,-2.375,64.0,6.72375,0.415218,82.41,36.37,2326.75,subtract test
2013-06-30 10:38:41.000,-7.375,-2.5,64.0,-28.050625,0.41906,82.37,36.37,2327.0,subtract test
2013-06-30 10:38:41.250,-7.5,-2.5,64.0,19.448667,0.422902,82.34,36.37,2327.25,subtract test
2013-06-30 10:38:41.500,-7.25,-2.25,64.0,9.791875,0.41778,82.3,36.37,2327.5,subtract test
2013-06-30 10:38:41.750,-7.125,-2.5,64.0,-27.913333,0.412657,82.26,36.37,2327.75,subtract test
2013-06-30 10:38:42.000,-7.125,-2.5,64.0,21.30125,0.411376,82.22,36.34,2328.0,subtract test
2013-06-30 10:38:42.250,-7.375,-2.25,64.0,8.745,0.408815,82.17,36.34,2328.25,subtract test
2013-06-30 10:38:42.500,-7.0,-2.625,64.0,-27.764,0.403692,82.11,36.34,2328.5,subtract test
2013-06-30 10:38:42.750,-7.125,-2.125,64.0,14.09125,0.408815,82.05,36.34,2328.75,subtract test
2013-06-30 10:38:43.000,-7.0,-2.375,64.0,7.37625,0.407534,81.98,36.25,2329.0,subtract test
2013-06-30 10:38:43.250,-6.875,-2.5,64.0,-20.386667,0.406253,81.92,36.25,2329.25,subtract test
2013-06-30 10:38:43.500,-7.25,-2.125,64.0,20.713125,0.406253,81.85,36.25,2329.5,subtract test
2013-06-30 10:38:43.750,-7.25,-2.375,64.0,0.254,0.407534,81.78,36.25,2329.75,subtract test
2013-06-30 10:38:44.000,-7.375,-2.375,64.0,-19.196875,0.408815,81.7,36.21,2330.0,subtract test
2013-06-30 10:38:44.250,-7.375,-2.375,64.0,23.49375,0.410095,81.61,36.21,2330.25,subtract test
2013-06-30 10:38:44.500,-7.667,-2.667,64.0,-3.222667,0.408815,81.52,36.21,2330.5,subtract test
2013-06-30 10:38:44.750,-7.625,-2.75,64.0,-13.595625,0.411376,81.42,36.21,2330.75,subtract test
2013-06-30 10:38:45.000,-7.5,-2.625,64.0,21.2225,0.407534,81.32,36.15,2331.0,subtract test
2013-06-30 10:38:45.250,-7.125,-2.625,64.0,-5.273333,0.406253,81.22,36.15,2331.25,subtract test
2013-06-30 10:38:45.500,-7.125,-2.375,64.0,-16.61125,0.403692,81.12,36.15,2331.5,subtract test
2013-06-30 10:38:45.750,-7.0,-2.125,64.0,16.644,0.407534,81.02,36.15,2331.75,subtract test
2013-06-30 10:38:46.000,-7.25,-2.375,64.0,-3.649375,0.404972,80.92,36.15,2332.0,subtract test
2013-06-30 10:38:46.250,-7.125,-2.5,64.0,-7.858125,0.411376,80.82,36.15,2332.25,subtract test
2013-06-30 10:38:46.500,-7.125,-2.5,64.0,13.816667,0.412657,80.72,36.15,2332.5,subtract test
2013-06-30 10:38:46.750,-7.375,-2.625,64.0,-13.00875,0.413937,80.62,36.15,2332.75,subtract test
2013-06-30 10:38:47.000,-7.0,-2.5,64.0,-5.8575,0.412657,80.52,36.15,2333.0,subtract test
2013-06-30 10:38:47.250,-7.5,-2.875,64.0,12.816667,0.413937,80.42,36.15,2333.25,subtract test
2013-06-30 10:38:47.500,-7.125,-2.5,64.0,-14.9075,0.415218,80.31,36.15,2333.5,subtract test
2013-06-30 10:38:47.750,-7.0,-2.75,64.0,-5.206667,0.415218,80.2,36.15,2333.75,subtract test
2013-06-30 10:38:48.000,-7.375,-2.25,64.0,12.38875,0.413937,80.1,36.15,2334.0,subtract test
2013-06-30 10:38:48.250,-7.222,-2.556,64.0,-15.175,0.415218,80.0,36.15,2334.25,subtract test
2013-06-30 10:38:48.500,-7.25,-2.125,64.0,3.313333,0.415218,79.9,36.15,2334.5,subtract test
2013-06-30 10:38:48.750,-7.125,-2.625,64.0,13.689375,0.412657,79.8,36.15,2334.75,subtract test
2013-06-30 10:38:49.000,-7.0,-2.375,64.0,-18.98125,0.41778,79.7,36.13,2335.0,subtract test
2013-06-30 10:38:49.250,-7.125,-2.375,64.125,13.764,0.416499,79.6,36.13,2335.25,subtract test
2013-06-30 10:38:49.500,-7.0,-2.625,64.0,-0.78625,0.421622,79.51,36.13,2335.5,subtract test
2013-06-30 10:38:49.750,-7.0,-2.625,64.0,-18.001333,0.420341,79.41,36.13,2335.75,subtract test
2013-06-30 10:38:50.000,-7.5,-2.875,64.0,16.561875,0.41778,79.32,36.13,2336.0,subtract test
2013-06-30 10:38:50.250,-7.375,-2.5,64.0,-19.863125,0.421622,79.23,36.13,2336.25,subtract test
2013-06-30 10:38:50.500,-7.5,-2.5,64.0,-2.754667,0.425464,79.13,36.13,2336.5,subtract test
2013-06-30 10:38:50.750,-7.5,-3.0,64.0,-22.226875,0.430587,79.04,36.13,2336.75,subtract test
2013-06-30 10:38:51.000,-7.375,-2.5,64.0,45.725,0.442113,78.95,36.15,2337.0,subtract test
2013-06-30 10:38:51.250,-7.75,-2.875,64.0,36.052667,0.457482,78.86,36.15,2337.25,subtract test
2013-06-30 10:38:51.500,-7.625,-2.875,64.0,-22.91375,0.467727,78.78,36.15,2337.5,subtract test
2013-06-30 10:38:51.750,-7.625,-2.875,64.0,-9.331333,0.479254,78.7,36.15,2337.75,subtract test
2013-06-30 10:38:52.000,-7.875,-2.625,64.0,24.77,0.485657,78.62,36.11,2338.0,subtract test
2013-06-30 10:38:52.250,-7.667,-2.667,64.0,-36.87,0.488219,78.55,36.11,2338.25,subtract test
2013-06-30 10:38:52.500,-7.75,-2.75,64.0,-1.252,0.49078,78.48,36.11,2338.5,subtract test
2013-06-30 10:38:52.750,-7.125,-2.625,64.0,16.605625,0.494622,78.42,36.11,2338.75,subtract test
2013-06-30 10:38:53.000,-7.5,-2.625,64.0,-22.525625,0.499745,78.35,36.11,2339.0,subtract test
2013-06-30 10:38:53.250,-7.125,-2.75,64.0,16.066667,0.513833,78.28,36.11,2339.25,subtract test
2013-06-30 10:38:53.500,-7.125,-2.625,64.0,-5.775625,0.513833,78.22,36.11,2339.5,subtract test
2013-06-30 10:38:53.750,-7.0,-2.5,64.0,0.555333,0.520237,78.17,36.11,2339.75,subtract test
2013-06-30 10:38:54.000,-7.0,-2.5,64.0,32.425,0.52536,78.13,36.13,2340.0,subtract test
2013-06-30 10:38:54.250,-7.0,-2.375,64.0,1.48625,0.52664,78.11,36.13,2340.25,subtract test
2013-06-30 10:38:54.500,-7.0,-2.375,64.0,-36.445333,0.536886,78.09,36.13,2340.5,subtract test
2013-06-30 10:38:54.750,-6.75,-2.875,64.0,15.440625,0.539447,78.09,36.13,2340.75,subtract test
2013-06-30 10:38:55.000,-6.875,-3.0,64.0,0.263125,0.572746,78.08,36.11,2341.0,subtract test
2013-06-30 10:38:55.250,-6.625,-2.375,64.125,-22.546667,0.58043,78.07,36.11,2341.25,subtract test
2013-06-30 10:38:55.500,-6.375,-2.625,64.0,11.006875,0.584272,78.06,36.11,2341.5,subtract test
2013-06-30 10:38:55.750,-6.75,-2.625,64.125,4.235333,0.588115,78.05,36.11,2341.75,subtract test
2013-06-30 10:38:56.000,-6.778,-2.444,64.0,-2.5325,0.600922,78.05,36.13,2342.0,subtract test
2013-06-30 10:38:56.250,-6.875,-2.5,64.0,15.581875,0.61629,78.06,36.13,2342.25,subtract test
2013-06-30 10:38:56.500,-7.0,-2.625,64.0,-12.520667,0.635501,78.08,36.13,2342.5,subtract test
2013-06-30 10:38:56.750,-7.0,-2.5,64.0,18.60625,0.649589,78.1,36.13,2342.75,subtract test
2013-06-30 10:38:57.000,-7.0,-2.5,64.0,-11.0975,0.667519,78.13,36.11,2343.0,subtract test
2013-06-30 10:38:57.250,-7.125,-2.625,64.0,-28.048,0.700817,78.16,36.11,2343.25,subtract test
2013-06-30 10:38:57.500,-7.625,-2.375,64.0,6.83,0.732835,78.18,36.11,2343.5,subtract test
2013-06-30 10:38:57.750,-7.5,-2.875,64.0,1.221333,0.763572,78.2,36.11,2343.75,subtract test
2013-06-30 10:38:58.000,-7.375,-2.75,64.0,0.7175,0.775099,78.22,36.11,2344.0,subtract test
2013-06-30 10:38:58.250,-7.625,-2.875,64.0,-9.79,0.769976,78.24,36.11,2344.25,subtract test
2013-06-30 10:38:58.500,-7.5,-2.75,64.0,-20.520667,0.761011,78.25,36.11,2344.5,subtract test
2013-06-30 10:38:58.750,-7.25,-2.625,64.0,28.723125,0.762292,78.26,36.11,2344.75,subtract test
2013-06-30 10:38:59.000,-7.5,-2.625,64.0,-9.43375,0.753327,78.27,36.09,2345.0,subtract test
2013-06-30 10:38:59.250,-7.375,-2.875,64.0,-8.236,0.744362,78.28,36.09,2345.25,subtract test
2013-06-30 10:38:59.500,-7.375,-2.625,64.0,8.4925,0.737958,78.29,36.09,2345.5,subtract test
2013-06-30 10:38:59.750,-7.5,-2.875,64.0,10.549333,0.725151,78.29,36.09,2345.75,subtract test
2013-06-30 10:39:00.000,-7.667,-2.778,64.0,33.221875,0.721309,78.3,36.05,2346.0,subtract test
2013-06-30 10:39:00.250,-7.5,-2.75,64.0,-9.7325,0.716186,78.31,36.05,2346.25,subtract test
2013-06-30 10:39:00.500,-7.75,-3.0,64.0,-26.946667,0.712344,78.31,36.05,2346.5,subtract test
2013-06-30 10:39:00.750,-7.875,-2.875,64.0,9.083125,0.711063,78.31,36.05,2346.75,subtract test
2013-06-30 10:39:01.000,-7.125,-2.875,64.0,-103.86,0.717467,78.32,36.09,2347.0,subtract test
2013-06-30 10:39:01.250,-7.25,-2.75,64.0,64.731333,0.731555,78.33,36.09,2347.25,subtract test
2013-06-30 10:39:01.500,-7.0,-2.75,64.0,132.768125,0.743081,78.33,36.09,2347.5,subtract test
2013-06-30 10:39:01.750,-7.375,-2.75,64.0,178.060667,0.745642,78.33,36.09,2347.75,subtract test
2013-06-30 10:39:02.000,-7.125,-3.0,64.0,-82.470625,0.746923,78.32,36.07,2348.0,subtract test
2013-06-30 10:39:02.250,-7.125,-3.0,64.0,-91.504375,0.744362,78.3,36.07,2348.25,subtract test
2013-06-30 10:39:02.500,-7.25,-2.875,64.0,-172.313333,0.739239,78.28,36.07,2348.5,subtract test
2013-06-30 10:39:02.750,-7.0,-2.875,64.0,-80.34125,0.736677,78.27,36.07,2348.75,subtract test
2013-06-30 10:39:03.000,-7.0,-2.875,64.0,57.458125,0.727712,78.28,36.09,2349.0,subtract test
2013-06-30 10:39:03.250,-7.0,-2.875,64.0,104.090667,0.725151,78.31,36.09,2349.25,subtract test
2013-06-30 10:39:03.500,-7.0,-2.75,64.0,2.309375,0.718747,78.36,36.09,2349.5,subtract test
2013-06-30 10:39:03.750,-7.0,-3.0,64.0,-61.04,0.712344,78.41,36.09,2349.75,subtract test
2013-06-30 10:39:04.000,-6.0,-2.625,63.625,-14.355625,0.70594,78.47,36.05,2350.0,subtract test
2013-06-30 10:39:04.250,-3.125,2.625,65.0,118.569375,0.707221,78.52,36.05,2350.25,subtract test
2013-06-30 10:39:04.500,-2.375,2.75,64.75,37.998667,0.70466,78.56,36.05,2350.5,subtract test
2013-06-30 10:39:04.750,-1.5,3.625,64.375,4.444375,0.698256,78.59,36.05,2350.75,subtract test
2013-06-30 10:39:05.000,-2.5,-0.75,64.375,-7.683125,0.700817,78.63,36.07,2351.0,subtract test
2013-06-30 10:39:05.250,-5.375,-3.375,64.25,150.498667,0.702098,78.67,36.07,2351.25,subtract test
2013-06-30 10:39:05.500,-5.375,-2.0,64.25,130.365625,0.707221,78.7,36.07,2351.5,subtract test
2013-06-30 10:39:05.750,-5.375,-2.0,64.25,107.67,0.709782,78.74,36.07,2351.75,subtract test
2013-06-30 10:39:06.000,-6.0,-2.0,64.25,16.03625,0.720028,78.78,36.07,2352.0,subtract test
2013-06-30 10:39:06.250,-5.875,-2.0,64.0,-65.7075,0.718747,78.82,36.07,2352.25,subtract test
2013-06-30 10:39:06.500,-5.875,-2.0,64.125,-106.591333,0.721309,78.86,36.07,2352.5,subtract test
2013-06-30 10:39:06.750,-5.875,-2.0,64.125,-375.9375,0.717467,78.89,36.07,2352.75,subtract test
2013-06-30 10:39:07.000,-6.0,-2.0,64.0,-506.969375,0.72259,78.93,36.05,2353.0,subtract test
2013-06-30 10:39:07.250,-6.0,-2.0,64.0,146.800667,0.725151,78.97,36.05,2353.25,subtract test
2013-06-30 10:39:07.500,-5.875,-2.0,64.25,18.173125,0.74052,79.0,36.05,2353.5,subtract test
2013-06-30 10:39:07.750,-5.778,-2.0,64.0,-3.706,0.762292,79.04,36.05,2353.75,subtract test
2013-06-30 10:39:08.000,-5.875,-2.0,64.125,290.07875,0.782783,79.07,36.07,2354.0,subtract test
2013-06-30 10:39:08.250,-6.0,-2.0,64.0,234.068125,0.799432,79.1,36.07,2354.25,subtract test
2013-06-30 10:39:08.500,-5.625,-2.0,64.125,-108.868667,0.81224,79.12,36.07,2354.5,subtract test
2013-06-30 10:39:08.750,-6.0,-2.0,64.0,-13.4,0.825047,79.15,36.07,2354.75,subtract test
2013-06-30 10:39:09.000,-6.0,-2.0,64.25,-46.301875,0.854503,79.17,36.05,2355.0,subtract test
2013-06-30 10:39:09.250,-6.0,-2.0,64.0,-82.804667,0.855784,79.19,36.05,2355.25,subtract test
2013-06-30 10:39:09.500,-5.75,-2.0,64.125,13.025625,0.853222,79.21,36.05,2355.5,subtract test
2013-06-30 10:39:09.750,-5.875,-2.0,64.25,247.818,0.851942,79.23,36.05,2355.75,subtract test
2013-06-30 10:39:10.000,-6.0,-2.125,64.125,182.27375,0.845538,79.25,36.07,2356.0,subtract test
2013-06-30 10:39:10.250,-6.125,-2.0,64.0,-230.079375,0.844257,79.26,36.07,2356.25,subtract test
2013-06-30 10:39:10.500,-5.875,-2.0,64.0,62.132667,0.840415,79.27,36.07,2356.5,subtract test
2013-06-30 10:39:10.750,-5.375,-2.0,64.25,74.481875,0.835292,79.27,36.07,2356.75,subtract test
2013-06-30 10:39:11.000,-5.75,-2.0,64.125,-321.608125,0.834012,79.27,36.05,2357.0,subtract test
2013-06-30 10:39:11.250,-5.25,-2.0,64.25,-97.924667,0.83017,79.27,36.05,2357.25,subtract test
2013-06-30 10:39:11.500,-5.222,-2.111,64.333,5.17125,0.83017,79.26,36.05,2357.5,subtract test
2013-06-30 10:39:11.750,-5.125,-2.0,64.375,241.911333,0.83145,79.26,36.05,2357.75,subtract test
2013-06-30 10:39:12.000,-5.5,-2.0,64.25,-343.406875,0.844257,79.25,36.07,2358.0,subtract test
2013-06-30 10:39:12.250,-5.75,-2.125,64.0,-150.37125,0.84938,79.24,36.07,2358.25,subtract test
2013-06-30 10:39:12.500,-5.75,-2.125,64.0,156.564667,0.851942,79.24,36.07,2358.5,subtract test
2013-06-30 10:39:12.750,-6.375,-2.125,64.125,157.32625,0.851942,79.23,36.07,2358.75,subtract test
2013-06-30 10:39:13.000,-6.875,-2.25,64.125,-154.4325,0.855784,79.23,36.07,2359.0,subtract test
2013-06-30 10:39:13.250,-6.5,-2.0,64.125,147.582667,0.850661,79.23,36.07,2359.25,subtract test
2013-06-30 10:39:13.500,-6.125,-2.0,64.0,242.4625,0.851942,79.24,36.07,2359.5,subtract test
2013-06-30 10:39:13.750,-6.0,-2.0,64.0,40.886667,0.850661,79.24,36.07,2359.75,subtract test
2013-06-30 10:39:14.000,-6.375,-2.125,64.0,-1.914375,0.8481,79.25,36.07,2360.0,subtract test
2013-06-30 10:39:14.250,-5.75,-2.0,64.0,-63.286875,0.84938,79.25,36.07,2360.25,subtract test
2013-06-30 10:39:14.500,-5.75,-2.0,64.0,-232.778,0.844257,79.26,36.07,2360.5,subtract test
2013-06-30 10:39:14.750,-5.75,-2.0,64.0,-27.445625,0.845538,79.25,36.07,2360.75,subtract test
2013-06-30 10:39:15.000,-6.0,-2.125,64.125,38.035625,0.836573,79.25,36.05,2361.0,subtract test
2013-06-30 10:39:15.250,-6.0,-2.0,64.125,45.105333,0.837854,79.24,36.05,2361.25,subtract test
2013-06-30 10:39:15.500,-6.0,-2.0,64.111,61.805,0.832731,79.23,36.05,2361.5,subtract test
2013-06-30 10:39:15.750,-5.875,-2.125,64.125,69.136667,0.827608,79.22,36.05,2361.75,subtract test
2013-06-30 10:39:16.000,-6.0,-2.0,64.0,-16.24,0.828889,79.2,36.05,2362.0,subtract test
2013-06-30 10:39:16.250,-6.0,-2.0,64.0,10.628125,0.828889,79.18,36.05,2362.25,subtract test
2013-06-30 10:39:16.500,-6.0,-2.0,64.0,52.429333,0.83145,79.16,36.05,2362.5,subtract test
2013-06-30 10:39:16.750,-6.0,-2.0,64.125,39.29875,0.823766,79.14,36.05,2362.75,subtract test
2013-06-30 10:39:17.000,-6.0,-2.0,64.125,-3.56625,0.832731,79.12,36.05,2363.0,subtract test
2013-06-30 10:39:17.250,-6.0,-2.0,64.125,14.904667,0.83017,79.11,36.05,2363.25,subtract test
2013-06-30 10:39:17.500,-6.0,-2.0,64.125,11.484375,0.828889,79.09,36.05,2363.5,subtract test
2013-06-30 10:39:17.750,-6.0,-2.0,64.0,-33.536667,0.83145,79.09,36.05,2363.75,subtract test
2013-06-30 10:39:18.000,-6.0,-2.0,64.125,-8.336875,0.835292,79.08,36.07,2364.0,subtract test
2013-06-30 10:39:18.250,-5.625,-2.125,64.125,-6.700625,0.842977,79.08,36.07,2364.25,subtract test
2013-06-30 10:39:18.500,-5.375,-1.875,64.125,-13.564,0.845538,79.08,36.07,2364.5,subtract test
2013-06-30 10:39:18.750,-3.625,2.0,64.75,14.6175,0.850661,79.07,36.07,2364.75,subtract test
2013-06-30 10:39:19.000,-3.25,3.75,64.625,30.1925,0.850661,79.07,36.07,2365.0,subtract test
2013-06-30 10:39:19.250,-3.778,5.444,64.222,81.725333,0.851942,79.06,36.07,2365.25,subtract test
2013-06-30 10:39:19.500,-2.625,5.375,64.5,294.701875,0.851942,79.06,36.07,2365.5,subtract test
2013-06-30 10:39:19.750,-5.125,-0.375,62.75,49.048667,0.854503,79.05,36.07,2365.75,subtract test
2013-06-30 10:39:20.000,-5.875,-2.0,64.0,-362.92375,0.853222,79.05,36.09,2366.0,subtract test
2013-06-30 10:39:20.250,-5.25,-2.0,64.125,-85.851875,0.855784,79.05,36.09,2366.25,subtract test
2013-06-30 10:39:20.500,-5.375,-2.0,64.125,-5.847333,0.855784,79.06,36.09,2366.5,subtract test
2013-06-30 10:39:20.750,-5.375,-2.0,64.25,30.440625,0.858345,79.07,36.09,2366.75,subtract test
2013-06-30 10:39:21.000,-5.125,-2.0,64.25,39.48375,0.858345,79.1,36.05,2367.0,subtract test
2013-06-30 10:39:21.250,-5.25,-2.0,64.5,-12.528,0.857065,79.14,36.05,2367.25,no phase
2013-06-30 10:39:21.500,-5.0,-2.0,64.125,15.088125,0.854503,79.19,36.05,2367.5,no phase
2013-06-30 10:39:21.750,-4.75,-2.0,64.25,26.33,0.853222,79.25,36.05,2367.75,no phase
2013-06-30 10:39:22.000,-4.75,-2.0,64.375,-56.0175,0.850661,79.33,36.05,2368.0,no phase
2013-06-30 10:39:22.250,-5.0,-2.0,64.125,-115.11875,0.851942,79.42,36.05,2368.25,no phase
2013-06-30 10:39:22.500,-5.0,-2.0,64.25,-33.509333,0.854503,79.52,36.05,2368.5,no phase
2013-06-30 10:39:22.750,-4.875,-2.0,64.375,4.548125,0.851942,79.63,36.05,2368.75,no phase
2013-06-30 10:39:23.000,-5.0,-2.0,64.375,-9.270625,0.850661,79.73,36.05,2369.0,no phase
2013-06-30 10:39:23.250,-5.0,-2.0,64.111,21.547333,0.850661,79.82,36.05,2369.25,no phase
2013-06-30 10:39:23.500,-4.5,-2.0,64.375,35.098125,0.855784,79.91,36.05,2369.5,no phase
2013-06-30 10:39:23.750,-4.375,-2.0,64.125,-22.325333,0.869872,79.99,36.05,2369.75,no phase
2013-06-30 10:39:24.000,-4.375,-2.0,64.25,-30.924375,0.895486,80.08,36.05,2370.0,no phase
2013-06-30 10:39:24.250,-4.25,-2.0,64.25,30.170625,0.917258,80.17,36.05,2370.25,no phase
2013-06-30 10:39:24.500,-4.375,-2.0,64.0,27.532,0.928785,80.27,36.05,2370.5,no phase
2013-06-30 10:39:24.750,-4.625,-2.0,64.25,-29.055,0.93775,80.37,36.05,2370.75,no phase
2013-06-30 10:39:25.000,-4.75,-2.0,64.25,-13.274375,0.93775,80.47,36.13,2371.0,no phase
2013-06-30 10:39:25.250,-4.625,-2.0,64.625,41.802,0.947995,80.57,36.13,2371.25,no phase
2013-06-30 10:39:25.500,-4.25,-2.0,64.375,16.06125,0.941592,80.68,36.13,2371.5,no phase
2013-06-30 10:39:25.750,-4.75,-2.0,64.25,-5.678,0.918539,80.78,36.13,2371.75,no phase
2013-06-30 10:39:26.000,-5.0,-2.0,64.0,-23.76875,0.918539,80.88,36.07,2372.0,no phase
2013-06-30 10:39:26.250,-5.375,-2.0,64.625,19.605,0.91982,80.98,36.07,2372.25,no phase
2013-06-30 10:39:26.500,-5.0,-2.125,64.25,18.763333,0.963364,81.08,36.07,2372.5,no phase
2013-06-30 10:39:26.750,-5.5,-2.0,64.25,-19.831875,0.95568,81.17,36.07,2372.75,no phase
2013-06-30 10:39:27.000,-5.111,-2.0,64.111,3.410625,0.95568,81.27,36.07,2373.0,no phase
2013-06-30 10:39:27.250,-5.125,-2.125,64.25,21.78,0.950557,81.37,36.07,2373.25,no phase
2013-06-30 10:39:27.500,-5.25,-2.0,64.0,-7.578125,0.950557,81.47,36.07,2373.5,no phase
2013-06-30 10:39:27.750,-5.0,-2.0,64.0,-12.002,0.958241,81.57,36.07,2373.75,no phase
2013-06-30 10:39:28.000,-5.0,-2.0,64.375,33.330625,0.951837,81.67,36.09,2374.0,no phase
2013-06-30 10:39:28.250,-5.5,-2.0,64.125,-11.098125,0.949276,81.77,36.09,2374.25,no phase
2013-06-30 10:39:28.500,-5.25,-2.0,64.375,12.068667,0.946715,81.88,36.09,2374.5,no phase
2013-06-30 10:39:28.750,-4.875,-2.0,64.125,13.886875,0.945434,81.99,36.09,2374.75,no phase
2013-06-30 10:39:29.000,-4.625,-2.0,64.5,-37.42125,0.947995,82.1,36.07,2375.0,no phase
2013-06-30 10:39:29.250,-4.875,-2.0,64.125,-12.295333,0.936469,82.21,36.07,2375.25,no phase
2013-06-30 10:39:29.500,-4.5,-2.0,64.375,20.8625,0.935188,82.33,36.07,2375.5,no phase
2013-06-30 10:39:29.750,-4.625,-2.0,64.25,5.900667,0.931346,82.45,36.07,2375.75,no phase
2013-06-30 10:39:30.000,-4.625,-2.0,64.125,1.031875,0.930065,82.57,36.07,2376.0,no phase
2013-06-30 10:39:30.250,-4.625,-2.0,64.25,0.371875,0.931346,82.69,36.07,2376.25,no phase
2013-06-30 10:39:30.500,-4.625,-2.0,64.625,-30.653333,0.931346,82.81,36.07,2376.5,no phase
2013-06-30 10:39:30.750,-4.75,-2.0,64.375,14.21375,0.933907,82.93,36.07,2376.75,no phase
2013-06-30 10:39:31.000,-4.444,-2.0,64.222,9.499375,0.930065,83.05,36.07,2377.0,no phase
2013-06-30 10:39:31.250,-4.125,-2.0,64.625,-18.115333,0.933907,83.17,36.07,2377.25,no phase
2013-06-30 10:39:31.500,-4.5,-2.0,64.125,-12.130625,0.933907,83.3,36.07,2377.5,no phase
2013-06-30 10:39:31.750,-4.25,-2.0,64.75,-1.533333,0.936469,83.42,36.07,2377.75,no phase
2013-06-30 10:39:32.000,-4.625,-2.0,64.25,18.540625,0.947995,83.55,36.09,2378.0,no phase
2013-06-30 10:39:32.250,-3.875,-2.125,64.25,40.093125,0.959522,83.68,36.09,2378.25,no phase
2013-06-30 10:39:32.500,-4.125,-2.0,64.5,-0.537333,0.971048,83.8,36.09,2378.5,no phase
2013-06-30 10:39:32.750,-4.375,-2.0,64.125,-3.048125,0.97489,83.93,36.09,2378.75,no phase
2013-06-30 10:39:33.000,-4.75,-2.0,64.375,13.91,0.981294,84.05,36.07,2379.0,no phase
2013-06-30 10:39:33.250,-4.375,-2.125,64.25,1.910667,0.985136,84.17,36.07,2379.25,no phase
2013-06-30 10:39:33.500,-4.75,-2.125,64.375,-28.378125,0.990259,84.29,36.07,2379.5,no phase
2013-06-30 10:39:33.750,-4.75,-2.0,64.25,3.569333,0.996662,84.41,36.07,2379.75,no phase
2013-06-30 10:39:34.000,-4.75,-2.125,64.375,1.7425,1.008189,84.53,36.09,2380.0,no phase
2013-06-30 10:39:34.250,-4.75,-2.0,64.5,-7.741875,1.018435,84.65,36.09,2380.25,no phase
2013-06-30 10:39:34.500,-3.875,-2.0,64.5,-15.848667,1.033803,84.77,36.09,2380.5,no phase
2013-06-30 10:39:34.750,-4.333,-2.0,64.222,-0.433125,1.003135,84.9,36.09,2380.75,no phase
2013-06-30 10:39:35.000,-4.0,-2.0,64.375,-11.866875,1.046679,85.02,36.09,2381.0,no phase
2013-06-30 10:39:35.250,-4.125,-2.0,64.5,-10.520667,1.054364,85.15,36.09,2381.25,no phase
2013-06-30 10:39:35.500,-3.875,-2.0,64.375,-12.83625,1.050521,85.27,36.09,2381.5,no phase
2013-06-30 10:39:35.750,-3.5,-2.0,64.375,13.999333,1.042837,85.4,36.09,2381.75,no phase
2013-06-30 10:39:36.000,-3.625,-2.125,64.625,-2.503125,1.028749,85.52,36.07,2382.0,no phase
2013-06-30 10:39:36.250,-3.375,-2.0,64.625,161.670625,1.028749,85.64,36.07,2382.25,no phase
2013-06-30 10:39:36.500,-4.0,-2.0,64.25,139.676,1.032591,85.75,36.07,2382.5,no phase
2013-06-30 10:39:36.750,-3.875,-2.0,64.25,67.684375,1.068451,85.86,36.07,2382.75,no phase
2013-06-30 10:39:37.000,-4.0,-2.0,64.5,30.30125,1.10175,85.97,36.09,2383.0,no phase
2013-06-30 10:39:37.250,-4.0,-2.0,64.375,-15.092,1.120961,86.08,36.09,2383.25,no phase
2013-06-30 10:39:37.500,-4.0,-2.0,64.125,-41.160625,1.129926,86.19,36.09,2383.5,no phase
2013-06-30 10:39:37.750,-3.875,-2.0,64.25,-122.173333,1.126084,86.29,36.09,2383.75,no phase
2013-06-30 10:39:38.000,-4.0,-2.0,64.5,-246.276875,1.114557,86.4,36.11,2384.0,no phase
2013-06-30 10:39:38.250,-4.0,-2.0,64.375,-80.1175,1.105592,86.51,36.11,2384.25,no phase
2013-06-30 10:39:38.500,-3.75,-2.0,64.5,-18.435333,1.094066,86.61,36.11,2384.5,no phase
2013-06-30 10:39:38.750,-3.778,-2.0,64.444,-130.2725,1.078697,86.72,36.11,2384.75,no phase
2013-06-30 10:39:39.000,-4.0,-2.0,64.375,-517.643125,1.064609,86.83,36.13,2385.0,no phase
2013-06-30 10:39:39.250,-3.875,-2.0,64.25,-11.052667,1.044118,86.94,36.13,2385.25,no phase
2013-06-30 10:39:39.500,-4.0,-2.0,64.5,579.3125,1.033872,87.05,36.13,2385.5,no phase
2013-06-30 10:39:39.750,-3.875,-2.0,64.5,193.364,1.018504,87.16,36.13,2385.75,no phase
2013-06-30 10:39:40.000,-4.0,-2.0,64.625,-1.375,1.008258,87.28,36.15,2386.0,no phase
2013-06-30 10:39:40.250,-3.875,-2.0,64.625,-6.04625,0.977521,87.4,36.15,2386.25,no phase
2013-06-30 10:39:40.500,-3.75,-2.0,64.375,14.780667,0.953187,87.51,36.15,2386.5,no phase
2013-06-30 10:39:40.750,-3.5,-2.0,64.25,-44.009375,0.933976,87.63,36.15,2386.75,no phase
2013-06-30 10:39:41.000,-3.25,-2.0,64.25,-133.445,0.928854,87.75,36.09,2387.0,no phase
2013-06-30 10:39:41.250,-0.25,3.375,64.75,-94.073333,0.949345,87.87,36.09,2387.25,no phase
2013-06-30 10:39:41.500,1.0,3.25,64.75,-10.7075,0.964714,87.98,36.09,2387.5,no phase
2013-06-30 10:39:41.750,0.375,2.625,64.875,-43.484667,0.968556,88.1,36.09,2387.75,no phase
2013-06-30 10:39:42.000,0.375,3.75,64.375,-14.080625,0.967275,88.22,36.07,2388.0,no phase
2013-06-30 10:39:42.250,0.75,4.25,64.5,61.606875,0.968556,88.35,36.07,2388.25,no phase
2013-06-30 10:39:42.500,-1.444,0.0,63.111,157.441333,0.971117,88.48,36.07,2388.5,no phase
2013-06-30 10:39:42.750,-3.125,-1.75,64.875,261.473125,0.969836,88.61,36.07,2388.75,no phase
2013-06-30 10:39:43.000,-3.375,-2.0,64.625,55.390625,0.965994,88.75,36.05,2389.0,no phase
2013-06-30 10:39:43.250,-3.875,-2.0,64.625,29.714,0.957029,88.89,36.05,2389.25,no phase
2013-06-30 10:39:43.500,-3.625,-2.0,64.625,-29.788125,0.957029,89.04,36.05,2389.5,no phase
2013-06-30 10:39:43.750,-3.625,-2.0,64.625,-7.331333,0.957029,89.19,36.05,2389.75,no phase
2013-06-30 10:39:44.000,-3.5,-2.0,64.5,1.9775,0.955749,89.35,36.05,2390.0,no phase
2013-06-30 10:39:44.250,-3.75,-2.0,64.625,-23.778125,0.962152,89.52,36.05,2390.25,no phase
2013-06-30 10:39:44.500,-3.625,-2.0,64.5,17.142667,0.960871,89.7,36.05,2390.5,no phase
2013-06-30 10:39:44.750,-3.75,-2.0,64.625,-0.15375,0.954468,89.88,36.05,2390.75,no phase
2013-06-30 10:39:45.000,-3.5,-2.0,64.625,-21.225,0.957029,90.07,36.07,2391.0,no phase
2013-06-30 10:39:45.250,-3.25,-2.0,64.75,-1.307333,0.953187,90.25,36.07,2391.25,no phase
2013-06-30 10:39:45.500,-3.5,-2.0,64.5,-21.295625,0.964714,90.44,36.07,2391.5,no phase
2013-06-30 10:39:45.750,-3.625,-2.0,64.75,0.688,0.968556,90.62,36.07,2391.75,no phase
2013-06-30 10:39:46.000,-3.125,-2.0,64.625,-1.814375,0.974959,90.8,36.07,2392.0,no phase
2013-06-30 10:39:46.250,-3.0,-2.0,64.625,-8.84875,0.973679,90.98,36.07,2392.25,no phase
2013-06-30 10:39:46.500,-2.667,-2.0,64.778,5.970667,0.97624,91.16,36.07,2392.5,no phase
2013-06-30 10:39:46.750,-2.375,-2.0,64.75,-6.563125,0.982644,91.35,36.07,2392.75,no phase
2013-06-30 10:39:47.000,-2.75,-2.0,64.625,4.65875,0.99417,91.53,36.09,2393.0,no phase
2013-06-30 10:39:47.250,-3.0,-2.0,64.5,-2.26,1.009539,91.72,36.09,2393.25,no phase
2013-06-30 10:39:47.500,-3.0,-2.0,64.875,-10.821875,1.006977,91.9,36.09,2393.5,no phase
2013-06-30 10:39:47.750,-2.875,-2.0,64.75,-0.408,1.022346,92.09,36.09,2393.75,no phase
2013-06-30 10:39:48.000,-2.75,-2.0,64.75,-15.3625,1.036434,92.27,36.11,2394.0,no phase
2013-06-30 10:39:48.250,-2.5,-2.0,64.75,0.454375,1.062048,92.45,36.11,2394.25,no phase
2013-06-30 10:39:48.500,-3.125,-2.0,64.5,0.43,1.081259,92.63,36.11,2394.5,no phase
2013-06-30 10:39:48.750,-3.0,-2.0,64.5,-3.424375,1.103031,92.8,36.11,2394.75,no phase
2013-06-30 10:39:49.000,-3.25,-2.0,64.625,4.40875,1.124803,92.97,36.15,2395.0,no phase
2013-06-30 10:39:49.250,-2.875,-2.0,64.5,-10.785333,1.131206,93.14,36.15,2395.25,no phase
2013-06-30 10:39:49.500,-3.0,-2.0,64.5,1.2825,1.132487,93.31,36.15,2395.5,no phase
2013-06-30 10:39:49.750,-3.0,-2.0,64.875,-14.785333,1.132487,93.47,36.15,2395.75,no phase
2013-06-30 10:39:50.000,-3.0,-2.0,64.75,-3.654375,1.128645,93.63,36.15,2396.0,no phase
2013-06-30 10:39:50.250,-3.0,-2.0,64.444,2.31625,1.118399,93.79,36.15,2396.25,no phase
2013-06-30 10:39:50.500,-2.875,-2.0,64.875,-4.628667,1.118399,93.94,36.15,2396.5,no phase
2013-06-30 10:39:50.750,-2.75,-2.0,64.375,8.28125,1.118399,94.08,36.15,2396.75,no phase
2013-06-30 10:39:51.000,-2.125,-2.0,64.75,-6.48,1.113276,94.23,36.16,2397.0,no phase
2013-06-30 10:39:51.250,-2.5,-2.0,64.75,1.426,1.105592,94.37,36.16,2397.25,no phase
2013-06-30 10:39:51.500,-2.625,-2.0,64.625,-6.505625,1.096627,94.51,36.16,2397.5,no phase
2013-06-30 10:39:51.750,-2.5,-2.0,64.625,1.255333,1.087662,94.64,36.16,2397.75,no phase
2013-06-30 10:39:52.000,-2.375,-2.0,64.5,5.298125,1.076136,94.77,36.16,2398.0,no phase
2013-06-30 10:39:52.250,-2.375,-2.0,64.75,-1.04125,1.069732,94.89,36.16,2398.25,no phase
2013-06-30 10:39:52.500,-2.25,-2.0,64.625,11.788,1.064609,95.0,36.16,2398.5,no phase
2013-06-30 10:39:52.750,-2.5,-2.0,64.625,-6.595,1.058206,95.11,36.16,2398.75,no phase
2013-06-30 10:39:53.000,-2.25,-2.0,64.875,-4.7575,1.051802,95.23,36.18,2399.0,no phase
2013-06-30 10:39:53.250,-2.375,-2.0,64.5,-9.135333,1.049241,95.35,36.18,2399.25,no phase
2013-06-30 10:39:53.500,-2.25,-2.0,64.875,-7.39875,1.04796,95.48,36.18,2399.5,no phase
2013-06-30 10:39:53.750,-2.125,-2.0,64.5,8.548667,1.054364,95.6,36.18,2399.75,no phase
2013-06-30 10:39:54.000,-2.0,-2.0,64.625,-6.208125,1.06589,95.7,36.16,2400.0,no phase
2013-06-30 10:39:54.250,-2.0,-2.0,64.778,-5.0425,1.074855,95.78,36.16,2400.25,no phase
2013-06-30 10:39:54.500,-2.0,-2.0,65.0,4.670667,1.082539,95.85,36.16,2400.5,no phase
2013-06-30 10:39:54.750,-2.0,-2.0,64.875,-2.69,1.088943,95.9,36.16,2400.75,no phase
2013-06-30 10:39:55.000,-2.0,-2.0,65.0,0.26375,1.079978,95.95,36.16,2401.0,no phase
2013-06-30 10:39:55.250,-1.875,-2.0,64.75,-1.608667,1.074855,96.0,36.16,2401.25,no phase
2013-06-30 10:39:55.500,-2.0,-2.0,64.75,-7.37875,1.067171,96.05,36.16,2401.5,no phase
2013-06-30 10:39:55.750,-2.0,-2.0,64.875,6.537333,1.062048,96.1,36.16,2401.75,no phase
2013-06-30 10:39:56.000,-2.0,-2.0,64.625,-10.523125,1.053083,96.13,36.18,2402.0,no phase
2013-06-30 10:39:56.250,-2.0,-2.0,64.625,-3.479375,1.050521,96.15,36.18,2402.25,no phase
2013-06-30 10:39:56.500,-2.0,-2.0,64.625,-11.987333,1.04796,96.15,36.18,2402.5,no phase
2013-06-30 10:39:56.750,-2.25,-2.0,65.0,-8.3225,1.044118,96.15,36.18,2402.75,no phase
2013-06-30 10:39:57.000,-2.0,-2.0,64.75,13.26,1.041556,96.15,36.18,2403.0,no phase
2013-06-30 10:39:57.250,-2.0,-2.0,64.375,-1.617333,1.041556,96.15,36.18,2403.25,no phase
2013-06-30 10:39:57.500,-2.0,-2.0,64.875,3.92875,1.041556,96.15,36.18,2403.5,no phase
2013-06-30 10:39:57.750,-2.0,-2.0,64.625,-2.024667,1.042837,96.15,36.18,2403.75,no phase
2013-06-30 10:39:58.000,-2.0,-2.0,65.0,1.25,1.044118,96.15,36.18,2404.0,no phase
2013-06-30 10:39:58.250,-2.25,-1.875,64.5,-0.475625,1.041556,96.15,36.18,2404.25,no phase
2013-06-30 10:39:58.500,-2.875,-2.0,64.625,-5.551333,1.045399,96.15,36.18,2404.5,no phase
2013-06-30 10:39:58.750,-2.625,-2.0,64.625,6.279375,1.045399,96.15,36.18,2404.75,no phase
2013-06-30 10:39:59.000,-2.375,-2.0,64.75,-9.375625,1.042837,96.15,36.18,2405.0,no phase
2013-06-30 10:39:59.250,-2.625,-2.0,64.75,11.634,1.042837,96.16,36.18,2405.25,no phase
2013-06-30 10:39:59.500,-2.5,-2.0,64.75,-0.819375,1.040276,96.17,36.18,2405.5,no phase
2013-06-30 10:39:59.750,-3.25,-2.0,64.625,-1.1,1.040276,96.18,36.18,2405.75,no phase
2013-06-30 10:40:00.000,-2.75,-2.0,64.75,12.616875,1.040276,96.2,36.16,2406.0,no phase
2013-06-30 10:40:00.250,-2.875,-2.0,64.625,1.396875,1.035153,96.22,36.16,2406.25,no phase
2013-06-30 10:40:00.500,-3.0,-2.0,64.5,20.358,1.038995,96.25,36.16,2406.5,no phase
2013-06-30 10:40:00.750,-3.0,-2.0,64.625,-18.634375,1.032591,96.28,36.16,2406.75,no phase
2013-06-30 10:40:01.000,-2.75,-2.0,64.375,-1.958125,1.037714,96.3,36.18,2407.0,no phase
2013-06-30 10:40:01.250,-3.0,-2.0,64.5,9.410667,1.035153,96.32,36.18,2407.25,no phase
2013-06-30 10:40:01.500,-3.0,-2.0,64.75,-21.005625,1.042837,96.34,36.18,2407.5,no phase
2013-06-30 10:40:01.750,-3.5,-2.0,64.5,-3.573333,1.040276,96.37,36.18,2407.75,no phase
2013-06-30 10:40:02.000,-3.333,-2.0,64.556,-1.591875,1.041556,96.4,36.23,2408.0,no phase
2013-06-30 10:40:02.250,-3.5,-2.0,64.375,-17.78875,1.041556,96.44,36.23,2408.25,no phase
2013-06-30 10:40:02.500,-3.125,-2.0,64.75,12.932667,1.040276,96.48,36.23,2408.5,no phase
2013-06-30 10:40:02.750,-3.5,-2.0,64.375,24.675625,1.035153,96.51,36.23,2408.75,no phase
2013-06-30 10:40:03.000,-3.625,-2.0,64.375,4.945625,1.019784,96.52,36.23,2409.0,no phase
2013-06-30 10:40:03.250,-3.875,-2.0,64.375,4.818,1.010819,96.5,36.23,2409.25,no phase
2013-06-30 10:40:03.500,-3.875,-2.0,64.25,-20.1225,0.996731,96.46,36.23,2409.5,no phase
2013-06-30 10:40:03.750,-3.5,-2.0,64.625,-8.168667,0.998012,96.4,36.23,2409.75,no phase
2013-06-30 10:40:04.000,-3.5,-2.0,64.375,-9.57875,0.992889,96.35,36.21,2410.0,no phase
2013-06-30 10:40:04.250,-3.625,-2.0,64.625,-3.310625,1.008258,96.3,36.21,2410.25,no phase
2013-06-30 10:40:04.500,-3.625,-2.0,64.625,10.854667,1.015942,96.27,36.21,2410.5,no phase
2013-06-30 10:40:04.750,-3.125,-2.0,64.375,-4.956875,1.021065,96.23,36.21,2410.75,no phase
2013-06-30 10:40:05.000,-3.75,-2.0,64.5,9.46,1.021065,96.2,36.18,2411.0,no phase
2013-06-30 10:40:05.250,-4.25,-2.0,64.375,1.888,1.023626,96.17,36.18,2411.25,no phase
2013-06-30 10:40:05.500,-4.375,-2.0,64.5,-10.275,1.024907,96.13,36.18,2411.5,no phase
2013-06-30 10:40:05.750,-4.444,-2.0,64.333,10.17,1.028749,96.09,36.18,2411.75,no phase
2013-06-30 10:40:06.000,-4.375,-2.0,64.375,-3.148125,1.028749,96.05,36.23,2412.0,no phase
2013-06-30 10:40:06.250,-4.25,-2.0,64.0,-2.09875,1.028749,96.01,36.23,2412.25,no phase
2013-06-30 10:40:06.500,-4.5,-2.0,64.125,9.405333,1.027469,95.97,36.23,2412.5,no phase
2013-06-30 10:40:06.750,-4.375,-2.0,64.125,-6.338125,1.027469,95.92,36.23,2412.75,no phase
2013-06-30 10:40:07.000,-4.25,-2.0,64.0,6.92875,1.03003,95.88,36.23,2413.0,no phase
2013-06-30 10:40:07.250,-4.125,-2.0,64.25,5.189333,1.026188,95.83,36.23,2413.25,no phase
2013-06-30 10:40:07.500,-4.25,-2.0,64.25,-15.879375,1.026188,95.79,36.23,2413.5,no phase
2013-06-30 10:40:07.750,-4.375,-2.0,64.25,1.12,1.024907,95.74,36.23,2413.75,no phase
2013-06-30 10:40:08.000,-4.5,-2.0,64.375,-5.78375,1.026188,95.7,36.27,2414.0,no phase
2013-06-30 10:40:08.250,-4.25,-2.0,64.375,-11.1,1.027469,95.66,36.27,2414.25,no phase
2013-06-30 10:40:08.500,-4.375,-2.0,64.5,13.146667,1.027469,95.62,36.27,2414.5,no phase
2013-06-30 10:40:08.750,-4.25,-2.0,64.375,2.231875,1.028749,95.58,36.27,2414.75,no phase
2013-06-30 10:40:09.000,-4.0,-2.0,64.375,6.364375,1.03003,95.53,36.27,2415.0,no phase
2013-06-30 10:40:09.250,-4.25,-2.0,64.25,3.019333,1.028749,95.48,36.27,2415.25,no phase
2013-06-30 10:40:09.500,-4.25,-2.0,64.625,-12.031875,1.024907,95.42,36.27,2415.5,no phase
2013-06-30 10:40:09.750,-4.0,-2.0,64.444,10.916667,1.027469,95.36,36.27,2415.75,no phase
2013-06-30 10:40:10.000,-4.375,-2.0,64.125,-0.64625,1.022346,95.3,36.29,2416.0,no phase
2013-06-30 10:40:10.250,-4.125,-2.0,64.5,1.319375,1.024907,95.24,36.29,2416.25,no phase
2013-06-30 10:40:10.500,-4.25,-2.0,64.5,7.821333,1.024907,95.18,36.29,2416.5,no phase
2013-06-30 10:40:10.750,-4.25,-2.0,64.5,-7.884375,1.028749,95.13,36.29,2416.75,no phase
2013-06-30 10:40:11.000,-4.0,-2.0,64.375,24.629375,1.040276,95.07,36.33,2417.0,no phase
2013-06-30 10:40:11.250,-4.0,-2.0,64.375,5.700667,1.046679,95.02,36.33,2417.25,no phase
2013-06-30 10:40:11.500,-4.0,-2.0,64.625,-15.878125,1.060767,94.97,36.33,2417.5,no phase
2013-06-30 10:40:11.750,-4.0,-2.0,64.5,-1.834667,1.059486,94.92,36.33,2417.75,no phase
2013-06-30 10:40:12.000,-4.0,-2.0,64.5,5.899375,1.056925,94.88,36.33,2418.0,no phase
2013-06-30 10:40:12.250,-4.0,-2.0,64.25,-15.19625,1.053083,94.85,36.33,2418.25,no phase
2013-06-30 10:40:12.500,-3.625,-2.0,64.625,6.737333,1.050521,94.82,36.33,2418.5,no phase
2013-06-30 10:40:12.750,-4.125,-2.0,64.375,-1.29125,1.056925,94.8,36.33,2418.75,no phase
2013-06-30 10:40:13.000,-4.0,-2.0,64.375,-11.2575,1.072294,94.78,36.34,2419.0,no phase
2013-06-30 10:40:13.250,-4.0,-2.0,64.25,8.528667,1.103031,94.76,36.34,2419.25,no phase
2013-06-30 10:40:13.500,-4.0,-2.0,64.556,-4.95875,1.132487,94.75,36.34,2419.5,no phase
2013-06-30 10:40:13.750,-4.0,-2.0,64.625,1.443333,1.160663,94.73,36.34,2419.75,no phase
2013-06-30 10:40:14.000,-4.0,-2.0,64.375,2.655625,1.176031,94.72,36.37,2420.0,no phase
2013-06-30 10:40:14.250,-4.125,-2.0,64.375,-21.264375,1.182435,94.71,36.37,2420.25,no phase
2013-06-30 10:40:14.500,-4.25,-2.0,64.375,6.358,1.179874,94.7,36.37,2420.5,no phase
2013-06-30 10:40:14.750,-4.5,-2.0,64.25,2.61625,1.174751,94.68,36.37,2420.75,no phase
2013-06-30 10:40:15.000,-4.625,-2.0,64.375,-11.40375,1.164505,94.67,36.37,2421.0,no phase
2013-06-30 10:40:15.250,-4.75,-2.0,64.125,-2.616,1.163224,94.65,36.37,2421.25,no phase
2013-06-30 10:40:15.500,-4.625,-2.0,64.5,-9.674375,1.160663,94.64,36.37,2421.5,no phase
2013-06-30 10:40:15.750,-4.625,-2.0,64.375,5.652,1.161944,94.62,36.37,2421.75,no phase
2013-06-30 10:40:16.000,-4.25,-2.0,64.5,-2.34625,1.168347,94.62,36.41,2422.0,no phase
2013-06-30 10:40:16.250,-4.375,-2.0,64.5,8.555,1.177312,94.63,36.41,2422.25,no phase
2013-06-30 10:40:16.500,-4.0,-1.875,64.5,1.169333,1.193961,94.64,36.41,2422.5,no phase
2013-06-30 10:40:16.750,-4.125,-2.0,64.25,-4.06125,1.223418,94.66,36.41,2422.75,no phase
2013-06-30 10:40:17.000,-4.25,-2.0,64.125,9.0075,1.269524,94.68,36.37,2423.0,no phase
2013-06-30 10:40:17.250,-4.0,-2.0,64.25,-13.468667,1.304103,94.7,36.37,2423.25,no phase
2013-06-30 10:40:17.500,-4.0,-2.0,64.556,12.846875,1.333559,94.73,36.37,2423.5,no phase
2013-06-30 10:40:17.750,-4.375,-2.0,64.375,-3.434,1.35277,94.75,36.37,2423.75,no phase
2013-06-30 10:40:18.000,-4.5,-2.0,64.375,3.823125,1.383507,94.78,36.41,2424.0,no phase
2013-06-30 10:40:18.250,-4.75,-2.0,64.125,6.733125,1.375823,94.81,36.41,2424.25,no phase
2013-06-30 10:40:18.500,-5.0,-2.0,64.125,-10.289333,1.35277,94.84,36.41,2424.5,no phase
2013-06-30 10:40:18.750,-4.875,-2.0,64.25,14.354375,1.333559,94.87,36.41,2424.75,no phase
2013-06-30 10:40:19.000,-4.75,-2.0,64.5,-3.639375,1.314349,94.9,36.43,2425.0,no phase
2013-06-30 10:40:19.250,-4.625,-2.125,64.375,-1.613333,1.291296,94.92,36.43,2425.25,no phase
2013-06-30 10:40:19.500,-4.75,-2.0,64.5,8.274375,1.282331,94.94,36.43,2425.5,no phase
2013-06-30 10:40:19.750,-3.5,-2.0,64.75,7.148667,1.275927,94.96,36.43,2425.75,no phase
2013-06-30 10:40:20.000,-3.0,-2.0,64.75,-1.16,1.270804,94.98,36.41,2426.0,no phase
2013-06-30 10:40:20.250,-3.0,-1.875,64.625,4.405,1.270804,95.01,36.41,2426.25,no phase
2013-06-30 10:40:20.500,-3.0,-2.0,64.625,-20.083333,1.275927,95.05,36.41,2426.5,no phase
2013-06-30 10:40:20.750,-2.375,-2.0,64.75,12.6075,1.296419,95.08,36.41,2426.75,no phase
2013-06-30 10:40:21.000,-2.5,-2.0,64.5,11.638125,1.342524,95.12,36.43,2427.0,no phase
2013-06-30 10:40:21.250,-1.444,-2.0,64.889,-12.275333,1.386069,95.15,36.43,2427.25,no phase
2013-06-30 10:40:21.500,-1.375,-2.0,64.5,5.63,1.409121,95.18,36.43,2427.5,no phase
2013-06-30 10:40:21.750,-1.0,-1.875,64.75,12.946,1.434736,95.2,36.43,2427.75,no phase
2013-06-30 10:40:22.000,-1.875,-2.125,64.625,-5.2375,1.451385,95.22,36.43,2428.0,no phase
2013-06-30 10:40:22.250,-3.5,-1.875,64.625,-4.07375,1.459069,95.24,36.43,2428.25,no phase
2013-06-30 10:40:22.500,-5.375,-3.625,64.125,23.518667,1.49621,95.26,36.43,2428.5,no phase
2013-06-30 10:40:22.750,-4.375,-1.875,64.25,13.67625,1.495028,95.27,36.43,2428.75,no phase
2013-06-30 10:40:23.000,-3.0,-1.625,64.625,-137.005625,1.502713,95.28,36.41,2429.0,no phase
2013-06-30 10:40:23.250,-3.375,-2.375,64.625,59.044667,1.510397,95.28,36.41,2429.25,no phase
2013-06-30 10:40:23.500,-3.125,-1.875,64.5,97.52125,1.514239,95.26,36.41,2429.5,no phase
2013-06-30 10:40:23.750,-4.25,-2.0,64.125,5.537333,1.503993,95.25,36.41,2429.75,no phase
2013-06-30 10:40:24.000,-4.0,-2.0,64.5,-65.14125,1.491186,95.23,36.39,2430.0,no phase
2013-06-30 10:40:24.250,-4.25,-2.0,64.5,-156.868125,1.478379,95.22,36.39,2430.25,no phase
2013-06-30 10:40:24.500,-3.875,-2.0,64.625,-23.181333,1.464291,95.2,36.39,2430.5,no phase
2013-06-30 10:40:24.750,-4.125,-2.0,64.75,-6.398125,1.451484,95.19,36.39,2430.75,no phase
2013-06-30 10:40:25.000,-3.375,-2.0,64.5,46.113125,1.447642,95.18,36.39,2431.0,no phase
2013-06-30 10:40:25.250,-3.333,-2.0,64.667,7.446667,1.438677,95.16,36.39,2431.25,no phase
2013-06-30 10:40:25.500,-3.625,-2.0,64.625,-1.825,1.428431,95.15,36.39,2431.5,no phase
2013-06-30 10:40:25.750,-4.125,-2.0,64.375,30.742,1.418185,95.13,36.39,2431.75,no phase
2013-06-30 10:40:26.000,-3.0,-2.0,64.75,-0.84125,1.40794,95.12,36.41,2432.0,no phase
2013-06-30 10:40:26.250,-3.125,-2.0,64.75,47.596875,1.404098,95.11,36.41,2432.25,no phase
2013-06-30 10:40:26.500,-3.75,-2.0,64.5,32.155333,1.400255,95.1,36.41,2432.5,no phase
2013-06-30 10:40:26.750,-3.625,-2.0,64.5,-10.01375,1.406659,95.09,36.41,2432.75,no phase
2013-06-30 10:40:27.000,-3.625,-2.0,64.375,34.6275,1.406659,95.07,36.41,2433.0,no phase
2013-06-30 10:40:27.250,-3.375,-2.0,64.375,1.812667,1.416905,95.04,36.41,2433.25,no phase
2013-06-30 10:40:27.500,-3.75,-2.0,64.375,5.3125,1.418185,95.0,36.41,2433.5,no phase
2013-06-30 10:40:27.750,-5.25,-1.875,64.25,27.929333,1.423308,94.96,36.41,2433.75,no phase
2013-06-30 10:40:28.000,-8.0,-1.875,64.0,-12.57125,1.420747,94.93,36.41,2434.0,no phase
2013-06-30 10:40:28.250,-7.125,-2.125,64.125,24.8975,1.414343,94.91,36.41,2434.25,no phase
2013-06-30 10:40:28.500,-6.0,-2.0,64.0,17.253333,1.40794,94.9,36.41,2434.5,no phase
2013-06-30 10:40:28.750,-5.5,-2.0,64.0,9.79125,1.400255,94.9,36.41,2434.75,no phase
2013-06-30 10:40:29.000,-5.556,-2.0,64.0,9.518125,1.405378,94.9,36.41,2435.0,no phase
2013-06-30 10:40:29.250,-5.625,-2.0,64.125,-21.927333,1.393852,94.9,36.41,2435.25,no phase
2013-06-30 10:40:29.500,-5.5,-2.0,64.25,17.303125,1.401536,94.9,36.41,2435.5,no phase
2013-06-30 10:40:29.750,-5.5,-2.25,64.375,-8.613333,1.401536,94.9,36.41,2435.75,no phase
2013-06-30 10:40:30.000,-4.375,-2.0,64.375,-26.50125,1.402817,94.9,36.41,2436.0,no phase
2013-06-30 10:40:30.250,-5.0,-2.0,64.125,19.86625,1.398975,94.9,36.41,2436.25,no phase
2013-06-30 10:40:30.500,-4.625,-2.0,64.375,-13.146,1.395133,94.91,36.41,2436.5,no phase
2013-06-30 10:40:30.750,-4.875,-2.0,64.125,8.989375,1.388729,94.92,36.41,2436.75,no phase
2013-06-30 10:40:31.000,-4.875,-2.0,64.625,9.061875,1.382325,94.92,36.39,2437.0,no phase
2013-06-30 10:40:31.250,-5.0,-2.125,64.125,-11.502,1.379764,94.92,36.39,2437.25,no phase
2013-06-30 10:40:31.500,-5.375,-2.125,64.25,-5.759375,1.375922,94.92,36.39,2437.5,no phase
2013-06-30 10:40:31.750,-5.125,-2.0,64.125,8.806667,1.374641,94.92,36.39,2437.75,no phase
2013-06-30 10:40:32.000,-4.375,-2.0,64.25,10.21625,1.375922,94.93,36.37,2438.0,no phase
2013-06-30 10:40:32.250,-4.375,-2.0,64.375,-21.85125,1.383606,94.95,36.37,2438.25,no phase
2013-06-30 10:40:32.500,-5.875,-2.375,64.25,19.384,1.387448,94.97,36.37,2438.5,no phase
2013-06-30 10:40:32.750,-5.5,-2.0,64.375,11.935625,1.39129,95.0,36.37,2438.75,no phase
2013-06-30 10:40:33.000,-5.333,-2.111,64.333,-10.000625,1.392571,95.03,36.39,2439.0,no phase
2013-06-30 10:40:33.250,-5.625,-2.0,64.25,6.018,1.400255,95.06,36.39,2439.25,no phase
2013-06-30 10:40:33.500,-6.375,-2.25,64.125,-4.67875,1.430993,95.1,36.39,2439.5,no phase
2013-06-30 10:40:33.750,-5.125,-1.625,64.375,-2.648667,1.495028,95.12,36.39,2439.75,no phase
2013-06-30 10:40:34.000,-4.375,-1.875,64.375,-5.368125,1.571871,95.15,36.39,2440.0,no phase
2013-06-30 10:40:34.250,-3.75,-1.5,64.625,-14.9625,1.616696,95.17,36.39,2440.25,no phase
2013-06-30 10:40:34.500,-4.375,-2.0,64.375,8.476,1.628223,95.18,36.39,2440.5,no phase
2013-06-30 10:40:34.750,-4.5,-2.0,64.375,-4.963125,1.638468,95.19,36.39,2440.75,no phase
2013-06-30 10:40:35.000,-3.875,-1.75,64.5,-8.004375,1.635907,95.2,36.37,2441.0,no phase
2013-06-30 10:40:35.250,-5.625,-1.75,64.125,4.576667,1.615415,95.21,36.37,2441.25,no phase
2013-06-30 10:40:35.500,-5.0,-1.25,64.375,-12.800625,1.58852,95.21,36.37,2441.5,no phase
2013-06-30 10:40:35.750,-5.125,-1.0,64.375,2.774,1.561625,95.22,36.37,2441.75,no phase
2013-06-30 10:40:36.000,-6.5,-0.75,64.125,0.69625,1.548818,95.23,36.39,2442.0,no phase
2013-06-30 10:40:36.250,-5.875,-1.125,64.125,-18.00625,1.537292,95.24,36.39,2442.25,no phase
2013-06-30 10:40:36.500,-6.25,-1.625,64.0,11.903333,1.550099,95.26,36.39,2442.5,no phase
2013-06-30 10:40:36.750,-6.222,-2.0,64.0,-0.960625,1.561625,95.28,36.39,2442.75,no phase
2013-06-30 10:40:37.000,-5.75,-1.75,64.25,-11.96,1.580836,95.3,36.39,2443.0,no phase
2013-06-30 10:40:37.250,-5.625,-2.0,64.25,18.013333,1.585959,95.32,36.39,2443.25,no phase
2013-06-30 10:40:37.500,-5.875,-1.875,64.125,36.37125,1.58724,95.33,36.39,2443.5,no phase
2013-06-30 10:40:37.750,-6.25,-2.0,64.25,25.479333,1.58724,95.35,36.39,2443.75,no phase
2013-06-30 10:40:38.000,-7.875,-2.625,64.0,-101.46125,1.583398,95.37,36.37,2444.0,no phase
2013-06-30 10:40:38.250,-6.25,-1.875,64.25,45.27375,1.576994,95.39,36.37,2444.25,no phase
2013-06-30 10:40:38.500,-5.625,-1.625,64.5,66.239333,1.575713,95.41,36.37,2444.5,no phase
2013-06-30 10:40:38.750,-5.375,-2.75,64.375,30.70375,1.564187,95.42,36.37,2444.75,no phase
2013-06-30 10:40:39.000,-5.25,-2.0,64.25,-147.364375,1.565468,95.43,36.37,2445.0,no phase
2013-06-30 10:40:39.250,-5.125,-2.5,64.25,-185.925333,1.560345,95.43,36.37,2445.25,no phase
2013-06-30 10:40:39.500,-5.125,-2.25,64.25,1.7975,1.562906,95.41,36.37,2445.5,no phase
2013-06-30 10:40:39.750,-5.125,-2.25,64.125,32.680667,1.565468,95.4,36.37,2445.75,no phase
2013-06-30 10:40:40.000,-5.875,-2.375,64.25,21.42375,1.585959,95.38,36.34,2446.0,no phase
2013-06-30 10:40:40.250,-4.5,-2.125,64.5,-31.18125,1.603889,95.36,36.34,2446.25,no phase
2013-06-30 10:40:40.500,-5.625,-2.375,64.25,49.482667,1.615415,95.34,36.34,2446.5,no phase
2013-06-30 10:40:40.750,-5.333,-2.222,64.556,17.51,1.629503,95.32,36.34,2446.75,no phase
2013-06-30 10:40:41.000,-5.5,-2.125,64.0,29.766875,1.62438,95.3,36.39,2447.0,no phase
2013-06-30 10:40:41.250,-5.875,-2.5,64.375,33.222667,1.616696,95.27,36.39,2447.25,no phase
2013-06-30 10:40:41.500,-8.625,-2.875,64.0,-15.745625,1.609012,95.24,36.39,2447.5,no phase
2013-06-30 10:40:41.750,-7.875,-2.75,64.0,41.154667,1.596205,95.21,36.39,2447.75,no phase
2013-06-30 10:40:42.000,-7.875,-2.125,64.0,26.769375,1.597485,95.18,36.34,2448.0,no phase
2013-06-30 10:40:42.250,-8.125,-2.125,64.0,3.350625,1.629503,95.15,36.34,2448.25,no phase
2013-06-30 10:40:42.500,-8.25,-2.5,64.0,23.843333,1.67689,95.13,36.34,2448.5,no phase
2013-06-30 10:40:42.750,-9.0,-2.875,64.0,-3.018125,1.719153,95.1,36.34,2448.75,no phase
2013-06-30 10:40:43.000,-6.625,-2.5,64.375,29.1875,1.752452,95.07,36.34,2449.0,no phase
2013-06-30 10:40:43.250,-5.75,-2.375,64.25,6.277333,1.772943,95.04,36.34,2449.25,no phase
2013-06-30 10:40:43.500,-4.5,-2.5,64.5,-15.024375,1.794715,95.0,36.34,2449.5,no phase
2013-06-30 10:40:43.750,-5.75,-2.875,64.0,11.885333,1.853628,94.97,36.34,2449.75,no phase
2013-06-30 10:40:44.000,-6.375,-3.25,64.0,-18.723125,1.862593,94.93,36.34,2450.0,no phase
2013-06-30 10:40:44.250,-5.875,-3.75,64.0,-1.82125,1.85619,94.89,36.34,2450.25,no phase
2013-06-30 10:40:44.500,-7.444,-2.0,64.111,-4.130667,1.884365,94.85,36.34,2450.5,no phase
2013-06-30 10:40:44.750,-7.625,-1.625,64.0,-4.648125,1.938155,94.81,36.34,2450.75,no phase
2013-06-30 10:40:45.000,-9.875,-2.25,63.75,14.164375,1.9817,94.77,36.31,2451.0,no phase
2013-06-30 10:40:45.250,-8.75,-2.875,64.0,-1.222,2.012636,94.72,36.31,2451.25,no phase
2013-06-30 10:40:45.500,-9.375,-1.375,64.25,5.12125,2.045935,94.68,36.31,2451.5,no phase
2013-06-30 10:40:45.750,-9.125,-1.625,64.0,3.876667,2.033128,94.63,36.31,2451.75,no phase
2013-06-30 10:40:46.000,-8.375,-1.75,64.0,-15.18875,2.008794,94.58,36.31,2452.0,no phase
2013-06-30 10:40:46.250,-7.25,-2.25,64.125,12.485,1.981899,94.53,36.31,2452.25,no phase
2013-06-30 10:40:46.500,-8.0,-2.0,64.125,-3.418667,1.952442,94.49,36.31,2452.5,no phase
2013-06-30 10:40:46.750,-9.5,-1.625,64.0,14.7575,1.924267,94.44,36.31,2452.75,no phase
2013-06-30 10:40:47.000,-8.5,-1.75,64.0,-9.43125,1.91146,94.4,36.31,2453.0,no phase
2013-06-30 10:40:47.250,-7.875,-2.125,64.0,4.035333,1.915302,94.36,36.31,2453.25,no phase
2013-06-30 10:40:47.500,-8.75,-2.0,64.0,2.93,1.915302,94.31,36.31,2453.5,no phase
2013-06-30 10:40:47.750,-8.75,-2.0,64.0,-8.177333,1.955004,94.27,36.31,2453.75,no phase
2013-06-30 10:40:48.000,-9.125,-2.125,64.0,16.39375,1.960127,94.22,36.31,2454.0,no phase
2013-06-30 10:40:48.250,-8.25,-2.0,64.0,4.43375,1.944758,94.17,36.31,2454.25,no phase
2013-06-30 10:40:48.500,-8.556,-2.0,64.0,-13.402667,1.925547,94.13,36.31,2454.5,no phase
2013-06-30 10:40:48.750,-8.75,-2.0,64.0,-4.570625,1.905056,94.08,36.31,2454.75,no phase
2013-06-30 10:40:49.000,-9.125,-2.0,64.0,10.2175,1.882003,94.05,36.31,2455.0,no phase
2013-06-30 10:40:49.250,-8.125,-2.125,64.0,-8.190667,1.856389,94.02,36.31,2455.25,no phase
2013-06-30 10:40:49.500,-8.25,-2.125,64.0,1.388125,1.833336,94.01,36.31,2455.5,no phase
2013-06-30 10:40:49.750,-8.5,-1.875,64.0,-2.527333,1.82181,93.99,36.31,2455.75,no phase
2013-06-30 10:40:50.000,-9.375,-1.625,64.0,-15.8675,1.835897,93.98,36.34,2456.0,no phase
2013-06-30 10:40:50.250,-8.5,-2.0,64.0,1.438125,1.833336,93.97,36.34,2456.25,no phase
2013-06-30 10:40:50.500,-8.0,-2.0,64.0,1.184667,1.853827,93.95,36.34,2456.5,no phase
2013-06-30 10:40:50.750,-8.375,-1.75,64.0,-8.995,1.864073,93.94,36.34,2456.75,no phase
2013-06-30 10:40:51.000,-8.25,-2.0,64.0,10.18375,1.873038,93.93,36.33,2457.0,no phase
2013-06-30 10:40:51.250,-7.875,-2.0,64.0,-4.07,1.870477,93.92,36.33,2457.25,no phase
2013-06-30 10:40:51.500,-8.125,-2.0,64.0,-5.1125,1.879442,93.92,36.33,2457.5,no phase
2013-06-30 10:40:51.750,-8.625,-2.0,64.0,-6.915333,1.89481,93.92,36.33,2457.75,no phase
2013-06-30 10:40:52.000,-8.375,-2.0,64.0,13.443125,1.92939,93.92,36.31,2458.0,no phase
2013-06-30 10:40:52.250,-8.667,-2.111,64.0,-26.1525,1.928109,93.92,36.31,2458.25,no phase
2013-06-30 10:40:52.500,-8.0,-2.125,64.0,-6.992667,1.934512,93.92,36.31,2458.5,no phase
2013-06-30 10:40:52.750,-7.875,-2.0,64.0,4.51875,1.942197,93.92,36.31,2458.75,no phase
2013-06-30 10:40:53.000,-8.25,-2.375,64.125,4.024375,1.946039,93.92,36.33,2459.0,no phase
2013-06-30 10:40:53.250,-7.375,-2.0,64.125,-7.818,1.951162,93.91,36.33,2459.25,no phase
2013-06-30 10:40:53.500,-7.375,-2.0,64.0,8.503125,1.94732,93.9,36.33,2459.5,no phase
2013-06-30 10:40:53.750,-7.5,-2.0,64.0,-16.828667,1.937074,93.89,36.33,2459.75,no phase
2013-06-30 10:40:54.000,-7.0,-2.0,64.0,2.296875,1.919144,93.88,36.31,2460.0,no phase
2013-06-30 10:40:54.250,-6.875,-2.0,64.0,6.628125,1.902495,93.87,36.31,2460.25,no phase
2013-06-30 10:40:54.500,-7.625,-2.0,64.0,-1.91,1.899933,93.87,36.31,2460.5,no phase
2013-06-30 10:40:54.750,-6.625,-1.875,64.25,7.41875,1.899933,93.87,36.31,2460.75,no phase
2013-06-30 10:40:55.000,-8.5,-1.875,64.0,-12.50125,1.915302,93.87,36.29,2461.0,no phase
2013-06-30 10:40:55.250,-8.5,-2.25,64.0,6.446667,1.921705,93.87,36.29,2461.25,no phase
2013-06-30 10:40:55.500,-7.375,-2.625,64.0,15.31,1.938355,93.87,36.29,2461.5,no phase
2013-06-30 10:40:55.750,-6.375,-3.25,64.0,-18.568,1.961407,93.88,36.29,2461.75,no phase
2013-06-30 10:40:56.000,-5.25,-3.25,64.375,4.664375,2.043373,93.88,36.27,2462.0,no phase
2013-06-30 10:40:56.250,-7.667,-2.222,64.111,-1.22125,2.159918,93.89,36.27,2462.25,no phase
2013-06-30 10:40:56.500,-6.625,-2.0,64.125,-8.048,2.259814,93.89,36.27,2462.5,no phase
2013-06-30 10:40:56.750,-6.375,-2.25,64.125,5.416875,2.317446,93.9,36.27,2462.75,no phase
2013-06-30 10:40:57.000,-6.75,-2.25,64.0,-10.155,2.340499,93.9,36.27,2463.0,no phase
2013-06-30 10:40:57.250,-6.75,-2.125,64.125,13.942,2.336657,93.9,36.27,2463.25,no phase
2013-06-30 10:40:57.500,-8.0,-2.125,63.75,-9.935,2.35971,93.91,36.27,2463.5,no phase
2013-06-30 10:40:57.750,-6.5,-2.375,64.125,-3.822,2.37892,93.91,36.27,2463.75,no phase
2013-06-30 10:40:58.000,-7.0,-2.25,64.0,8.52375,2.357148,93.92,36.27,2464.0,no phase
2013-06-30 10:40:58.250,-7.0,-2.0,64.0,-12.68125,2.340499,93.93,36.27,2464.25,no phase
2013-06-30 10:40:58.500,-7.0,-2.125,64.0,17.336667,2.327692,93.95,36.27,2464.5,no phase
2013-06-30 10:40:58.750,-7.0,-2.0,64.0,-5.421875,2.317446,93.97,36.27,2464.75,no phase
2013-06-30 10:40:59.000,-6.75,-2.0,64.125,-14.20125,2.311042,93.98,36.23,2465.0,no phase
2013-06-30 10:40:59.250,-7.375,-2.25,64.125,12.122667,2.308481,93.99,36.23,2465.25,no phase
2013-06-30 10:40:59.500,-7.0,-2.125,63.875,-15.198125,2.291832,93.99,36.23,2465.5,no phase
2013-06-30 10:40:59.750,-7.375,-2.25,64.0,12.303333,2.28799,93.99,36.23,2465.75,no phase
2013-06-30 10:41:00.000,-7.111,-2.333,64.0,-2.4975,2.286709,93.98,36.27,2466.0,no phase
2013-06-30 10:41:00.250,-7.25,-2.25,64.0,-11.74375,2.304639,93.97,36.27,2466.25,no phase
2013-06-30 10:41:00.500,-8.125,-2.5,64.0,31.124667,2.357148,93.95,36.27,2466.5,no phase
2013-06-30 10:41:00.750,-7.875,-2.75,63.75,19.56,2.405815,93.93,36.27,2466.75,no phase
2013-06-30 10:41:01.000,-7.5,-2.125,64.375,3.304375,2.446798,93.92,36.27,2467.0,no phase
2013-06-30 10:41:01.250,-6.75,-2.0,64.125,-163.900667,2.475842,93.91,36.27,2467.25,no phase
2013-06-30 10:41:01.500,-7.375,-2.0,64.0,122.051875,2.464315,93.9,36.27,2467.5,no phase
2013-06-30 10:41:01.750,-6.75,-2.0,64.25,110.208,2.471999,93.89,36.27,2467.75,no phase
2013-06-30 10:41:02.000,-8.0,-2.0,64.125,107.871875,2.464315,93.88,36.25,2468.0,no phase
2013-06-30 10:41:02.250,-7.375,-1.75,64.125,-78.185625,2.47328,93.87,36.25,2468.25,no phase
2013-06-30 10:41:02.500,-8.75,-0.75,64.0,-409.320667,2.457911,93.85,36.25,2468.5,no phase
2013-06-30 10:41:02.750,-9.75,-1.125,63.875,40.87625,2.427174,93.84,36.25,2468.75,no phase
2013-06-30 10:41:03.000,-8.625,-1.375,64.0,29.783125,2.395157,93.83,36.27,2469.0,no phase
2013-06-30 10:41:03.250,-7.75,-1.75,64.25,7.741333,2.356735,93.82,36.27,2469.25,no phase
2013-06-30 10:41:03.500,-7.125,-3.375,64.25,19.374375,2.323436,93.81,36.27,2469.5,no phase
2013-06-30 10:41:03.750,-8.75,-3.0,64.125,0.788,2.309349,93.81,36.27,2469.75,no phase
2013-06-30 10:41:04.000,-9.222,-1.778,64.222,-17.02625,2.349051,93.8,36.27,2470.0,no phase
2013-06-30 10:41:04.250,-8.75,-1.875,64.125,57.286875,2.407964,93.79,36.27,2470.25,no phase
2013-06-30 10:41:04.500,-8.375,-1.875,64.0,28.509333,2.439981,93.78,36.27,2470.5,no phase
2013-06-30 10:41:04.750,-8.125,-1.0,63.875,0.4,2.478403,93.76,36.27,2470.75,no phase
2013-06-30 10:41:05.000,-9.375,-0.75,64.0,41.56,2.495052,93.75,36.27,2471.0,no phase
2013-06-30 10:41:05.250,-7.375,-1.5,64.25,-2.740667,2.511702,93.74,36.27,2471.25,no phase
2013-06-30 10:41:05.500,-8.875,-1.5,64.0,30.28,2.518105,93.72,36.27,2471.5,no phase
2013-06-30 10:41:05.750,-8.25,-1.0,64.125,25.248,2.52707,93.71,36.27,2471.75,no phase
2013-06-30 10:41:06.000,-7.375,-2.25,64.5,-21.2325,2.518105,93.7,36.29,2472.0,no phase
2013-06-30 10:41:06.250,-7.5,0.0,64.25,24.579375,2.543719,93.7,36.29,2472.25,no phase
2013-06-30 10:41:06.500,-7.75,-1.375,64.0,23.388,2.600071,93.69,36.29,2472.5,no phase
2013-06-30 10:41:06.750,-7.25,-1.875,64.125,-32.189375,2.660264,93.7,36.29,2472.75,no phase
2013-06-30 10:41:07.000,-8.5,-2.0,64.0,28.10875,2.707651,93.7,36.31,2473.0,no phase
2013-06-30 10:41:07.250,-8.625,-2.125,64.0,6.628,2.711493,93.7,36.31,2473.25,no phase
2013-06-30 10:41:07.500,-8.5,-1.875,64.0,-2.176875,2.667949,93.71,36.31,2473.5,no phase
2013-06-30 10:41:07.750,-8.222,-1.778,64.222,27.899333,2.633369,93.71,36.31,2473.75,no phase
2013-06-30 10:41:08.000,-9.0,-1.875,63.875,4.3275,2.597509,93.72,36.31,2474.0,no phase
2013-06-30 10:41:08.250,-13.0,-1.75,63.5,-6.0775,2.56293,93.73,36.31,2474.25,no phase
2013-06-30 10:41:08.500,-12.5,-2.5,63.375,21.486,2.525789,93.73,36.31,2474.5,no phase
2013-06-30 10:41:08.750,-9.0,-1.125,64.125,-15.90625,2.510421,93.74,36.31,2474.75,no phase
2013-06-30 10:41:09.000,-10.0,-1.625,64.0,-5.783125,2.514263,93.75,36.31,2475.0,no phase
2013-06-30 10:41:09.250,-10.375,-1.25,64.0,11.643333,2.519386,93.76,36.31,2475.25,no phase
2013-06-30 10:41:09.500,-10.0,-1.875,64.0,-1.233125,2.528351,93.78,36.31,2475.5,no phase
2013-06-30 10:41:09.750,-9.75,-1.75,64.0,7.365333,2.532193,93.8,36.31,2475.75,no phase
2013-06-30 10:41:10.000,-9.75,-1.75,64.0,-4.80375,2.537316,93.83,36.31,2476.0,no phase
2013-06-30 10:41:10.250,-9.25,-1.75,64.0,-20.14125,2.537316,93.86,36.31,2476.25,no phase
2013-06-30 10:41:10.500,-8.875,-2.0,64.0,16.476,2.534754,93.9,36.31,2476.5,no phase
2013-06-30 10:41:10.750,-9.5,-1.375,64.0,-4.275,2.528351,93.94,36.31,2476.75,no phase
2013-06-30 10:41:11.000,-9.625,-1.125,64.0,-4.46,2.520667,93.97,36.33,2477.0,no phase
2013-06-30 10:41:11.250,-9.875,-1.375,64.0,3.96,2.507859,93.99,36.33,2477.25,no phase
2013-06-30 10:41:11.500,-9.0,-1.375,64.0,-9.4425,2.511702,94.01,36.33,2477.5,no phase
2013-06-30 10:41:11.750,-8.111,-1.889,64.0,-3.28,2.507859,94.02,36.33,2477.75,no phase
2013-06-30 10:41:12.000,-8.125,-1.75,64.0,4.833125,2.497614,94.03,36.33,2478.0,no phase
2013-06-30 10:41:12.250,-8.125,-1.375,64.0,-12.586875,2.501456,94.04,36.33,2478.25,no phase
2013-06-30 10:41:12.500,-8.0,-1.5,64.0,5.752667,2.501456,94.05,36.33,2478.5,no phase
2013-06-30 10:41:12.750,-8.0,-1.375,64.0,-3.1075,2.505298,94.06,36.33,2478.75,no phase
2013-06-30 10:41:13.000,-8.125,-1.5,64.0,-15.779375,2.506579,94.07,36.37,2479.0,no phase
2013-06-30 10:41:13.250,-8.0,-1.25,64.0,12.154,2.50914,94.07,36.37,2479.25,no phase
2013-06-30 10:41:13.500,-8.0,-1.375,64.0,0.123125,2.50914,94.06,36.37,2479.5,no phase
2013-06-30 10:41:13.750,-8.0,-1.375,64.0,-6.972,2.507859,94.05,36.37,2479.75,no phase
2013-06-30 10:41:14.000,-8.0,-1.125,64.0,10.413125,2.524509,94.03,36.33,2480.0,no phase
2013-06-30 10:41:14.250,-8.0,-1.125,64.0,-1.955625,2.534754,94.01,36.33,2480.25,no phase
2013-06-30 10:41:14.500,-7.75,-1.125,64.0,-4.121333,2.537316,93.98,36.33,2480.5,no phase
2013-06-30 10:41:14.750,-7.5,-1.0,64.0,11.86875,2.528351,93.96,36.33,2480.75,no phase
2013-06-30 10:41:15.000,-7.25,-1.25,64.0,-8.344375,2.532193,93.93,36.34,2481.0,no phase
2013-06-30 10:41:15.250,-7.125,-1.0,64.0,1.823333,2.539877,93.91,36.34,2481.25,no phase
2013-06-30 10:41:15.500,-7.333,-1.0,64.0,-0.600625,2.547561,93.88,36.34,2481.5,no phase
2013-06-30 10:41:15.750,-7.0,-1.25,64.0,-19.234667,2.542439,93.85,36.34,2481.75,no phase
2013-06-30 10:41:16.000,-7.0,-1.125,64.0,13.39375,2.546281,93.82,36.33,2482.0,no phase
2013-06-30 10:41:16.250,-7.0,-1.0,64.0,1.9425,2.545,93.78,36.33,2482.25,no phase
2013-06-30 10:41:16.500,-7.0,-1.0,64.0,-19.116667,2.561649,93.74,36.33,2482.5,no phase
2013-06-30 10:41:16.750,-7.0,-1.0,64.125,7.831875,2.579579,93.68,36.33,2482.75,no phase
2013-06-30 10:41:17.000,-6.75,-1.0,64.0,-5.065,2.584702,93.63,36.34,2483.0,no phase
2013-06-30 10:41:17.250,-6.625,-1.0,64.125,-18.038667,2.574456,93.57,36.34,2483.25,no phase
2013-06-30 10:41:17.500,-7.0,-1.0,64.0,6.701875,2.600071,93.51,36.34,2483.5,no phase
2013-06-30 10:41:17.750,-7.0,-1.0,64.125,4.096667,2.619282,93.45,36.34,2483.75,no phase
2013-06-30 10:41:18.000,-6.625,-1.0,64.0,-10.46125,2.606474,93.4,36.34,2484.0,no phase
2013-06-30 10:41:18.250,-6.375,-1.0,64.0,11.82875,2.603913,93.35,36.34,2484.25,no phase
2013-06-30 10:41:18.500,-6.75,-1.0,64.0,-1.859333,2.612878,93.31,36.34,2484.5,no phase
2013-06-30 10:41:18.750,-6.875,-1.0,64.0,-20.79875,2.633369,93.26,36.34,2484.75,no phase
2013-06-30 10:41:19.000,-6.75,-1.25,64.0,6.49125,2.699966,93.22,36.37,2485.0,no phase
2013-06-30 10:41:19.250,-6.0,-1.375,64.5,2.324,2.774248,93.18,36.37,2485.25,no phase
2013-06-30 10:41:19.500,-6.667,-1.556,64.111,-4.056875,2.865179,93.13,36.37,2485.5,no phase
2013-06-30 10:41:19.750,-6.625,-1.375,64.0,11.030667,2.913846,93.08,36.37,2485.75,no phase
2013-06-30 10:41:20.000,-7.375,-1.125,64.125,4.02125,2.942021,93.02,36.37,2486.0,no phase
2013-06-30 10:41:20.250,-7.625,-1.0,64.0,2.735625,2.966854,92.95,36.37,2486.25,no phase
2013-06-30 10:41:20.500,-8.0,-1.0,64.0,12.46,2.960451,92.88,36.37,2486.5,no phase
2013-06-30 10:41:20.750,-7.5,-1.125,64.0,-14.431875,2.929713,92.8,36.37,2486.75,no phase
2013-06-30 10:41:21.000,-7.25,-1.0,64.0,-7.33625,2.911783,92.73,36.37,2487.0,no phase
2013-06-30 10:41:21.250,-7.375,-1.125,64.0,-1.843333,2.918187,92.66,36.37,2487.25,no phase
2013-06-30 10:41:21.500,-7.0,-1.125,64.0,-13.074375,2.904099,92.59,36.37,2487.5,no phase
2013-06-30 10:41:21.750,-7.0,-1.0,64.0,5.606667,2.872081,92.51,36.37,2487.75,no phase
2013-06-30 10:41:22.000,-6.5,-1.125,64.0,7.64125,2.861836,92.43,36.34,2488.0,no phase
2013-06-30 10:41:22.250,-6.25,-1.0,64.0,-10.709375,2.859274,92.34,36.34,2488.25,no phase
2013-06-30 10:41:22.500,-6.25,-1.0,64.125,5.657333,2.873362,92.25,36.34,2488.5,no phase
2013-06-30 10:41:22.750,-6.0,-1.0,64.0,-7.4275,2.933556,92.17,36.34,2488.75,no phase
2013-06-30 10:41:23.000,-6.0,-1.0,64.25,-0.98,2.965574,92.1,36.34,2489.0,no phase
2013-06-30 10:41:23.250,-5.889,-1.0,64.0,6.612667,2.978381,92.05,36.34,2489.25,no phase
2013-06-30 10:41:23.500,-6.0,-1.0,64.0,-5.12125,3.042416,92.02,36.34,2489.5,no phase
2013-06-30 10:41:23.750,-5.875,-1.0,64.125,1.391333,3.074434,92.0,36.34,2489.75,no phase
2013-06-30 10:41:24.000,-5.875,-1.0,64.0,0.48375,3.070592,91.98,36.37,2490.0,no phase
2013-06-30 10:41:24.250,-6.0,-1.0,64.5,-8.831875,3.028328,91.96,36.37,2490.25,no phase
2013-06-30 10:41:24.500,-5.875,-1.0,64.0,13.685333,3.007837,91.93,36.37,2490.5,no phase
2013-06-30 10:41:24.750,-5.625,-1.0,64.25,2.078125,2.971977,91.9,36.37,2490.75,no phase
2013-06-30 10:41:25.000,-5.75,-1.0,64.125,-5.994375,2.922029,91.88,36.34,2491.0,no phase
2013-06-30 10:41:25.250,-5.625,-1.0,64.125,8.186667,2.852871,91.86,36.34,2491.25,no phase
2013-06-30 10:41:25.500,-6.0,-1.0,64.125,-9.795625,2.765782,91.84,36.34,2491.5,no phase
2013-06-30 10:41:25.750,-6.0,-1.0,64.125,-19.348667,2.733764,91.82,36.34,2491.75,no phase
2013-06-30 10:41:26.000,-5.875,-1.125,64.0,2.456875,2.783712,91.8,36.34,2492.0,no phase
2013-06-30 10:41:26.250,-5.875,-1.0,64.0,-0.75375,2.81573,91.78,36.34,2492.25,no phase
2013-06-30 10:41:26.500,-5.875,-1.125,64.375,9.159333,2.804204,91.76,36.34,2492.5,no phase
2013-06-30 10:41:26.750,-6.0,-1.0,64.0,6.14625,2.808046,91.74,36.34,2492.75,no phase
2013-06-30 10:41:27.000,-6.0,-1.0,64.25,-5.05375,2.822134,91.73,36.37,2493.0,no phase
2013-06-30 10:41:27.250,-5.667,-1.0,64.222,8.705333,2.825976,91.73,36.37,2493.25,no phase
2013-06-30 10:41:27.500,-6.5,-1.375,64.125,-2.403125,2.823414,91.74,36.37,2493.5,no phase
2013-06-30 10:41:27.750,-7.375,-1.625,64.0,2.458667,2.827256,91.75,36.37,2493.75,no phase
2013-06-30 10:41:28.000,-7.75,-1.5,64.0,5.423125,2.828537,91.75,36.34,2494.0,no phase
2013-06-30 10:41:28.250,-6.75,-1.125,64.0,-10.341875,2.814449,91.74,36.34,2494.25,no phase
2013-06-30 10:41:28.500,-7.0,-1.25,64.25,18.028,2.863116,91.72,36.34,2494.5,no phase
2013-06-30 10:41:28.750,-6.375,-1.25,64.125,9.064375,2.916906,91.7,36.34,2494.75,no phase
2013-06-30 10:41:29.000,-6.0,-1.375,64.125,0.480625,2.965574,91.67,36.37,2495.0,no phase
2013-06-30 10:41:29.250,-6.5,-1.125,64.125,-13.032667,2.986065,91.65,36.37,2495.25,no phase
2013-06-30 10:41:29.500,-6.125,-1.5,64.125,5.8325,3.007837,91.62,36.37,2495.5,no phase
2013-06-30 10:41:29.750,-6.625,-1.75,64.0,3.528,3.016802,91.6,36.37,2495.75,no phase
2013-06-30 10:41:30.000,-6.125,-1.5,64.125,4.58375,3.014241,91.57,36.41,2496.0,no phase
2013-06-30 10:41:30.250,-6.0,-1.25,64.125,-20.61125,3.009118,91.54,36.41,2496.25,no phase
2013-06-30 10:41:30.500,-5.875,-1.25,64.125,2.716667,3.029609,91.5,36.41,2496.5,no phase
2013-06-30 10:41:30.750,-6.0,-1.375,64.0,-9.291875,3.055223,91.46,36.41,2496.75,no phase
2013-06-30 10:41:31.000,-5.556,-1.222,64.0,-4.025,3.065469,91.42,36.39,2497.0,no phase
2013-06-30 10:41:31.250,-5.5,-1.375,64.0,15.093333,3.089803,91.38,36.39,2497.25,no phase
2013-06-30 10:41:31.500,-5.125,-1.25,64.125,-2.115,3.089803,91.35,36.39,2497.5,no phase
2013-06-30 10:41:31.750,-5.375,-1.25,64.375,2.322667,3.096206,91.31,36.39,2497.75,no phase
2013-06-30 10:41:32.000,-5.75,-1.625,64.375,-0.086875,3.093645,91.27,36.43,2498.0,no phase
2013-06-30 10:41:32.250,-5.5,-2.25,64.25,-10.533125,3.085961,91.22,36.43,2498.25,no phase
2013-06-30 10:41:32.500,-5.75,-2.5,64.25,5.776,3.080838,91.16,36.43,2498.5,no phase
2013-06-30 10:41:32.750,-9.25,-2.125,63.375,-8.081875,3.075715,91.1,36.43,2498.75,no phase
2013-06-30 10:41:33.000,-9.0,-2.375,63.875,-1.3825,3.056504,91.03,36.43,2499.0,no phase
2013-06-30 10:41:33.250,-9.0,-2.375,64.0,-2.786667,3.039855,90.96,36.43,2499.25,no phase
2013-06-30 10:41:33.500,-8.75,-2.375,64.0,-23.566875,3.043697,90.9,36.43,2499.5,no phase
2013-06-30 10:41:33.750,-9.0,-2.25,64.0,8.859333,3.057785,90.83,36.43,2499.75,no phase
2013-06-30 10:41:34.000,-8.875,-1.875,64.125,5.905625,3.070592,90.78,36.43,2500.0,no phase
2013-06-30 10:41:34.250,-11.5,-0.375,63.625,-3.910625,3.092364,90.74,36.43,2500.25,no phase
2013-06-30 10:41:34.500,-10.125,-2.25,63.75,16.653333,3.132066,90.7,36.43,2500.5,no phase
2013-06-30 10:41:34.750,-12.375,-2.25,63.5,0.870625,3.180733,90.66,36.43,2500.75,no phase
2013-06-30 10:41:35.000,-12.0,-2.556,63.667,7.331875,3.234524,90.62,36.45,2501.0,no phase
2013-06-30 10:41:35.250,-13.75,-3.375,63.0,-0.848667,3.276787,90.57,36.45,2501.25,no phase
2013-06-30 10:41:35.500,-11.125,-2.75,63.875,-18.414375,3.308805,90.52,36.45,2501.5,no phase
2013-06-30 10:41:35.750,-24.25,-2.0,58.0,3.458,3.328016,90.47,36.45,2501.75,no phase
2013-06-30 10:41:36.000,-17.0,0.0,62.375,2.670625,3.325454,90.43,36.45,2502.0,no phase
2013-06-30 10:41:36.250,-18.75,-0.375,62.0,6.459375,3.319051,90.4,36.45,2502.25,no phase
2013-06-30 10:41:36.500,-17.125,-1.875,62.125,9.818667,3.29984,90.38,36.45,2502.5,no phase
2013-06-30 10:41:36.750,-17.625,-1.625,62.125,-15.725,3.279348,90.36,36.45,2502.75,no phase
2013-06-30 10:41:37.000,-16.0,-1.75,62.75,13.669375,3.252454,90.33,36.45,2503.0,no phase
2013-06-30 10:41:37.250,-15.5,-1.5,62.875,-13.994667,3.229401,90.29,36.45,2503.25,no phase
2013-06-30 10:41:37.500,-14.875,-2.0,62.875,-4.408125,3.21019,90.24,36.45,2503.5,no phase
2013-06-30 10:41:37.750,-11.75,-3.0,63.625,7.336,3.199944,90.19,36.45,2503.75,no phase
2013-06-30 10:41:38.000,-11.75,-2.875,63.75,-17.505,3.190979,90.12,36.47,2504.0,no phase
2013-06-30 10:41:38.250,-11.75,-2.75,63.875,17.7525,3.190979,90.05,36.47,2504.25,no phase
2013-06-30 10:41:38.500,-11.625,-2.75,63.75,16.592667,3.188418,89.98,36.47,2504.5,no phase
2013-06-30 10:41:38.750,-11.0,-2.444,63.889,-14.816875,3.183295,89.91,36.47,2504.75,no phase
2013-06-30 10:41:39.000,-11.0,-2.625,63.75,16.724375,3.179453,89.85,36.47,2505.0,no phase
2013-06-30 10:41:39.250,-10.75,-2.5,64.0,1.847333,3.176891,89.8,36.47,2505.25,no phase
2013-06-30 10:41:39.500,-10.0,-3.0,64.0,-18.853125,3.169207,89.77,36.47,2505.5,no phase
2013-06-30 10:41:39.750,-10.0,-3.0,64.0,11.347333,3.167926,89.73,36.47,2505.75,no phase
2013-06-30 10:41:40.000,-10.0,-3.0,64.0,8.384375,3.165365,89.7,36.47,2506.0,no phase
2013-06-30 10:41:40.250,-10.0,-3.0,64.0,-25.164375,3.157681,89.66,36.47,2506.25,no phase
2013-06-30 10:41:40.500,-10.0,-3.0,64.0,-8.28,3.155119,89.62,36.47,2506.5,no phase
2013-06-30 10:41:40.750,-10.0,-3.0,64.0,38.0375,3.153838,89.58,36.47,2506.75,no phase
2013-06-30 10:41:41.000,-10.0,-2.875,64.0,17.12125,3.152558,89.53,36.47,2507.0,no phase
2013-06-30 10:41:41.250,-10.625,-3.0,64.0,-3.814667,3.157681,89.48,36.47,2507.25,no phase
2013-06-30 10:41:41.500,-10.875,-3.0,64.0,-37.0875,3.164084,89.43,36.47,2507.5,no phase
2013-06-30 10:41:41.750,-10.75,-3.0,64.0,28.936667,3.164084,89.37,36.47,2507.75,no phase
2013-06-30 10:41:42.000,-10.75,-3.0,64.0,-32.158125,3.162803,89.32,36.47,2508.0,no phase
2013-06-30 10:41:42.250,-10.75,-3.0,64.0,3.03125,3.149996,89.27,36.47,2508.25,no phase
2013-06-30 10:41:42.500,-10.75,-3.0,64.0,13.668667,3.132066,89.22,36.47,2508.5,no phase
2013-06-30 10:41:42.750,-10.667,-3.0,64.0,-20.64375,3.146154,89.17,36.47,2508.75,no phase
2013-06-30 10:41:43.000,-10.625,-2.875,63.875,12.51375,3.22812,89.12,36.5,2509.0,no phase
2013-06-30 10:41:43.250,-10.75,-3.0,64.0,-41.767333,3.313928,89.07,36.5,2509.25,no phase
2013-06-30 10:41:43.500,-10.625,-3.0,64.0,-36.949375,3.393332,89.02,36.5,2509.5,no phase
2013-06-30 10:41:43.750,-10.875,-3.0,64.0,112.659333,3.436876,88.97,36.5,2509.75,no phase
2013-06-30 10:41:44.000,-10.5,-3.0,64.0,56.115625,3.444561,88.92,36.5,2510.0,no phase
2013-06-30 10:41:44.250,-10.625,-3.0,64.0,-9.829375,3.465251,88.88,36.5,2510.25,no phase
2013-06-30 10:41:44.500,-10.875,-3.0,64.0,-61.672667,3.453724,88.84,36.5,2510.5,no phase
2013-06-30 10:41:44.750,-10.875,-3.0,64.0,-9.83,3.433233,88.8,36.5,2510.75,no phase
2013-06-30 10:41:45.000,-11.0,-3.0,64.0,1.205625,3.41018,88.77,36.53,2511.0,no phase
2013-06-30 10:41:45.250,-11.0,-2.875,64.0,-12.076,3.393531,88.73,36.53,2511.25,no phase
2013-06-30 10:41:45.500,-11.0,-2.875,64.0,7.27,3.371758,88.7,36.53,2511.5,no phase
2013-06-30 10:41:45.750,-11.0,-3.0,64.0,2.520667,3.35639,88.66,36.53,2511.75,no phase
2013-06-30 10:41:46.000,-11.0,-3.0,64.0,-21.31375,3.347425,88.63,36.53,2512.0,no phase
2013-06-30 10:41:46.250,-11.0,-3.0,63.875,10.75,3.339741,88.6,36.53,2512.25,no phase
2013-06-30 10:41:46.500,-11.0,-3.0,64.0,9.893333,3.341021,88.57,36.53,2512.5,no phase
2013-06-30 10:41:46.750,-11.0,-3.0,64.0,-7.80875,3.341021,88.53,36.53,2512.75,no phase
2013-06-30 10:41:47.000,-10.625,-3.0,64.0,-2.7275,3.349986,88.5,36.55,2513.0,no phase
2013-06-30 10:41:47.250,-10.875,-2.875,64.0,33.636,3.361513,88.47,36.55,2513.25,no phase
2013-06-30 10:41:47.500,-10.875,-3.0,64.0,-17.114375,3.382004,88.43,36.55,2513.5,no phase
2013-06-30 10:41:47.750,-10.625,-2.875,63.875,-19.586,3.394811,88.4,36.55,2513.75,no phase
2013-06-30 10:41:48.000,-10.375,-2.25,64.0,-4.220625,3.401215,88.38,36.55,2514.0,no phase
2013-06-30 10:41:48.250,-10.75,-2.625,64.0,18.909375,3.401215,88.36,36.55,2514.25,no phase
2013-06-30 10:41:48.500,-10.75,-2.375,64.0,-6.804667,3.393531,88.35,36.55,2514.5,no phase
2013-06-30 10:41:48.750,-10.625,-2.625,64.0,-8.321875,3.388408,88.34,36.55,2514.75,no phase
2013-06-30 10:41:49.000,-10.625,-2.625,64.0,-1.29125,3.382004,88.32,36.59,2515.0,no phase
2013-06-30 10:41:49.250,-10.5,-2.5,64.0,-1.100667,3.371758,88.29,36.59,2515.25,no phase
2013-06-30 10:41:49.500,-10.625,-2.5,64.0,11.3775,3.370478,88.25,36.59,2515.5,no phase
2013-06-30 10:41:49.750,-10.5,-2.5,64.125,24.002,3.364074,88.21,36.59,2515.75,no phase
2013-06-30 10:41:50.000,-11.5,-2.625,63.875,-13.285,3.353828,88.17,36.59,2516.0,no phase
2013-06-30 10:41:50.250,-13.375,-2.25,63.375,-15.74875,3.385846,88.14,36.59,2516.25,no phase
2013-06-30 10:41:50.500,-10.556,-1.222,64.111,11.796,3.407619,88.11,36.59,2516.5,no phase
2013-06-30 10:41:50.750,-12.0,-2.0,63.625,29.845625,3.451163,88.1,36.59,2516.75,no phase
2013-06-30 10:41:51.000,-11.875,-1.875,63.75,15.570625,3.470374,88.08,36.57,2517.0,no phase
2013-06-30 10:41:51.250,-12.75,-1.875,63.5,0.387333,3.503672,88.07,36.57,2517.25,no phase
2013-06-30 10:41:51.500,-11.625,-1.75,63.75,-23.51375,3.522883,88.05,36.57,2517.5,no phase
2013-06-30 10:41:51.750,-11.5,-3.0,63.375,-24.599333,3.545936,88.04,36.57,2517.75,no phase
2013-06-30 10:41:52.000,-12.625,-1.25,63.25,2.915625,3.547216,88.02,36.61,2518.0,no phase
2013-06-30 10:41:52.250,-11.25,-2.625,63.375,-7.37375,3.545936,88.0,36.61,2518.25,no phase
2013-06-30 10:41:52.500,-11.25,-1.5,63.875,18.566667,3.534409,87.98,36.61,2518.5,no phase
2013-06-30 10:41:52.750,-13.0,-1.75,63.5,-21.36,3.524163,87.95,36.61,2518.75,no phase
2013-06-30 10:41:53.000,-12.75,-2.125,63.5,-10.63,3.520321,87.92,36.63,2519.0,no phase
2013-06-30 10:41:53.250,-14.0,-2.0,63.125,12.58,3.529286,87.89,36.63,2519.25,no phase
2013-06-30 10:41:53.500,-12.0,-1.75,63.625,32.075,3.544655,87.86,36.63,2519.5,no phase
2013-06-30 10:41:53.750,-11.875,-2.75,63.125,13.98,3.575392,87.83,36.63,2519.75,no phase
2013-06-30 10:41:54.000,-13.125,-1.375,63.25,-2.9775,3.604849,87.8,36.65,2520.0,no phase
2013-06-30 10:41:54.250,-13.0,-1.667,63.333,-40.33,3.633024,87.77,36.65,2520.25,no phase
2013-06-30 10:41:54.500,-13.625,-2.375,63.25,-15.286,3.654796,87.75,36.65,2520.5,no phase
2013-06-30 10:41:54.750,-12.375,-2.0,63.5,7.066875,3.658638,87.73,36.65,2520.75,no phase
2013-06-30 10:41:55.000,-13.25,-2.0,63.0,-17.503125,3.657358,87.72,36.65,2521.0,no phase
2013-06-30 10:41:55.250,-13.75,-1.625,64.125,36.777333,3.633024,87.71,36.65,2521.25,no phase
2013-06-30 10:41:55.500,-13.125,-2.0,63.25,35.861875,3.635586,87.7,36.65,2521.5,no phase
2013-06-30 10:41:55.750,-13.375,-2.125,63.25,34.023333,3.627901,87.7,36.65,2521.75,no phase
2013-06-30 10:41:56.000,-11.875,-2.75,63.5,-47.081875,3.60741,87.7,36.66,2522.0,no phase
2013-06-30 10:41:56.250,-12.25,-2.75,63.625,-24.315625,3.574111,87.7,36.66,2522.25,no phase
2013-06-30 10:41:56.500,-10.875,-3.0,63.875,4.994,3.543374,87.71,36.66,2522.5,no phase
2013-06-30 10:41:56.750,-9.875,-2.875,64.125,-0.063125,3.478058,87.71,36.66,2522.75,no phase
2013-06-30 10:41:57.000,-10.125,-3.125,63.875,-8.475625,3.511356,87.72,36.68,2523.0,no phase
2013-06-30 10:41:57.250,-10.0,-3.0,64.0,-6.5,3.53569,87.73,36.68,2523.25,no phase
2013-06-30 10:41:57.500,-10.25,-3.0,64.0,-28.653125,3.565146,87.73,36.68,2523.5,no phase
2013-06-30 10:41:57.750,-10.125,-3.0,64.0,7.040667,3.562585,87.73,36.68,2523.75,no phase
2013-06-30 10:41:58.000,-10.0,-3.0,64.0,14.77125,3.574111,87.72,36.61,2524.0,no phase
2013-06-30 10:41:58.250,-10.0,-3.0,64.0,38.1075,3.563866,87.7,36.61,2524.25,no phase
2013-06-30 10:41:58.500,-10.0,-3.0,64.0,8.053333,3.536971,87.68,36.61,2524.5,no phase
2013-06-30 10:41:58.750,-10.0,-3.0,64.0,-39.238125,3.495988,87.65,36.61,2524.75,no phase
2013-06-30 10:41:59.000,-10.25,-3.0,64.0,-2.820625,3.495988,87.63,36.65,2525.0,no phase
2013-06-30 10:41:59.250,-10.125,-3.0,64.0,1.736667,3.470374,87.62,36.65,2525.25,no phase
2013-06-30 10:41:59.500,-10.0,-3.0,64.0,8.176875,3.470374,87.61,36.65,2525.5,no phase
2013-06-30 10:41:59.750,-10.0,-3.0,64.0,34.931333,3.476777,87.62,36.65,2525.75,no phase
2013-06-30 10:42:00.000,-10.875,-3.0,63.875,63.878125,3.511356,87.62,36.63,2526.0,no phase
2013-06-30 10:42:00.250,-10.75,-3.0,64.0,-35.7425,3.539532,87.62,36.63,2526.25,no phase
2013-06-30 10:42:00.500,-10.5,-3.0,64.0,-59.479333,3.548497,87.63,36.63,2526.5,no phase
2013-06-30 10:42:00.750,-10.375,-3.0,64.0,-26.35625,3.542094,87.63,36.63,2526.75,no phase
2013-06-30 10:42:01.000,-10.25,-3.125,64.0,10.415,3.592041,87.62,36.65,2527.0,no phase
2013-06-30 10:42:01.250,-10.25,-3.0,64.0,-8.740667,3.680411,87.61,36.65,2527.25,no phase
2013-06-30 10:42:01.500,-10.0,-3.0,64.0,14.696875,3.773903,87.59,36.65,2527.5,no phase
2013-06-30 10:42:01.750,-10.5,-3.0,64.0,-1.944,3.862272,87.59,36.65,2527.75,no phase
2013-06-30 10:42:02.000,-10.222,-3.0,64.0,38.105625,3.901974,87.6,36.66,2528.0,no phase
2013-06-30 10:42:02.250,-10.0,-3.0,64.0,-33.168125,3.901974,87.63,36.66,2528.25,no phase
2013-06-30 10:42:02.500,-10.625,-3.0,64.0,0.821333,3.880202,87.68,36.66,2528.5,no phase
2013-06-30 10:42:02.750,-10.375,-3.25,64.0,19.25,3.846904,87.73,36.66,2528.75,no phase
2013-06-30 10:42:03.000,-10.375,-3.125,64.0,22.675,3.80464,87.78,36.66,2529.0,no phase
2013-06-30 10:42:03.250,-11.0,-3.5,64.0,-47.878667,3.762376,87.82,36.66,2529.25,no phase
2013-06-30 10:42:03.500,-10.875,-3.125,63.875,59.575,3.726516,87.86,36.66,2529.5,no phase
2013-06-30 10:42:03.750,-12.5,-3.625,63.125,28.954,3.702183,87.91,36.66,2529.75,no phase
2013-06-30 10:42:04.000,-10.375,-3.125,63.375,-8.064375,3.699621,87.95,36.66,2530.0,no phase
2013-06-30 10:42:04.250,-13.0,-4.0,63.625,-2.83875,3.716271,88.0,36.66,2530.25,no phase
2013-06-30 10:42:04.500,-16.375,-3.625,62.5,-33.976,3.729078,88.06,36.66,2530.5,no phase
2013-06-30 10:42:04.750,-13.875,-2.875,63.125,12.9375,3.729078,88.12,36.66,2530.75,no phase
2013-06-30 10:42:05.000,-14.0,-2.25,63.0,-23.323125,3.726516,88.18,36.66,2531.0,no phase
2013-06-30 10:42:05.250,-11.25,-2.0,63.625,-13.542667,3.712429,88.23,36.66,2531.25,no phase
2013-06-30 10:42:05.500,-13.125,-1.875,63.375,-65.01,3.699621,88.28,36.66,2531.5,no phase
2013-06-30 10:42:05.750,-16.625,-2.625,62.375,-12.003333,3.681691,88.32,36.66,2531.75,no phase
2013-06-30 10:42:06.000,-16.667,-2.0,62.444,61.9225,3.665042,88.35,36.68,2532.0,no phase
2013-06-30 10:42:06.250,-16.625,-2.125,62.125,68.350625,3.659919,88.37,36.68,2532.25,no phase
2013-06-30 10:42:06.500,-16.75,-1.625,62.5,-88.069333,3.649673,88.38,36.68,2532.5,no phase
2013-06-30 10:42:06.750,-16.0,-2.0,62.125,-49.935,3.649673,88.4,36.68,2532.75,no phase
2013-06-30 10:42:07.000,-16.0,-2.0,62.125,-12.2925,3.654796,88.43,36.71,2533.0,no phase
2013-06-30 10:42:07.250,-16.0,-2.125,62.25,89.204667,3.695779,88.48,36.71,2533.25,no phase
2013-06-30 10:42:07.500,-15.0,-2.375,62.875,33.783125,3.767499,88.53,36.71,2533.5,no phase
2013-06-30 10:42:07.750,-15.875,-2.375,62.375,-74.585333,3.834096,88.58,36.71,2533.75,no phase
2013-06-30 10:42:08.000,-15.25,-1.5,62.75,-7.625625,3.855869,88.62,36.75,2534.0,no phase
2013-06-30 10:42:08.250,-14.5,-3.375,62.875,6.559375,3.853307,88.64,36.75,2534.25,no phase
2013-06-30 10:42:08.500,-15.25,-3.125,62.625,63.259333,3.834096,88.65,36.75,2534.5,no phase
2013-06-30 10:42:08.750,-14.625,-3.0,62.75,-36.935625,3.807201,88.65,36.75,2534.75,no phase
2013-06-30 10:42:09.000,-15.0,-3.0,62.75,-43.61875,3.775183,88.65,36.68,2535.0,no phase
2013-06-30 10:42:09.250,-14.75,-3.0,62.875,11.258667,3.734201,88.66,36.68,2535.25,no phase
2013-06-30 10:42:09.500,-14.875,-3.0,62.875,32.989375,3.700902,88.67,36.68,2535.5,no phase
2013-06-30 10:42:09.750,-15.222,-3.0,62.556,22.936667,3.677849,88.67,36.68,2535.75,no phase
2013-06-30 10:42:10.000,-15.375,-3.0,62.625,-6.260625,3.665042,88.65,36.73,2536.0,no phase
2013-06-30 10:42:10.250,-15.375,-2.875,62.625,-1.96375,3.658638,88.59,36.73,2536.25,no phase
2013-06-30 10:42:10.500,-15.875,-2.75,62.25,27.887333,3.656077,88.51,36.73,2536.5,no phase
2013-06-30 10:42:10.750,-15.625,-2.625,62.5,-5.05125,3.666323,88.41,36.73,2536.75,no phase
2013-06-30 10:42:11.000,-15.375,-2.875,62.875,-25.51875,3.670165,88.32,36.73,2537.0,no phase
2013-06-30 10:42:11.250,-15.125,-2.875,62.625,-5.839333,3.665042,88.23,36.73,2537.25,no phase
2013-06-30 10:42:11.500,-15.125,-2.375,63.0,10.921875,3.662481,88.16,36.73,2537.5,no phase
2013-06-30 10:42:11.750,-14.625,-2.875,62.875,24.140667,3.667603,88.08,36.73,2537.75,no phase
2013-06-30 10:42:12.000,-14.5,-2.75,63.0,-1.645,3.665042,88.0,36.73,2538.0,no phase
2013-06-30 10:42:12.250,-14.5,-2.75,63.0,-30.355625,3.665042,87.91,36.73,2538.25,no phase
2013-06-30 10:42:12.500,-14.375,-2.75,62.75,28.951333,3.658638,87.82,36.73,2538.5,no phase
2013-06-30 10:42:12.750,-14.75,-2.375,63.0,25.003125,3.654796,87.72,36.73,2538.75,no phase
2013-06-30 10:42:13.000,-14.875,-2.375,63.0,-41.23,3.636866,87.62,36.68,2539.0,no phase
2013-06-30 10:42:13.250,-14.875,-2.0,63.0,-5.5,3.616375,87.52,36.68,2539.25,no phase
2013-06-30 10:42:13.500,-9.75,-4.0,63.5,35.996875,3.653516,87.42,36.68,2539.5,no phase
2013-06-30 10:42:13.750,-14.556,-2.111,63.111,1.941333,3.739323,87.32,36.68,2539.75,no phase
2013-06-30 10:42:14.000,-13.25,-2.125,63.375,-36.534375,3.887886,87.23,36.68,2540.0,no phase
2013-06-30 10:42:14.250,-13.125,-2.5,63.25,15.836875,3.950641,87.15,36.68,2540.25,no phase
2013-06-30 10:42:14.500,-13.5,-2.625,63.0,-6.405333,4.032865,87.07,36.68,2540.5,no phase
2013-06-30 10:42:14.750,-13.625,-2.75,63.0,-8.28125,4.043111,87.0,36.68,2540.75,no phase
2013-06-30 10:42:15.000,-13.25,-2.625,63.125,74.016875,4.076409,86.93,36.68,2541.0,no phase
2013-06-30 10:42:15.250,-13.25,-1.5,63.375,17.189333,4.122515,86.87,36.68,2541.25,no phase
2013-06-30 10:42:15.500,-14.75,-2.875,62.625,-82.826875,4.160936,86.8,36.68,2541.5,no phase
2013-06-30 10:42:15.750,-14.25,-2.875,63.0,-42.43,4.253148,86.74,36.68,2541.75,no phase
2013-06-30 10:42:16.000,-13.625,-3.0,63.0,4.50625,4.326149,86.68,36.71,2542.0,no phase
2013-06-30 10:42:16.250,-13.375,-3.0,63.0,12.155625,4.29285,86.61,36.71,2542.25,no phase
2013-06-30 10:42:16.500,-13.375,-3.0,63.0,9.865333,4.260832,86.55,36.71,2542.5,no phase
2013-06-30 10:42:16.750,-13.0,-2.875,63.0,10.213125,4.262113,86.48,36.71,2542.75,no phase
2013-06-30 10:42:17.000,-12.25,-2.75,63.75,-17.516875,4.176305,86.42,36.68,2543.0,no phase
2013-06-30 10:42:17.250,-12.0,-3.0,63.25,-21.541333,4.046953,86.36,36.68,2543.25,no phase
2013-06-30 10:42:17.500,-12.667,-2.778,63.444,-16.47,3.961145,86.3,36.68,2543.5,no phase
2013-06-30 10:42:17.750,-12.625,-2.875,63.125,24.112,3.899671,86.24,36.68,2543.75,no phase
2013-06-30 10:42:18.000,-13.125,-2.875,63.25,62.506875,3.900951,86.18,36.75,2544.0,no phase
2013-06-30 10:42:18.250,-12.0,-2.75,63.625,91.563125,3.911197,86.11,36.75,2544.25,no phase
2013-06-30 10:42:18.500,-12.5,-2.875,63.5,80.806667,3.932969,86.04,36.75,2544.5,no phase
2013-06-30 10:42:18.750,-12.75,-2.875,63.375,-60.2275,3.936811,85.97,36.75,2544.75,no phase
2013-06-30 10:42:19.000,-12.0,-2.875,63.875,-152.37,3.936811,85.9,36.77,2545.0,no phase
2013-06-30 10:42:19.250,-12.25,-2.625,63.5,-33.532667,3.927846,85.84,36.77,2545.25,no phase
2013-06-30 10:42:19.500,-13.75,-2.875,63.0,-19.780625,3.899671,85.78,36.77,2545.5,no phase
2013-06-30 10:42:19.750,-13.5,-3.125,63.125,-11.852,3.883021,85.73,36.77,2545.75,no phase
2013-06-30 10:42:20.000,-14.75,-2.625,62.625,-7.236875,3.849723,85.67,36.81,2546.0,no phase
2013-06-30 10:42:20.250,-14.375,-2.75,63.0,61.691875,3.806179,85.61,36.81,2546.25,no phase
2013-06-30 10:42:20.500,-14.125,-2.75,63.0,-0.748667,3.769038,85.55,36.81,2546.5,no phase
2013-06-30 10:42:20.750,-14.375,-2.125,63.0,1.568125,3.731897,85.49,36.81,2546.75,no phase
2013-06-30 10:42:21.000,-15.25,-2.375,62.75,10.375625,3.699879,85.43,36.81,2547.0,no phase
2013-06-30 10:42:21.250,-14.875,-2.625,62.875,3.111333,3.669142,85.37,36.81,2547.25,no phase
2013-06-30 10:42:21.500,-14.222,-2.556,62.889,6.93375,3.644809,85.31,36.81,2547.5,no phase
2013-06-30 10:42:21.750,-14.125,-2.25,63.0,-21.527333,3.621756,85.25,36.81,2547.75,no phase
2013-06-30 10:42:22.000,-14.125,-2.125,63.0,31.49,3.602545,85.18,36.81,2548.0,no phase
2013-06-30 10:42:22.250,-14.375,-2.125,62.875,-13.905625,3.59358,85.11,36.81,2548.25,no phase
2013-06-30 10:42:22.500,-13.875,-2.0,63.0,-17.352,3.589738,85.03,36.81,2548.5,no phase
2013-06-30 10:42:22.750,-14.0,-2.0,63.0,13.525,3.597422,84.95,36.81,2548.75,no phase
2013-06-30 10:42:23.000,-14.375,-2.25,62.875,-10.8575,3.597422,84.88,36.81,2549.0,no phase
2013-06-30 10:42:23.250,-14.0,-2.0,63.0,-42.996667,3.605107,84.81,36.81,2549.25,no phase
2013-06-30 10:42:23.500,-14.125,-2.0,63.0,42.5525,3.605107,84.74,36.81,2549.5,no phase
2013-06-30 10:42:23.750,-14.0,-2.125,63.0,8.209333,3.608949,84.67,36.81,2549.75,no phase
2013-06-30 10:42:24.000,-14.375,-2.0,63.0,0.09375,3.608949,84.6,36.81,2550.0,no phase
2013-06-30 10:42:24.250,-14.125,-2.0,63.0,20.823125,3.610229,84.52,36.81,2550.25,no phase
2013-06-30 10:42:24.500,-14.375,-2.0,63.0,-19.228667,3.61151,84.43,36.81,2550.5,no phase
2013-06-30 10:42:24.750,-14.0,-2.0,63.0,68.113125,3.615352,84.34,36.81,2550.75,no phase
2013-06-30 10:42:25.000,-14.125,-2.0,63.0,-34.765,3.61151,84.25,36.81,2551.0,no phase
2013-06-30 10:42:25.250,-14.0,-2.0,63.0,-29.41,3.616633,84.16,36.81,2551.25,no phase
2013-06-30 10:42:25.500,-14.125,-2.125,63.0,34.979375,3.616633,84.07,36.81,2551.5,no phase
2013-06-30 10:42:25.750,-14.375,-2.25,63.0,52.106667,3.610229,83.98,36.81,2551.75,no phase
2013-06-30 10:42:26.000,-14.25,-2.125,63.0,243.73625,3.625598,83.88,36.79,2552.0,no phase
2013-06-30 10:42:26.250,-14.125,-2.375,63.25,-90.269375,3.592299,83.78,36.79,2552.25,no phase
2013-06-30 10:42:26.500,-14.125,-2.0,63.0,-607.040667,3.594861,83.67,36.79,2552.5,no phase
2013-06-30 10:42:26.750,-14.875,-2.0,62.875,-27.98625,3.418122,83.57,36.79,2552.75,no phase
2013-06-30 10:42:27.000,-13.875,-2.0,63.125,265.229375,3.430671,83.48,36.79,2553.0,no phase
2013-06-30 10:42:27.250,-14.0,-2.0,63.0,18.711333,3.414022,83.4,36.79,2553.25,no phase
2013-06-30 10:42:27.500,-14.0,-2.0,63.0,-3.14,3.430671,83.33,36.79,2553.5,no phase
2013-06-30 10:42:27.750,-14.125,-2.0,63.0,83.188667,3.512637,83.26,36.79,2553.75,no phase
2013-06-30 10:42:28.000,-14.0,-2.0,63.0,104.15875,3.531848,83.17,36.79,2554.0,no phase
2013-06-30 10:42:28.250,-14.25,-2.0,63.0,-64.335,3.580515,83.06,36.79,2554.25,no phase
2013-06-30 10:42:28.500,-13.875,-2.0,63.0,-49.000667,3.58948,82.94,36.79,2554.5,no phase
2013-06-30 10:42:28.750,-14.125,-2.0,63.0,42.828125,3.601006,82.81,36.79,2554.75,no phase
2013-06-30 10:42:29.000,-14.375,-2.0,62.875,-26.62875,3.598445,82.67,36.77,2555.0,no phase
2013-06-30 10:42:29.250,-14.333,-2.0,63.0,-20.496667,3.601006,82.53,36.77,2555.25,no phase
2013-06-30 10:42:29.500,-14.375,-2.125,63.0,-38.006875,3.602287,82.39,36.77,2555.5,no phase
2013-06-30 10:42:29.750,-14.25,-2.0,63.0,-10.630667,3.60741,82.26,36.77,2555.75,no phase
2013-06-30 10:42:30.000,-14.5,-2.0,62.75,17.745,3.622778,82.15,36.81,2556.0,no phase
2013-06-30 10:42:30.250,-14.375,-2.0,63.125,1.27875,3.630463,82.05,36.81,2556.25,no phase
2013-06-30 10:42:30.500,-14.5,-2.0,63.0,14.523333,3.644551,81.97,36.81,2556.5,no phase
2013-06-30 10:42:30.750,-15.0,-2.0,63.0,-26.795,3.766218,81.89,36.81,2556.75,no phase
2013-06-30 10:42:31.000,-15.0,-2.0,63.0,8.650625,3.880202,81.82,36.75,2557.0,no phase
2013-06-30 10:42:31.250,-15.0,-2.0,62.875,48.676667,3.985221,81.75,36.75,2557.25,no phase
2013-06-30 10:42:31.500,-15.0,-2.0,62.875,48.169375,4.086655,81.68,36.75,2557.5,no phase
2013-06-30 10:42:31.750,-15.25,-2.0,63.0,-45.882,4.093059,81.6,36.75,2557.75,no phase
2013-06-30 10:42:32.000,-15.375,-2.0,62.75,-26.808125,4.098181,81.52,36.77,2558.0,no phase
2013-06-30 10:42:32.250,-15.75,-2.0,62.625,40.319375,4.067444,81.44,36.77,2558.25,no phase
2013-06-30 10:42:32.500,-15.0,-2.0,63.0,-24.238667,4.021338,81.35,36.77,2558.5,no phase
2013-06-30 10:42:32.750,-15.0,-2.0,62.75,2.331875,3.975233,81.27,36.77,2558.75,no phase
2013-06-30 10:42:33.000,-14.889,-2.0,62.889,33.71,3.941934,81.18,36.75,2559.0,no phase
2013-06-30 10:42:33.250,-15.0,-2.0,63.0,-5.350667,3.906074,81.1,36.75,2559.25,no phase
2013-06-30 10:42:33.500,-14.875,-2.0,62.875,10.34375,3.884302,81.02,36.75,2559.5,no phase
2013-06-30 10:42:33.750,-15.125,-1.875,62.75,-41.738667,3.871495,80.93,36.75,2559.75,no phase
2013-06-30 10:42:34.000,-15.125,-1.875,62.75,-5.55125,3.863811,80.85,36.77,2560.0,no phase
2013-06-30 10:42:34.250,-14.25,-1.75,62.875,14.898125,3.851004,80.76,36.77,2560.25,no phase
2013-06-30 10:42:34.500,-15.125,-1.875,62.75,-23.258667,3.845881,80.67,36.77,2560.5,no phase
2013-06-30 10:42:34.750,-14.125,-1.875,63.125,25.890625,3.847162,80.58,36.77,2560.75,no phase
2013-06-30 10:42:35.000,-14.25,-2.0,63.0,8.57125,3.868934,80.5,36.77,2561.0,no phase
2013-06-30 10:42:35.250,-14.5,-1.875,62.875,-21.834667,3.903513,80.42,36.77,2561.25,no phase
2013-06-30 10:42:35.500,-14.625,-2.125,62.875,-7.199375,3.947057,80.34,36.77,2561.5,no phase
2013-06-30 10:42:35.750,-14.125,-2.0,63.0,13.322667,3.959864,80.26,36.77,2561.75,no phase
2013-06-30 10:42:36.000,-14.5,-1.875,62.875,-7.30125,3.963706,80.17,36.73,2562.0,no phase
2013-06-30 10:42:36.250,-15.125,-2.125,62.75,-11.923125,3.964987,80.07,36.73,2562.25,no phase
2013-06-30 10:42:36.500,-15.5,-2.0,62.625,19.374,3.945776,79.96,36.73,2562.5,no phase
2013-06-30 10:42:36.750,-13.75,-2.125,63.125,-0.47,3.931689,79.86,36.73,2562.75,no phase
2013-06-30 10:42:37.000,-14.556,-2.0,62.667,-23.264375,3.913759,79.75,36.75,2563.0,no phase
2013-06-30 10:42:37.250,-14.75,-1.625,62.75,19.19,3.904794,79.65,36.75,2563.25,no phase
2013-06-30 10:42:37.500,-17.25,-1.875,62.0,3.745625,3.897109,79.56,36.75,2563.5,no phase
2013-06-30 10:42:37.750,-5.5,-1.0,64.625,-26.763333,3.883021,79.48,36.75,2563.75,no phase
2013-06-30 10:42:38.000,-6.875,-0.5,64.25,13.179375,3.900951,79.4,36.73,2564.0,no phase
2013-06-30 10:42:38.250,-7.875,-1.0,64.0,15.0125,3.947057,79.33,36.73,2564.25,no phase
2013-06-30 10:42:38.500,-7.375,0.375,64.0,-14.337333,3.998286,79.26,36.73,2564.5,no phase
2013-06-30 10:42:38.750,-7.5,1.0,64.0,-11.9825,4.030303,79.19,36.73,2564.75,no phase
2013-06-30 10:42:39.000,-8.75,1.125,63.875,22.16875,4.053357,79.13,36.75,2565.0,no phase
2013-06-30 10:42:39.250,-11.625,1.0,63.75,-0.083333,4.078971,79.07,36.75,2565.25,no phase
2013-06-30 10:42:39.500,-11.375,0.0,63.875,-32.5,4.11355,79.0,36.75,2565.5,no phase
2013-06-30 10:42:39.750,-11.25,0.375,63.625,30.036,4.172463,78.94,36.75,2565.75,no phase
2013-06-30 10:42:40.000,-10.875,1.0,63.875,10.1425,4.222411,78.87,36.73,2566.0,no phase
2013-06-30 10:42:40.250,-11.125,1.0,64.0,-28.81375,4.246744,78.8,36.73,2566.25,no phase
2013-06-30 10:42:40.500,-10.875,1.0,64.0,13.662,4.245463,78.73,36.73,2566.5,no phase
2013-06-30 10:42:40.750,-10.889,1.0,64.0,10.4275,4.212165,78.66,36.73,2566.75,no phase
2013-06-30 10:42:41.000,-10.5,0.875,64.25,-16.735,4.224972,78.6,36.71,2567.0,no phase
2013-06-30 10:42:41.250,-11.125,1.0,64.0,2.496667,4.301815,78.54,36.71,2567.25,no phase
2013-06-30 10:42:41.500,-11.0,1.0,63.625,12.99625,4.36457,78.49,36.71,2567.5,no phase
2013-06-30 10:42:41.750,-10.75,1.0,64.0,-16.235333,4.405553,78.45,36.71,2567.75,no phase
2013-06-30 10:42:42.000,-10.75,1.0,64.0,-3.0625,4.327429,78.4,36.71,2568.0,no phase
2013-06-30 10:42:42.250,-10.625,1.0,64.0,2.188125,4.264674,78.36,36.71,2568.25,no phase
2013-06-30 10:42:42.500,-10.375,1.0,64.0,18.956667,4.435009,78.31,36.71,2568.5,no phase
2013-06-30 10:42:42.750,-11.25,1.0,63.5,-7.729375,4.513211,78.27,36.71,2568.75,no phase
2013-06-30 10:42:43.000,-10.375,1.125,64.0,1.734375,4.47479,78.22,36.71,2569.0,no phase
2013-06-30 10:42:43.250,-10.625,1.0,64.0,-42.404667,4.403069,78.17,36.71,2569.25,no phase
2013-06-30 10:42:43.500,-10.625,1.0,64.0,7.009375,4.321104,78.13,36.71,2569.5,no phase
2013-06-30 10:42:43.750,-10.875,1.0,64.0,15.336667,4.232735,78.08,36.71,2569.75,no phase
2013-06-30 10:42:44.000,-10.75,1.0,64.0,7.846875,4.146927,78.03,36.73,2570.0,no phase
2013-06-30 10:42:44.250,-11.0,1.0,64.0,34.620625,4.080329,77.98,36.73,2570.25,no phase
2013-06-30 10:42:44.500,-11.0,1.0,64.0,-24.538667,4.020136,77.92,36.73,2570.5,no phase
2013-06-30 10:42:44.750,-11.0,0.778,64.0,9.7375,3.989399,77.86,36.73,2570.75,no phase
2013-06-30 10:42:45.000,-11.0,0.5,64.0,-9.416875,3.965065,77.8,36.73,2571.0,no phase
2013-06-30 10:42:45.250,-11.0,0.875,63.875,-12.102,3.949697,77.74,36.73,2571.25,no phase
2013-06-30 10:42:45.500,-10.5,0.875,64.0,17.165,3.947135,77.68,36.73,2571.5,no phase
2013-06-30 10:42:45.750,-10.75,0.75,64.0,-13.953333,3.939373,77.62,36.73,2571.75,no phase
2013-06-30 10:42:46.000,-10.875,1.0,64.0,14.698125,3.929127,77.57,36.71,2572.0,no phase
2013-06-30 10:42:46.250,-11.0,0.875,64.0,8.81125,3.924004,77.53,36.71,2572.25,no phase
2013-06-30 10:42:46.500,-10.875,0.75,64.0,-25.65,3.929127,77.5,36.71,2572.5,no phase
2013-06-30 10:42:46.750,-11.25,1.0,64.0,22.0925,3.940654,77.47,36.71,2572.75,no phase
2013-06-30 10:42:47.000,-11.0,1.0,64.0,9.648125,3.950899,77.45,36.71,2573.0,no phase
2013-06-30 10:42:47.250,-11.375,0.875,64.0,-26.663333,3.953461,77.42,36.71,2573.25,no phase
2013-06-30 10:42:47.500,-11.5,1.0,63.75,16.26,3.958584,77.39,36.71,2573.5,no phase
2013-06-30 10:42:47.750,-11.375,1.0,64.0,14.406,3.957303,77.36,36.71,2573.75,no phase
2013-06-30 10:42:48.000,-10.625,0.75,63.875,-18.336875,3.939373,77.32,36.73,2574.0,no phase
2013-06-30 10:42:48.250,-11.125,0.5,64.0,-0.48,3.954741,77.28,36.73,2574.25,no phase
2013-06-30 10:42:48.500,-11.111,0.556,63.778,11.565333,3.962426,77.23,36.73,2574.5,no phase
2013-06-30 10:42:48.750,-11.25,0.5,64.0,-9.459375,3.964987,77.18,36.73,2574.75,no phase
2013-06-30 10:42:49.000,-11.0,1.0,63.75,-14.638125,3.972672,77.13,36.71,2575.0,no phase
2013-06-30 10:42:49.250,-11.0,1.625,63.75,19.148667,3.966268,77.08,36.71,2575.25,no phase
2013-06-30 10:42:49.500,-8.75,2.875,64.0,0.169375,3.968829,77.03,36.71,2575.5,no phase
2013-06-30 10:42:49.750,-9.25,2.125,64.0,-29.474667,3.963706,76.98,36.71,2575.75,no phase
2013-06-30 10:42:50.000,-7.75,1.875,64.0,21.12,3.958584,76.93,36.71,2576.0,no phase
2013-06-30 10:42:50.250,-8.375,2.0,64.0,3.81125,3.953461,76.87,36.71,2576.25,no phase
2013-06-30 10:42:50.500,-6.625,2.125,64.5,-34.362,3.963706,76.8,36.71,2576.5,no phase
2013-06-30 10:42:50.750,-7.25,2.0,64.0,9.096875,3.961145,76.73,36.71,2576.75,no phase
2013-06-30 10:42:51.000,-7.125,2.0,64.125,29.31,3.95218,76.65,36.71,2577.0,no phase
2013-06-30 10:42:51.250,-7.25,2.0,64.0,-27.806667,3.961145,76.57,36.71,2577.25,no phase
2013-06-30 10:42:51.500,-8.0,0.625,64.125,25.075,4.004689,76.49,36.71,2577.5,no phase
2013-06-30 10:42:51.750,-7.75,1.0,64.0,34.38,4.025181,76.41,36.71,2577.75,no phase
2013-06-30 10:42:52.000,-7.75,1.0,64.0,-72.21875,4.039268,76.33,36.68,2578.0,no phase
2013-06-30 10:42:52.250,-8.125,0.875,64.125,25.8875,4.050795,76.26,36.68,2578.25,no phase
2013-06-30 10:42:52.500,-8.556,1.0,64.0,-53.008,4.071286,76.18,36.68,2578.5,no phase
2013-06-30 10:42:52.750,-8.625,0.875,64.0,-10.828125,4.134041,76.11,36.68,2578.75,no phase
2013-06-30 10:42:53.000,-8.875,0.5,64.0,51.288125,4.212165,76.03,36.71,2579.0,no phase
2013-06-30 10:42:53.250,-9.25,0.25,64.0,-23.226667,4.258271,75.94,36.71,2579.25,no phase
2013-06-30 10:42:53.500,-10.0,0.0,64.0,24.76125,4.273639,75.85,36.71,2579.5,no phase
2013-06-30 10:42:53.750,-10.0,0.5,64.0,8.852,4.269797,75.75,36.71,2579.75,no phase
2013-06-30 10:42:54.000,-10.0,0.125,64.0,-15.59,4.262113,75.65,36.68,2580.0,no phase
2013-06-30 10:42:54.250,-9.875,0.125,64.0,5.273125,4.248025,75.55,36.68,2580.25,no phase
2013-06-30 10:42:54.500,-9.875,0.25,64.0,3.704667,4.222411,75.46,36.68,2580.5,no phase
2013-06-30 10:42:54.750,-9.875,0.25,64.0,-3.06125,4.2032,75.37,36.68,2580.75,no phase
2013-06-30 10:42:55.000,-10.0,0.375,64.0,17.775625,4.190393,75.27,36.68,2581.0,no phase
2013-06-30 10:42:55.250,-10.0,0.25,64.0,-12.168667,4.187831,75.17,36.68,2581.25,no phase
2013-06-30 10:42:55.500,-9.875,0.5,64.0,-21.055,4.199358,75.07,36.68,2581.5,no phase
2013-06-30 10:42:55.750,-10.0,0.25,64.0,49.482667,4.218568,74.96,36.68,2581.75,no phase
2013-06-30 10:42:56.000,-10.0,0.25,64.0,124.416875,4.231376,74.85,36.71,2582.0,no phase
2013-06-30 10:42:56.250,-10.0,0.111,64.0,-53.833125,4.222411,74.74,36.71,2582.25,no phase
2013-06-30 10:42:56.500,-10.0,0.125,64.0,-88.342667,4.200639,74.63,36.71,2582.5,no phase
2013-06-30 10:42:56.750,-10.625,0.125,64.0,-58.528125,4.187831,74.51,36.71,2582.75,no phase
2013-06-30 10:42:57.000,-10.75,0.125,64.0,-13.10625,4.148129,74.4,36.73,2583.0,no phase
2013-06-30 10:42:57.250,-10.25,0.0,64.0,4.038,4.126357,74.29,36.73,2583.25,no phase
2013-06-30 10:42:57.500,-10.0,0.375,64.0,28.386875,4.16734,74.18,36.73,2583.5,no phase
2013-06-30 10:42:57.750,-10.125,0.0,64.0,45.354,4.213446,74.07,36.73,2583.75,no phase
2013-06-30 10:42:58.000,-10.125,0.375,64.0,24.384375,4.25699,73.97,36.73,2584.0,no phase
2013-06-30 10:42:58.250,-10.125,0.125,64.0,3.034375,4.273639,73.87,36.73,2584.25,no phase
2013-06-30 10:42:58.500,-10.0,0.25,64.0,-84.138,4.278762,73.78,36.73,2584.5,no phase
2013-06-30 10:42:58.750,-10.0,0.5,64.0,-77.884375,4.272358,73.68,36.73,2584.75,no phase
2013-06-30 10:42:59.000,-10.5,0.25,64.0,7.69125,4.264674,73.58,36.73,2585.0,no phase
2013-06-30 10:42:59.250,-11.875,0.25,63.75,-22.751333,4.23906,73.48,36.73,2585.25,no phase
2013-06-30 10:42:59.500,-13.125,0.375,63.375,123.7175,4.240341,73.37,36.73,2585.5,no phase
2013-06-30 10:42:59.750,-13.25,-0.125,63.25,-4.691333,4.264674,73.26,36.73,2585.75,no phase
2013-06-30 10:43:00.000,-14.0,0.0,63.0,27.935,4.232656,73.15,36.75,2586.0,no phase
2013-06-30 10:43:00.250,-14.111,-0.333,63.111,-90.264375,4.254428,73.05,36.75,2586.25,no phase
2013-06-30 10:43:00.500,-11.75,0.0,63.5,28.456,4.132761,72.94,36.75,2586.5,no phase
2013-06-30 10:43:00.750,-13.0,-0.125,63.5,-6.08625,4.086655,72.85,36.75,2586.75,no phase
2013-06-30 10:43:01.000,-14.75,-0.75,62.875,66.62375,4.098181,72.75,36.79,2587.0,no phase
2013-06-30 10:43:01.250,-14.0,-0.25,63.0,24.704,4.144287,72.66,36.79,2587.25,no phase
2013-06-30 10:43:01.500,-15.125,-0.625,62.625,36.718125,4.173744,72.56,36.79,2587.5,no phase
2013-06-30 10:43:01.750,-14.125,-0.375,62.875,-67.464667,4.208323,72.45,36.79,2587.75,no phase
2013-06-30 10:43:02.000,-14.25,-0.875,63.0,-15.804375,4.268517,72.33,36.79,2588.0,no phase
2013-06-30 10:43:02.250,-14.0,-0.625,63.0,-3.169375,4.303096,72.19,36.79,2588.25,no phase
2013-06-30 10:43:02.500,-13.625,-0.25,63.0,-0.319333,4.269797,72.05,36.79,2588.5,no phase
2013-06-30 10:43:02.750,-13.875,-0.875,63.125,-4.93875,4.262113,71.9,36.79,2588.75,no phase
2013-06-30 10:43:03.000,-14.0,-0.375,63.0,-21.015,4.306938,71.75,36.83,2589.0,no phase
2013-06-30 10:43:03.250,-14.625,-0.625,62.875,19.370667,4.367131,71.62,36.83,2589.25,no phase
2013-06-30 10:43:03.500,-13.625,0.0,63.25,-24.098125,4.410676,71.49,36.83,2589.5,no phase
2013-06-30 10:43:03.750,-14.625,-0.375,62.75,16.567333,4.41836,71.36,36.83,2589.75,no phase
2013-06-30 10:43:04.000,-14.444,-0.556,62.778,16.146875,4.40043,71.23,36.81,2590.0,no phase
2013-06-30 10:43:04.250,-13.75,0.0,63.125,-17.953125,4.397869,71.09,36.81,2590.25,no phase
2013-06-30 10:43:04.500,-13.25,-0.375,63.375,9.903333,4.377377,70.94,36.81,2590.5,no phase
2013-06-30 10:43:04.750,-13.5,-0.5,63.375,14.7525,4.354324,70.79,36.81,2590.75,no phase
2013-06-30 10:43:05.000,-13.625,-0.375,63.0,-23.78625,4.333833,70.65,36.83,2591.0,no phase
2013-06-30 10:43:05.250,-13.375,-0.25,63.25,-10.480667,4.322306,70.52,36.83,2591.25,no phase
2013-06-30 10:43:05.500,-12.875,-0.25,63.25,25.676875,4.296692,70.4,36.83,2591.5,no phase
2013-06-30 10:43:05.750,-13.875,-0.5,63.0,1.698,4.282604,70.28,36.83,2591.75,no phase
2013-06-30 10:43:06.000,-11.625,-0.375,63.5,-27.309375,4.271078,70.18,36.81,2592.0,no phase
2013-06-30 10:43:06.250,-12.75,-0.25,63.5,19.346875,4.258271,70.08,36.81,2592.25,no phase
2013-06-30 10:43:06.500,-12.875,0.0,63.375,17.765333,4.248025,69.98,36.81,2592.5,no phase
2013-06-30 10:43:06.750,-12.75,0.0,63.125,-7.6925,4.251867,69.88,36.81,2592.75,no phase
2013-06-30 10:43:07.000,-12.875,-0.25,63.5,-22.7825,4.25699,69.77,36.83,2593.0,no phase
2013-06-30 10:43:07.250,-13.125,0.0,63.0,27.328667,4.258271,69.65,36.83,2593.25,no phase
2013-06-30 10:43:07.500,-13.875,0.0,63.0,12.27375,4.267236,69.52,36.83,2593.5,no phase
2013-06-30 10:43:07.750,-14.125,-0.125,63.0,-19.220667,4.263393,69.39,36.83,2593.75,no phase
2013-06-30 10:43:08.000,-13.667,-0.111,63.111,-15.901875,4.244183,69.28,36.81,2594.0,no phase
2013-06-30 10:43:08.250,-13.375,0.0,63.125,31.94625,4.219849,69.18,36.81,2594.25,no phase
2013-06-30 10:43:08.500,-13.125,-0.125,63.25,3.353333,4.214726,69.1,36.81,2594.5,no phase
2013-06-30 10:43:08.750,-13.625,-0.125,63.25,-17.385625,4.213446,69.01,36.81,2594.75,no phase
2013-06-30 10:43:09.000,-13.25,0.0,63.625,-11.115625,4.213446,68.93,36.81,2595.0,no phase
2013-06-30 10:43:09.250,-12.75,0.0,63.5,22.44,4.201919,68.84,36.81,2595.25,no phase
2013-06-30 10:43:09.500,-13.125,-0.25,63.25,4.018125,4.196796,68.75,36.81,2595.5,no phase
2013-06-30 10:43:09.750,-12.75,0.0,63.25,-21.328,4.190393,68.66,36.81,2595.75,no phase
2013-06-30 10:43:10.000,-13.875,0.0,63.0,-3.461875,4.190393,68.6,36.81,2596.0,no phase
2013-06-30 10:43:10.250,-13.375,0.0,63.125,18.545,4.189112,68.56,36.81,2596.25,no phase
2013-06-30 10:43:10.500,-13.0,0.0,63.25,3.010667,4.204481,68.55,36.81,2596.5,no phase
2013-06-30 10:43:10.750,-13.125,0.0,63.25,-23.09625,4.204481,68.55,36.81,2596.75,no phase
2013-06-30 10:43:11.000,-13.25,0.0,63.25,8.57625,4.175024,68.55,36.83,2597.0,no phase
2013-06-30 10:43:11.250,-13.125,-0.125,63.0,13.785333,4.143006,68.55,36.83,2597.25,no phase
2013-06-30 10:43:11.500,-13.625,-0.125,63.0,4.548125,4.125076,68.54,36.83,2597.5,no phase
2013-06-30 10:43:11.750,-14.0,0.0,63.111,-33.250667,4.141726,68.53,36.83,2597.75,no phase
2013-06-30 10:43:12.000,-12.875,0.0,63.375,7.200625,4.162217,68.53,36.83,2598.0,no phase
2013-06-30 10:43:12.250,-12.375,0.0,63.625,27.714375,4.2032,68.53,36.83,2598.25,no phase
2013-06-30 10:43:12.500,-12.625,0.0,63.375,-12.965333,4.191674,68.54,36.83,2598.5,no phase
2013-06-30 10:43:12.750,-12.25,0.0,63.75,-21.838125,4.180147,68.54,36.83,2598.75,no phase
2013-06-30 10:43:13.000,-12.75,0.0,63.625,24.493125,4.182709,68.55,36.81,2599.0,no phase
2013-06-30 10:43:13.250,-12.5,-0.25,63.375,-2.287333,4.162217,68.56,36.81,2599.25,no phase
2013-06-30 10:43:13.500,-12.75,0.0,63.125,-43.55875,4.154533,68.56,36.81,2599.5,no phase
2013-06-30 10:43:13.750,-12.5,0.0,63.625,39.698667,4.146849,68.56,36.81,2599.75,no phase
2013-06-30 10:43:14.000,-11.875,0.0,64.0,16.736875,4.160936,68.55,36.83,2600.0,no phase
2013-06-30 10:43:14.250,-12.375,0.0,63.75,-1.19875,4.2032,68.54,36.83,2600.25,no phase
2013-06-30 10:43:14.500,-12.75,-0.125,63.375,30.477333,4.224972,68.52,36.83,2600.5,no phase
2013-06-30 10:43:14.750,-12.0,0.0,63.75,-59.42375,4.264674,68.5,36.83,2600.75,no phase
2013-06-30 10:43:15.000,-14.25,-0.375,62.875,-44.39375,4.287727,68.48,36.79,2601.0,no phase
2013-06-30 10:43:15.250,-12.625,-0.375,63.375,38.511333,4.308218,68.46,36.79,2601.25,no phase
2013-06-30 10:43:15.500,-15.875,-0.75,62.5,46.604375,4.308218,68.44,36.79,2601.5,no phase
2013-06-30 10:43:15.750,-13.778,-0.111,63.111,55.684,4.319745,68.42,36.79,2601.75,no phase
2013-06-30 10:43:16.000,-14.25,-0.375,63.0,-48.613125,4.335114,68.4,36.79,2602.0,no phase
2013-06-30 10:43:16.250,-14.25,-0.25,63.0,-41.78125,4.321026,68.37,36.79,2602.25,no phase
2013-06-30 10:43:16.500,-13.875,0.0,63.0,-26.466667,4.304377,68.34,36.79,2602.5,no phase
2013-06-30 10:43:16.750,-13.75,-0.25,63.125,87.68375,4.294131,68.31,36.79,2602.75,no phase
2013-06-30 10:43:17.000,-13.625,-0.25,63.125,-32.075625,4.285166,68.28,36.79,2603.0,no phase
2013-06-30 10:43:17.250,-13.375,0.0,63.25,-7.767333,4.282604,68.25,36.79,2603.25,no phase
2013-06-30 10:43:17.500,-13.875,0.0,63.0,20.371875,4.29285,68.22,36.79,2603.5,no phase
2013-06-30 10:43:17.750,-14.125,-0.5,63.125,-89.1,4.297973,68.18,36.79,2603.75,no phase
2013-06-30 10:43:18.000,-13.625,0.0,63.125,27.8875,4.308218,68.15,36.77,2604.0,no phase
2013-06-30 10:43:18.250,-12.75,-0.25,63.375,47.001875,4.319745,68.11,36.77,2604.25,no phase
2013-06-30 10:43:18.500,-13.5,0.0,63.25,20.516,4.32871,68.08,36.77,2604.5,no phase
2013-06-30 10:43:18.750,-13.625,-0.25,63.125,-47.890625,4.335114,68.05,36.77,2604.75,no phase
2013-06-30 10:43:19.000,-13.125,0.0,63.375,-27.015625,4.349201,68.03,36.77,2605.0,no phase
2013-06-30 10:43:19.250,-13.5,-0.125,63.125,17.629333,4.358166,68.02,36.77,2605.25,no phase
2013-06-30 10:43:19.500,-13.444,-0.333,63.0,5.24,4.360728,68.03,36.77,2605.5,no phase
2013-06-30 10:43:19.750,-12.875,0.0,63.5,15.454667,4.356885,68.04,36.77,2605.75,no phase
2013-06-30 10:43:20.000,-12.375,-0.125,63.625,-8.41125,4.358166,68.05,36.79,2606.0,no phase
2013-06-30 10:43:20.250,-13.125,0.0,63.25,27.336875,4.354324,68.06,36.79,2606.25,no phase
2013-06-30 10:43:20.500,-13.875,0.0,63.0,14.819333,4.360728,68.07,36.79,2606.5,no phase
2013-06-30 10:43:20.750,-13.75,-0.375,63.0,-0.8025,4.369693,68.08,36.79,2606.75,no phase
2013-06-30 10:43:21.000,-12.875,0.0,63.375,19.63,4.399149,68.1,36.75,2607.0,no phase
2013-06-30 10:43:21.250,-12.375,0.0,63.5,-19.774667,4.428606,68.13,36.75,2607.25,no phase
2013-06-30 10:43:21.500,-12.5,0.0,63.5,-7.91625,4.464466,68.18,36.75,2607.5,no phase
2013-06-30 10:43:21.750,-11.875,0.0,63.875,16.134,4.519615,68.23,36.75,2607.75,no phase
2013-06-30 10:43:22.000,-12.125,0.0,64.0,-34.743125,4.534983,68.28,36.73,2608.0,no phase
2013-06-30 10:43:22.250,-12.375,0.0,63.625,8.04,4.527299,68.33,36.73,2608.25,no phase
2013-06-30 10:43:22.500,-12.25,0.0,63.625,6.970667,4.531141,68.38,36.73,2608.5,no phase
2013-06-30 10:43:22.750,-12.0,-0.125,63.625,-10.489375,4.514492,68.43,36.73,2608.75,no phase
2013-06-30 10:43:23.000,-12.375,-0.125,63.75,19.188125,4.505527,68.48,36.73,2609.0,no phase
2013-06-30 10:43:23.250,-12.0,0.0,63.75,-5.196667,4.468386,68.53,36.73,2609.25,no phase
2013-06-30 10:43:23.500,-12.333,-0.333,63.667,-2.111875,4.453017,68.57,36.73,2609.5,no phase
2013-06-30 10:43:23.750,-12.625,-0.25,63.5,8.166667,4.455579,68.62,36.73,2609.75,no phase
2013-06-30 10:43:24.000,-12.5,-0.125,63.5,-19.673125,4.453017,68.68,36.73,2610.0,no phase
2013-06-30 10:43:24.250,-11.125,0.0,63.875,-11.7,4.442772,68.75,36.73,2610.25,no phase
2013-06-30 10:43:24.500,-11.75,0.0,64.0,-15.585333,4.453017,68.82,36.73,2610.5,no phase
2013-06-30 10:43:24.750,-12.375,-0.125,63.625,-21.009375,4.47479,68.89,36.73,2610.75,no phase
2013-06-30 10:43:25.000,-13.0,0.0,63.125,5.27,4.500404,68.95,36.68,2611.0,no phase
2013-06-30 10:43:25.250,-12.5,0.0,63.625,13.116667,4.533702,69.0,36.68,2611.25,no phase
2013-06-30 10:43:25.500,-12.5,0.0,63.375,-2.111875,4.555475,69.05,36.68,2611.5,no phase
2013-06-30 10:43:25.750,-13.125,-0.125,63.25,21.120667,4.567001,69.1,36.68,2611.75,no phase
2013-06-30 10:43:26.000,-12.75,-0.375,63.375,-9.48375,4.595177,69.15,36.66,2612.0,no phase
2013-06-30 10:43:26.250,-12.375,-0.125,63.625,-5.746875,4.643844,69.21,36.66,2612.25,no phase
2013-06-30 10:43:26.500,-13.0,-0.25,63.0,11.79,4.723248,69.28,36.66,2612.5,no phase
2013-06-30 10:43:26.750,-13.0,0.0,63.125,-12.745,4.766792,69.34,36.66,2612.75,no phase
2013-06-30 10:43:27.000,-13.125,0.0,63.125,-9.22375,4.821863,69.4,36.66,2613.0,no phase
2013-06-30 10:43:27.250,-12.667,0.0,63.444,-4.16,4.839793,69.45,36.66,2613.25,no phase
2013-06-30 10:43:27.500,-13.0,-0.125,63.5,-3.594375,4.848758,69.48,36.66,2613.5,no phase
2013-06-30 10:43:27.750,-12.75,-0.25,63.5,32.696,4.821863,69.53,36.66,2613.75,no phase
2013-06-30 10:43:28.000,-13.0,-0.125,63.375,0.8725,4.809056,69.58,36.66,2614.0,no phase
2013-06-30 10:43:28.250,-12.875,-0.375,63.375,-102.5625,4.801372,69.65,36.66,2614.25,no phase
2013-06-30 10:43:28.500,-13.125,0.0,63.125,217.569333,4.806495,69.73,36.66,2614.5,no phase
2013-06-30 10:43:28.750,-12.875,-0.125,63.25,-121.405,4.814179,69.83,36.66,2614.75,no phase
2013-06-30 10:43:29.000,-13.0,-0.25,63.5,-249.410625,4.81546,69.92,36.65,2615.0,no phase
2013-06-30 10:43:29.250,-13.125,0.0,63.375,136.013333,4.789845,70.01,36.65,2615.25,no phase
2013-06-30 10:43:29.500,-12.875,-0.125,63.25,127.4225,4.76167,70.09,36.65,2615.5,no phase
2013-06-30 10:43:29.750,-12.625,-0.25,63.625,151.600667,4.736055,70.17,36.65,2615.75,no phase
2013-06-30 10:43:30.000,-12.375,-0.125,63.875,56.815625,4.693792,70.23,36.63,2616.0,no phase
2013-06-30 10:43:30.250,-13.625,-0.375,63.125,-98.735,4.650248,70.28,36.63,2616.25,no phase
2013-06-30 10:43:30.500,-11.25,-0.25,63.75,-120.075333,4.629756,70.32,36.63,2616.5,no phase
2013-06-30 10:43:30.750,-12.75,0.0,63.25,26.955,4.618229,70.35,36.63,2616.75,no phase
2013-06-30 10:43:31.000,-13.625,-0.5,63.0,-14.729375,4.623353,70.38,36.63,2617.0,no phase
2013-06-30 10:43:31.250,-12.333,0.222,63.444,63.608,4.614388,70.41,36.63,2617.25,no phase
2013-06-30 10:43:31.500,-12.875,0.0,63.375,-33.7925,4.607984,70.44,36.63,2617.5,no phase
2013-06-30 10:43:31.750,-13.0,0.0,63.625,-0.586667,4.606703,70.47,36.63,2617.75,no phase
2013-06-30 10:43:32.000,-12.75,0.0,63.5,71.553125,4.627194,70.5,36.61,2618.0,no phase
2013-06-30 10:43:32.250,-12.625,0.0,63.0,-58.675,4.666897,70.52,36.61,2618.25,no phase
2013-06-30 10:43:32.500,-12.375,0.0,63.75,-35.178667,4.696353,70.55,36.61,2618.5,no phase
2013-06-30 10:43:32.750,-11.75,0.0,63.875,-6.32875,4.719406,70.57,36.61,2618.75,no phase
2013-06-30 10:43:33.000,-12.875,-0.25,63.625,-24.5725,4.777038,70.6,36.61,2619.0,no phase
2013-06-30 10:43:33.250,-12.75,-0.25,63.5,-1.437333,4.841074,70.64,36.61,2619.25,no phase
2013-06-30 10:43:33.500,-12.75,-0.25,63.25,-6.385,4.893583,70.68,36.61,2619.5,no phase
2013-06-30 10:43:33.750,-12.0,-0.125,63.375,31.680667,4.930724,70.72,36.61,2619.75,no phase
2013-06-30 10:43:34.000,-11.5,-0.125,63.875,2.15,4.930724,70.77,36.57,2620.0,no phase
2013-06-30 10:43:34.250,-12.75,-0.25,63.5,8.93125,4.920478,70.81,36.57,2620.25,no phase
2013-06-30 10:43:34.500,-12.75,0.0,63.375,-3.574667,4.899987,70.86,36.57,2620.5,no phase
2013-06-30 10:43:34.750,-12.5,-0.125,63.375,7.659375,4.875653,70.9,36.57,2620.75,no phase
2013-06-30 10:43:35.000,-12.111,-0.111,63.889,12.833125,4.839793,70.93,36.59,2621.0,no phase
2013-06-30 10:43:35.250,-12.25,0.0,64.0,-9.948,4.788565,70.96,36.59,2621.25,no phase
2013-06-30 10:43:35.500,-12.125,-0.125,63.75,27.061875,4.741178,70.98,36.59,2621.5,no phase
2013-06-30 10:43:35.750,-11.875,0.0,63.75,15.694,4.720687,71.01,36.59,2621.75,no phase
2013-06-30 10:43:36.000,-11.875,-0.25,63.75,-19.249375,4.696353,71.03,36.57,2622.0,no phase
2013-06-30 10:43:36.250,-12.75,-0.25,63.25,-7.725,4.692511,71.05,36.57,2622.25,no phase
2013-06-30 10:43:36.500,-12.125,-0.125,63.75,34.429333,4.672019,71.08,36.57,2622.5,no phase
2013-06-30 10:43:36.750,-13.25,-0.5,63.5,-15.294375,4.664335,71.11,36.57,2622.75,no phase
2013-06-30 10:43:37.000,-13.0,-0.25,63.5,1.878125,4.646405,71.15,36.55,2623.0,no phase
2013-06-30 10:43:37.250,-13.0,-0.625,63.25,5.502667,4.645124,71.2,36.55,2623.25,no phase
2013-06-30 10:43:37.500,-10.75,0.5,63.875,-24.635,4.638721,71.25,36.55,2623.5,no phase
2013-06-30 10:43:37.750,-12.5,-0.25,63.25,0.744,4.648967,71.3,36.55,2623.75,no phase
2013-06-30 10:43:38.000,-11.75,0.0,63.75,-33.280625,4.648967,71.35,36.57,2624.0,no phase
2013-06-30 10:43:38.250,-11.375,-0.375,63.75,152.58,4.672019,71.4,36.57,2624.25,no phase
2013-06-30 10:43:38.500,-11.625,-0.25,63.875,-220.506667,4.684827,71.44,36.57,2624.5,no phase
2013-06-30 10:43:38.750,-11.625,-0.25,63.75,28.056875,4.675862,71.49,36.57,2624.75,no phase
2013-06-30 10:43:39.000,-12.0,-0.889,63.778,38.369375,4.687388,71.55,36.55,2625.0,no phase
2013-06-30 10:43:39.250,-12.25,-0.125,63.5,14.170667,4.688669,71.62,36.55,2625.25,no phase
2013-06-30 10:43:39.500,-13.625,-0.5,63.375,13.740625,4.679704,71.69,36.55,2625.5,no phase
2013-06-30 10:43:39.750,-13.25,-0.25,63.375,-16.362,4.675862,71.77,36.55,2625.75,no phase
2013-06-30 10:43:40.000,-12.75,0.0,63.375,-31.331875,4.6733,71.85,36.57,2626.0,no phase
2013-06-30 10:43:40.250,-12.75,-0.25,63.125,26.314375,4.660493,71.93,36.57,2626.25,no phase
2013-06-30 10:43:40.500,-10.625,-5.0,63.0,21.952667,4.642563,72.02,36.57,2626.5,no phase
2013-06-30 10:43:40.750,-13.125,-1.0,63.25,-17.450625,4.610545,72.1,36.57,2626.75,no phase
2013-06-30 10:43:41.000,-12.75,-1.0,63.25,17.051875,4.600299,72.18,36.5,2627.0,no phase
2013-06-30 10:43:41.250,-12.625,-1.0,63.375,-29.656,4.586212,72.26,36.5,2627.25,no phase
2013-06-30 10:43:41.500,-12.0,-1.0,63.75,-17.060625,4.595177,72.34,36.5,2627.5,no phase
2013-06-30 10:43:41.750,-11.875,-1.0,63.875,12.922,4.609264,72.42,36.5,2627.75,no phase
2013-06-30 10:43:42.000,-11.625,-1.0,64.0,32.071875,4.633598,72.5,36.55,2628.0,no phase
2013-06-30 10:43:42.250,-11.875,-1.0,64.0,11.5675,4.661774,72.59,36.55,2628.25,no phase
2013-06-30 10:43:42.500,-11.875,-1.0,64.0,-25.512,4.706599,72.69,36.55,2628.5,no phase
2013-06-30 10:43:42.750,-11.778,-1.0,63.889,27.283125,4.755266,72.79,36.55,2628.75,no phase
2013-06-30 10:43:43.000,-11.625,-1.0,63.875,-5.05,4.782161,72.88,36.5,2629.0,no phase
2013-06-30 10:43:43.250,-12.0,-1.0,64.0,-22.605333,4.812898,72.97,36.5,2629.25,no phase
2013-06-30 10:43:43.500,-11.75,-1.0,64.0,-25.663125,4.837232,73.06,36.5,2629.5,no phase
2013-06-30 10:43:43.750,-11.625,-1.0,64.0,-12.325333,4.835951,73.14,36.5,2629.75,no phase
2013-06-30 10:43:44.000,-11.25,-1.0,64.0,32.871875,4.824425,73.23,36.5,2630.0,no phase
2013-06-30 10:43:44.250,-11.25,-1.0,63.875,90.290625,4.812898,73.32,36.5,2630.25,no phase
2013-06-30 10:43:44.500,-11.0,-1.0,64.0,157.737333,4.805214,73.42,36.5,2630.5,no phase
2013-06-30 10:43:44.750,-11.125,-1.0,64.0,-392.53,4.786003,73.53,36.5,2630.75,no phase
2013-06-30 10:43:45.000,-11.0,-1.0,64.0,-90.271875,4.783442,73.63,36.5,2631.0,no phase
2013-06-30 10:43:45.250,-11.0,-1.0,64.0,197.786,4.784722,73.74,36.5,2631.25,no phase
2013-06-30 10:43:45.500,-11.0,-1.0,64.0,60.548125,4.800091,73.84,36.5,2631.5,no phase
2013-06-30 10:43:45.750,-10.875,-1.0,64.0,44.770667,4.810337,73.94,36.5,2631.75,no phase
2013-06-30 10:43:46.000,-10.875,-1.0,64.0,-38.09375,4.810337,74.03,36.49,2632.0,no phase
2013-06-30 10:43:46.250,-11.0,-1.0,64.0,-19.914375,4.801372,74.11,36.49,2632.25,no phase
2013-06-30 10:43:46.500,-11.0,-1.0,64.0,21.150667,4.788565,74.18,36.49,2632.5,no phase
2013-06-30 10:43:46.750,-11.0,-1.0,64.0,19.670625,4.791126,74.25,36.49,2632.75,no phase
2013-06-30 10:43:47.000,-11.0,-1.0,64.0,-5.605625,4.792407,74.32,36.5,2633.0,no phase
2013-06-30 10:43:47.250,-11.0,-1.0,64.0,-19.106,4.832109,74.39,36.5,2633.25,no phase
2013-06-30 10:43:47.500,-11.0,-1.0,64.0,-0.021875,4.946093,74.46,36.5,2633.5,no phase
2013-06-30 10:43:47.750,-11.0,-1.0,64.0,-9.558667,5.136399,74.54,36.5,2633.75,no phase
2013-06-30 10:43:48.000,-11.375,-1.0,63.875,-3.015625,5.270874,74.62,36.5,2634.0,no phase
2013-06-30 10:43:48.250,-11.75,-1.0,63.625,23.051875,5.311857,74.7,36.5,2634.25,no phase
2013-06-30 10:43:48.500,-10.875,-1.0,63.875,-10.518,5.304173,74.78,36.5,2634.5,no phase
2013-06-30 10:43:48.750,-10.875,-1.0,64.0,-27.4675,5.287523,74.87,36.5,2634.75,no phase
2013-06-30 10:43:49.000,-11.875,-1.0,63.875,16.65125,5.268313,74.95,36.49,2635.0,no phase
2013-06-30 10:43:49.250,-11.875,-1.0,64.0,5.303333,5.219646,75.04,36.49,2635.25,no phase
2013-06-30 10:43:49.500,-11.125,-1.0,64.0,-10.923125,5.149206,75.12,36.49,2635.5,no phase
2013-06-30 10:43:49.750,-11.25,-1.0,63.875,-40.022667,5.082609,75.21,36.49,2635.75,no phase
2013-06-30 10:43:50.000,-12.0,-1.0,63.75,17.66375,5.037784,75.3,36.49,2636.0,no phase
2013-06-30 10:43:50.250,-11.75,-0.625,63.875,0.92875,5.000644,75.39,36.49,2636.25,no phase
2013-06-30 10:43:50.500,-12.333,-0.444,63.778,16.222667,4.971187,75.49,36.49,2636.5,no phase
2013-06-30 10:43:50.750,-12.125,-0.5,64.0,-10.81,4.953257,75.58,36.49,2636.75,no phase
2013-06-30 10:43:51.000,-10.75,-0.75,64.0,32.641875,4.982714,75.68,36.47,2637.0,no phase
2013-06-30 10:43:51.250,-11.875,-0.5,63.875,17.864,5.0301,75.78,36.47,2637.25,no phase
2013-06-30 10:43:51.500,-11.5,-0.5,63.75,-23.854375,5.076206,75.88,36.47,2637.5,no phase
2013-06-30 10:43:51.750,-11.0,-0.5,63.625,-23.234667,5.109504,75.98,36.47,2637.75,no phase
2013-06-30 10:43:52.000,-11.5,-0.375,63.875,50.45,5.126153,76.08,36.47,2638.0,no phase
2013-06-30 10:43:52.250,-12.125,-0.375,63.75,-30.04125,5.112066,76.18,36.47,2638.25,no phase
2013-06-30 10:43:52.500,-12.5,-0.625,63.625,-44.592,5.090293,76.27,36.47,2638.5,no phase
2013-06-30 10:43:52.750,-12.625,-0.625,63.375,18.745625,5.04803,76.37,36.47,2638.75,no phase
2013-06-30 10:43:53.000,-12.375,-0.5,63.625,47.680625,5.009609,76.48,36.5,2639.0,no phase
2013-06-30 10:43:53.250,-11.0,0.0,64.0,-5.408667,4.975029,76.59,36.5,2639.25,no phase
2013-06-30 10:43:53.500,-10.75,-0.125,63.5,-39.150625,4.943011,76.71,36.5,2639.5,no phase
2013-06-30 10:43:53.750,-10.125,-0.125,64.0,44.218,4.930204,76.83,36.5,2639.75,no phase
2013-06-30 10:43:54.000,-11.875,-1.0,63.875,5.714375,4.927643,76.95,36.47,2640.0,no phase
2013-06-30 10:43:54.250,-10.875,-0.125,64.0,-27.68875,4.928924,77.07,36.47,2640.25,no phase
2013-06-30 10:43:54.500,-11.222,-0.333,64.0,-5.473333,4.9238,77.18,36.47,2640.5,no phase
2013-06-30 10:43:54.750,-12.625,-0.375,63.625,-20.895625,4.914835,77.29,36.47,2640.75,no phase
2013-06-30 10:43:55.000,-12.25,-0.5,63.5,26.8425,4.918678,77.4,36.49,2641.0,no phase
2013-06-30 10:43:55.250,-11.625,-0.25,64.0,9.397333,4.928924,77.51,36.49,2641.25,no phase
2013-06-30 10:43:55.500,-11.625,-0.125,64.0,33.3125,4.934046,77.61,36.49,2641.5,no phase
2013-06-30 10:43:55.750,-12.875,-0.375,63.125,14.935333,4.92252,77.71,36.49,2641.75,no phase
2013-06-30 10:43:56.000,-12.875,-0.625,63.375,-40.57125,4.908432,77.82,36.49,2642.0,no phase
2013-06-30 10:43:56.250,-12.875,-0.5,63.125,-15.528125,4.907151,77.93,36.49,2642.25,no phase
2013-06-30 10:43:56.500,-12.875,-0.5,63.25,17.603333,4.925081,78.03,36.49,2642.5,no phase
2013-06-30 10:43:56.750,-12.75,-0.625,63.375,1.466875,5.051872,78.14,36.49,2642.75,no phase
2013-06-30 10:43:57.000,-12.125,-0.375,63.5,20.259375,5.235014,78.25,36.49,2643.0,no phase
2013-06-30 10:43:57.250,-12.0,0.0,63.625,32.33,5.369489,78.36,36.49,2643.25,no phase
2013-06-30 10:43:57.500,-12.375,0.125,63.625,-64.89125,5.451455,78.46,36.49,2643.5,no phase
2013-06-30 10:43:57.750,-11.5,0.375,64.0,-19.186667,5.497974,78.57,36.49,2643.75,no phase
2013-06-30 10:43:58.000,-11.25,0.0,64.0,36.10625,5.465956,78.68,36.49,2644.0,no phase
2013-06-30 10:43:58.250,-10.444,-0.111,64.0,-0.44875,5.405762,78.79,36.49,2644.25,no phase
2013-06-30 10:43:58.500,-9.75,-0.625,64.0,22.967333,5.337884,78.9,36.49,2644.5,no phase
2013-06-30 10:43:58.750,-10.5,-0.375,64.0,-27.545625,5.261042,79.01,36.49,2644.75,no phase
2013-06-30 10:43:59.000,-10.0,0.0,64.0,-49.40375,5.170111,79.13,36.47,2645.0,no phase
2013-06-30 10:43:59.250,-11.125,-0.25,64.0,7.852667,5.093268,79.25,36.47,2645.25,no phase
2013-06-30 10:43:59.500,-10.125,0.0,64.0,5.649375,5.04332,79.36,36.47,2645.5,no phase
2013-06-30 10:43:59.750,-11.125,-0.375,63.875,-7.203333,5.020267,79.48,36.47,2645.75,no phase
2013-06-30 10:44:00.000,-10.0,0.0,64.0,-3.548125,4.993372,79.6,36.47,2646.0,no phase
2013-06-30 10:44:00.250,-9.0,0.0,64.0,-6.1975,5.003618,79.72,36.47,2646.25,no phase
2013-06-30 10:44:00.500,-9.0,-0.125,64.0,6.195333,4.949828,79.83,36.47,2646.5,no phase
2013-06-30 10:44:00.750,-8.5,0.0,64.0,-23.68875,4.976723,79.95,36.47,2646.75,no phase
2013-06-30 10:44:01.000,-8.5,-0.25,64.0,0.198125,4.975442,80.07,36.47,2647.0,no phase
2013-06-30 10:44:01.250,-8.625,0.0,64.0,44.685333,4.97032,80.19,36.47,2647.25,no phase
2013-06-30 10:44:01.500,-8.25,0.0,64.0,-13.9825,4.980565,80.32,36.47,2647.5,no phase
2013-06-30 10:44:01.750,-9.5,-0.5,64.0,33.060667,4.980565,80.45,36.47,2647.75,no phase
2013-06-30 10:44:02.000,-9.25,-0.375,64.0,36.761875,4.981846,80.58,36.43,2648.0,no phase
2013-06-30 10:44:02.250,-8.667,-0.667,64.0,3.1875,4.97032,80.71,36.43,2648.25,no phase
2013-06-30 10:44:02.500,-9.25,-0.75,64.0,-20.551333,4.961355,80.85,36.43,2648.5,no phase
2013-06-30 10:44:02.750,-9.625,-0.875,64.0,16.293125,4.972881,80.98,36.43,2648.75,no phase
2013-06-30 10:44:03.000,-8.625,-0.75,64.0,-55.2575,5.036917,81.12,36.45,2649.0,no phase
2013-06-30 10:44:03.250,-8.375,-0.875,64.0,-30.38,5.095829,81.26,36.45,2649.25,no phase
2013-06-30 10:44:03.500,-8.625,-0.875,64.0,73.529375,5.181637,81.39,36.45,2649.5,no phase
2013-06-30 10:44:03.750,-9.25,-0.75,63.75,56.277333,5.197006,81.53,36.45,2649.75,no phase
2013-06-30 10:44:04.000,-9.625,-0.75,64.0,-7.209375,5.214936,81.67,36.43,2650.0,no phase
2013-06-30 10:44:04.250,-9.375,-0.625,64.0,-15.611875,5.207252,81.82,36.43,2650.25,no phase
2013-06-30 10:44:04.500,-9.625,-0.5,64.0,-8.36,5.200848,81.96,36.43,2650.5,no phase
2013-06-30 10:44:04.750,-8.625,-0.5,64.0,-2.396875,5.180357,82.11,36.43,2650.75,no phase
2013-06-30 10:44:05.000,-10.0,-0.5,64.0,-11.36125,5.172672,82.25,36.43,2651.0,no phase
2013-06-30 10:44:05.250,-9.125,0.25,63.875,-67.306,5.188041,82.39,36.43,2651.25,no phase
2013-06-30 10:44:05.500,-11.125,-0.5,63.625,30.8,5.213655,82.52,36.43,2651.5,no phase
2013-06-30 10:44:05.750,-7.0,0.125,64.5,-0.332,5.245673,82.65,36.43,2651.75,no phase
2013-06-30 10:44:06.000,-8.333,-0.778,64.0,-24.094375,5.25848,82.78,36.43,2652.0,no phase
2013-06-30 10:44:06.250,-9.5,-0.75,64.0,41.3975,5.259761,82.91,36.43,2652.25,no phase
2013-06-30 10:44:06.500,-9.25,-0.5,64.0,1.746,5.249515,83.05,36.43,2652.5,no phase
2013-06-30 10:44:06.750,-13.875,-1.75,62.875,-3.580625,5.277691,83.19,36.43,2652.75,no phase
2013-06-30 10:44:07.000,-11.5,0.375,63.75,-6.618125,5.357095,83.32,36.41,2653.0,no phase
2013-06-30 10:44:07.250,-11.875,-0.125,63.25,14.137333,5.49029,83.45,36.41,2653.25,no phase
2013-06-30 10:44:07.500,-11.75,-3.875,63.125,-11.2675,5.574817,83.58,36.41,2653.5,no phase
2013-06-30 10:44:07.750,-6.125,6.125,64.375,-28.660667,5.604273,83.71,36.41,2653.75,no phase
2013-06-30 10:44:08.000,-10.375,1.0,63.625,4.5925,5.602993,83.83,36.43,2654.0,no phase
2013-06-30 10:44:08.250,-6.625,-0.75,64.375,1.68,5.560729,83.95,36.43,2654.25,no phase
2013-06-30 10:44:08.500,-7.375,-1.75,64.125,-13.458,5.500535,84.07,36.43,2654.5,no phase
2013-06-30 10:44:08.750,-5.0,0.75,64.375,-3.01625,5.428815,84.2,36.43,2654.75,no phase
2013-06-30 10:44:09.000,-11.125,-1.625,63.75,20.34875,5.376306,84.33,36.41,2655.0,no phase
2013-06-30 10:44:09.250,-12.25,-0.75,63.375,-15.729333,5.316113,84.48,36.41,2655.25,no phase
2013-06-30 10:44:09.500,-10.125,1.25,64.75,-8.905,5.272568,84.63,36.41,2655.5,no phase
2013-06-30 10:44:09.750,-11.625,-0.5,63.5,1.827333,5.237989,84.79,36.41,2655.75,no phase
2013-06-30 10:44:10.000,-9.222,1.556,64.0,-4.26125,5.214936,84.95,36.41,2656.0,no phase
2013-06-30 10:44:10.250,-10.125,-1.625,63.375,15.1725,5.200848,85.11,36.41,2656.25,no phase
2013-06-30 10:44:10.500,-12.0,-1.25,63.5,10.606667,5.18548,85.27,36.41,2656.5,no phase
2013-06-30 10:44:10.750,-12.125,-0.25,64.0,-17.165625,5.182918,85.42,36.41,2656.75,no phase
2013-06-30 10:44:11.000,-11.75,3.0,63.875,-5.134375,5.170111,85.57,36.43,2657.0,no phase
2013-06-30 10:44:11.250,-9.875,-0.375,63.5,-1.425333,5.156023,85.72,36.43,2657.25,no phase
2013-06-30 10:44:11.500,-10.75,0.25,63.75,-10.930625,5.159865,85.86,36.43,2657.5,no phase
2013-06-30 10:44:11.750,-11.25,0.75,63.875,10.616667,5.153461,86.01,36.43,2657.75,no phase
2013-06-30 10:44:12.000,-10.625,1.0,63.875,27.16625,5.139374,86.15,36.39,2658.0,no phase
2013-06-30 10:44:12.250,-11.0,-0.75,63.75,1.640625,5.122725,86.29,36.39,2658.25,no phase
2013-06-30 10:44:12.500,-12.625,-1.125,63.375,12.115333,5.13297,86.44,36.39,2658.5,no phase
2013-06-30 10:44:12.750,-9.75,-0.875,64.0,-15.821875,5.126567,86.58,36.39,2658.75,no phase
2013-06-30 10:44:13.000,-12.875,-1.5,63.0,-4.579375,5.143216,86.73,36.43,2659.0,no phase
2013-06-30 10:44:13.250,-11.625,-1.125,63.625,11.76,5.194445,86.88,36.43,2659.25,no phase
2013-06-30 10:44:13.500,-10.625,-1.75,63.875,8.48375,5.217497,87.04,36.43,2659.5,no phase
2013-06-30 10:44:13.750,-12.222,-1.556,63.444,87.267333,5.225182,87.19,36.43,2659.75,no phase
2013-06-30 10:44:14.000,-10.375,-1.0,63.875,-27.213125,5.220059,87.35,36.41,2660.0,no phase
2013-06-30 10:44:14.250,-10.625,-1.25,63.875,-138.8,5.23927,87.5,36.41,2660.25,no phase
2013-06-30 10:44:14.500,-10.625,-1.375,64.0,1.359333,5.250796,87.66,36.41,2660.5,no phase
2013-06-30 10:44:14.750,-10.0,-1.5,64.0,37.558125,5.243112,87.82,36.41,2660.75,no phase
2013-06-30 10:44:15.000,-9.875,-1.5,64.0,38.56,5.230305,87.98,36.41,2661.0,no phase
2013-06-30 10:44:15.250,-9.25,-1.375,64.0,6.96,5.214936,88.15,36.41,2661.25,no phase
2013-06-30 10:44:15.500,-8.875,-1.75,64.0,-33.88375,5.253357,88.32,36.41,2661.5,no phase
2013-06-30 10:44:15.750,-10.5,-1.875,63.875,38.780667,5.29434,88.5,36.41,2661.75,no phase
2013-06-30 10:44:16.000,-11.125,-1.875,64.0,46.241875,5.377587,88.68,36.43,2662.0,no phase
2013-06-30 10:44:16.250,-9.875,-1.75,63.875,-24.6675,5.424973,88.86,36.43,2662.25,no phase
2013-06-30 10:44:16.500,-9.25,-1.5,64.0,-84.674,5.449306,89.05,36.43,2662.5,no phase
2013-06-30 10:44:16.750,-10.0,-1.5,64.0,7.895,5.43778,89.23,36.43,2662.75,no phase
2013-06-30 10:44:17.000,-9.875,-1.75,64.0,14.79125,5.398078,89.42,36.41,2663.0,no phase
2013-06-30 10:44:17.250,-8.75,-1.875,64.125,-18.036667,5.349411,89.61,36.41,2663.25,no phase
2013-06-30 10:44:17.500,-9.125,-1.75,64.0,17.209375,5.300744,89.8,36.41,2663.5,no phase
2013-06-30 10:44:17.750,-7.444,-1.111,64.222,38.356667,5.270007,90.0,36.41,2663.75,no phase
2013-06-30 10:44:18.000,-6.0,-1.0,64.375,-1.089375,5.252077,90.2,36.43,2664.0,no phase
2013-06-30 10:44:18.250,-6.375,-1.0,64.0,-40.923125,5.230305,90.4,36.43,2664.25,no phase
2013-06-30 10:44:18.500,-7.625,-1.25,64.125,8.638,5.214936,90.61,36.43,2664.5,no phase
2013-06-30 10:44:18.750,-7.625,-1.625,64.0,1.451875,5.205971,90.8,36.43,2664.75,no phase
2013-06-30 10:44:19.000,-7.125,-1.25,64.25,26.363125,5.198287,90.98,36.43,2665.0,no phase
2013-06-30 10:44:19.250,-8.0,-1.75,64.0,4.404667,5.191883,91.14,36.43,2665.25,no phase
2013-06-30 10:44:19.500,-7.75,-1.25,64.0,-3.143125,5.193164,91.29,36.43,2665.5,no phase
2013-06-30 10:44:19.750,-7.25,-1.125,64.0,13.532,5.173953,91.43,36.43,2665.75,no phase
2013-06-30 10:44:20.000,-7.125,-1.0,64.0,1.55625,5.161146,91.57,36.47,2666.0,no phase
2013-06-30 10:44:20.250,-7.0,-1.0,64.0,-16.830625,5.175234,91.71,36.47,2666.25,no phase
2013-06-30 10:44:20.500,-7.5,-1.0,64.0,12.729333,5.198287,91.86,36.47,2666.5,no phase
2013-06-30 10:44:20.750,-7.625,-1.0,64.125,2.298125,5.212375,92.0,36.47,2666.75,no phase
2013-06-30 10:44:21.000,-7.875,-1.0,64.125,-19.886875,5.22262,92.13,36.47,2667.0,no phase
2013-06-30 10:44:21.250,-7.875,-1.0,64.0,5.129333,5.193164,92.25,36.47,2667.25,no phase
2013-06-30 10:44:21.500,-7.889,-1.0,64.0,7.62125,5.216217,92.37,36.47,2667.5,no phase
2013-06-30 10:44:21.750,-7.625,-1.0,64.0,-9.680667,5.232866,92.49,36.47,2667.75,no phase
2013-06-30 10:44:22.000,-7.5,-1.0,64.0,-11.06,5.212375,92.6,36.47,2668.0,no phase
2013-06-30 10:44:22.250,-7.375,-1.0,64.0,6.11625,5.18676,92.72,36.47,2668.25,no phase
2013-06-30 10:44:22.500,-7.75,-1.125,64.0,-7.342667,5.154742,92.83,36.47,2668.5,no phase
2013-06-30 10:44:22.750,-7.625,-1.0,64.0,-12.29125,5.147058,92.94,36.47,2668.75,no phase
2013-06-30 10:44:23.000,-9.125,-2.0,63.75,21.27375,5.129128,93.05,36.45,2669.0,no phase
2013-06-30 10:44:23.250,-9.5,-2.25,64.0,5.238,5.136812,93.15,36.45,2669.25,no phase
2013-06-30 10:44:23.500,-9.75,-1.875,64.0,-12.70125,5.13297,93.24,36.45,2669.5,no phase
2013-06-30 10:44:23.750,-9.125,-1.625,63.875,6.708,5.122725,93.33,36.45,2669.75,no phase
2013-06-30 10:44:24.000,-9.375,-1.625,64.0,-11.423125,5.11504,93.42,36.45,2670.0,no phase
2013-06-30 10:44:24.250,-9.5,-1.25,64.0,1.9875,5.111198,93.51,36.45,2670.25,no phase
2013-06-30 10:44:24.500,-9.0,-1.375,64.125,16.174667,5.108637,93.6,36.45,2670.5,no phase
2013-06-30 10:44:24.750,-12.125,-2.0,63.25,-17.1625,5.125286,93.68,36.45,2670.75,no phase
2013-06-30 10:44:25.000,-11.75,-1.875,63.75,1.478125,5.138093,93.77,36.43,2671.0,no phase
2013-06-30 10:44:25.250,-9.875,-2.125,64.0,-1.822667,5.139374,93.86,36.43,2671.25,no phase
2013-06-30 10:44:25.500,-10.111,-1.778,64.0,-30.855,5.179076,93.94,36.43,2671.5,no phase
2013-06-30 10:44:25.750,-10.0,-2.0,64.0,19.691333,5.209813,94.03,36.43,2671.75,no phase
2013-06-30 10:44:26.000,-9.625,-2.0,64.0,-1.094375,5.216217,94.13,36.45,2672.0,no phase
2013-06-30 10:44:26.250,-9.25,-1.75,64.0,5.501875,5.217497,94.23,36.45,2672.25,no phase
2013-06-30 10:44:26.500,-9.625,-1.625,64.0,16.713333,5.208532,94.34,36.45,2672.5,no phase
2013-06-30 10:44:26.750,-9.875,-2.0,64.0,-3.858125,5.18676,94.44,36.45,2672.75,no phase
2013-06-30 10:44:27.000,-9.875,-1.875,64.0,10.328125,5.148339,94.55,36.47,2673.0,no phase
2013-06-30 10:44:27.250,-10.875,-1.625,63.625,2.031333,5.11504,94.65,36.47,2673.25,no phase
2013-06-30 10:44:27.500,-8.75,-1.5,64.25,3.266875,5.108637,94.75,36.47,2673.5,no phase
2013-06-30 10:44:27.750,-10.0,-1.75,64.0,11.722667,5.103514,94.85,36.47,2673.75,no phase
2013-06-30 10:44:28.000,-10.25,-1.625,64.0,-27.929375,5.125286,94.95,36.45,2674.0,no phase
2013-06-30 10:44:28.250,-9.5,-1.125,64.125,21.83,5.159865,95.05,36.45,2674.25,no phase
2013-06-30 10:44:28.500,-9.375,-1.375,64.0,19.265333,5.237989,95.15,36.45,2674.5,no phase
2013-06-30 10:44:28.750,-9.25,-1.25,64.0,-18.813125,5.200848,95.25,36.45,2674.75,no phase
2013-06-30 10:44:29.000,-8.875,-1.125,64.0,22.268125,5.152181,95.35,36.45,2675.0,no phase
2013-06-30 10:44:29.250,-8.667,-1.222,64.111,15.611333,5.182918,95.44,36.45,2675.25,no phase
2013-06-30 10:44:29.500,-8.5,-0.875,64.5,12.965625,5.166269,95.54,36.45,2675.5,no phase
2013-06-30 10:44:29.750,-9.5,-1.5,64.0,8.358667,5.161146,95.63,36.45,2675.75,no phase
2013-06-30 10:44:30.000,-9.5,-1.125,64.0,-42.86875,5.177795,95.73,36.41,2676.0,no phase
2013-06-30 10:44:30.250,-9.0,-1.375,64.0,-16.825,5.266164,95.84,36.41,2676.25,no phase
2013-06-30 10:44:30.500,-10.75,-1.625,63.75,-0.954667,5.453149,95.95,36.41,2676.5,no phase
2013-06-30 10:44:30.750,-12.125,-1.5,63.625,13.31,5.554325,96.06,36.41,2676.75,no phase
2013-06-30 10:44:31.000,-11.5,-1.875,64.0,-41.92125,5.528711,96.17,36.41,2677.0,no phase
2013-06-30 10:44:31.250,-12.875,-1.875,63.375,-0.922,5.531272,96.27,36.41,2677.25,no phase
2013-06-30 10:44:31.500,-11.25,-1.625,63.75,1.313125,5.529992,96.37,36.41,2677.5,no phase
2013-06-30 10:44:31.750,-12.5,-1.375,63.5,-7.075333,5.477482,96.47,36.41,2677.75,no phase
2013-06-30 10:44:32.000,-10.375,-1.25,64.0,10.604375,5.456991,96.57,36.43,2678.0,no phase
2013-06-30 10:44:32.250,-11.75,-1.625,63.625,14.58125,5.465956,96.68,36.43,2678.25,no phase
2013-06-30 10:44:32.500,-11.125,-1.0,64.0,-31.674,5.428815,96.8,36.43,2678.5,no phase
2013-06-30 10:44:32.750,-10.375,-1.0,64.0,5.805625,5.45443,96.92,36.43,2678.75,no phase
2013-06-30 10:44:33.000,-12.75,-1.75,63.375,-1.435,5.497974,97.02,36.45,2679.0,no phase
2013-06-30 10:44:33.250,-12.889,-1.444,63.556,-18.214,5.441622,97.11,36.45,2679.25,no phase
2013-06-30 10:44:33.500,-13.375,-1.125,63.75,2.395625,5.465956,97.19,36.45,2679.5,no phase
2013-06-30 10:44:33.750,-10.625,-1.5,63.875,-0.759333,5.485167,97.26,36.45,2679.75,no phase
2013-06-30 10:44:34.000,-12.75,-1.875,63.5,17.28625,5.474921,97.33,36.43,2680.0,no phase
2013-06-30 10:44:34.250,-13.375,-2.0,63.125,24.089375,5.413446,97.4,36.43,2680.25,no phase
2013-06-30 10:44:34.500,-13.125,-2.125,63.375,-23.726667,5.424973,97.48,36.43,2680.5,no phase
2013-06-30 10:44:34.750,-15.125,-2.625,62.625,19.66375,5.460833,97.56,36.43,2680.75,no phase
2013-06-30 10:44:35.000,-15.125,-1.625,62.75,-14.223125,5.422411,97.65,36.47,2681.0,no phase
2013-06-30 10:44:35.250,-10.625,-2.625,63.5,17.871333,5.375025,97.74,36.47,2681.25,no phase
2013-06-30 10:44:35.500,-14.75,-2.75,62.625,5.81875,5.385271,97.83,36.47,2681.5,no phase
2013-06-30 10:44:35.750,-13.375,-2.5,63.125,-19.898667,5.387832,97.93,36.47,2681.75,no phase
2013-06-30 10:44:36.000,-15.875,-3.0,62.5,6.70875,5.346849,98.03,36.43,2682.0,no phase
2013-06-30 10:44:36.250,-15.625,-1.75,63.875,-0.993125,5.367341,98.13,36.43,2682.25,no phase
2013-06-30 10:44:36.500,-16.125,-2.5,62.375,4.212,5.360937,98.23,36.43,2682.5,no phase
2013-06-30 10:44:36.750,-16.25,-2.375,62.375,18.265,5.375025,98.33,36.43,2682.75,no phase
2013-06-30 10:44:37.000,-16.333,-2.0,62.333,-10.601875,5.431376,98.42,36.43,2683.0,no phase
2013-06-30 10:44:37.250,-11.125,-3.875,63.625,2.326667,5.458272,98.51,36.43,2683.25,no phase
2013-06-30 10:44:37.500,-12.0,-4.0,63.5,-9.314375,5.463395,98.6,36.43,2683.5,no phase
2013-06-30 10:44:37.750,-12.125,-4.125,63.375,2.100667,5.49029,98.69,36.43,2683.75,no phase
2013-06-30 10:44:38.000,-11.875,-4.0,63.75,4.920625,5.513342,98.78,36.45,2684.0,no phase
2013-06-30 10:44:38.250,-10.875,-4.375,63.75,-1.423125,5.541518,98.87,36.45,2684.25,no phase
2013-06-30 10:44:38.500,-10.125,-4.875,64.0,22.811333,5.554325,98.96,36.45,2684.5,no phase
2013-06-30 10:44:38.750,-8.5,-4.0,64.125,-10.4425,5.56329,99.05,36.45,2684.75,no phase
2013-06-30 10:44:39.000,-6.25,-3.75,64.125,-12.748125,5.596589,99.12,36.41,2685.0,no phase
2013-06-30 10:44:39.250,-6.0,-3.875,64.0,-0.700667,5.642694,99.18,36.41,2685.25,no phase
2013-06-30 10:44:39.500,-5.75,-3.375,64.125,-26.46,5.683677,99.23,36.41,2685.5,no phase
2013-06-30 10:44:39.750,-5.75,-3.5,64.125,22.165333,5.738748,99.28,36.41,2685.75,no phase
2013-06-30 10:44:40.000,-5.5,-3.5,64.0,8.03375,5.811749,99.33,36.41,2686.0,no phase
2013-06-30 10:44:40.250,-5.25,-3.75,64.125,11.274375,5.843767,99.38,36.41,2686.25,no phase
2013-06-30 10:44:40.500,-5.125,-3.5,64.25,9.596667,5.825837,99.44,36.41,2686.5,no phase
2013-06-30 10:44:40.750,-5.5,-3.375,64.125,-18.471875,5.83224,99.5,36.41,2686.75,no phase
2013-06-30 10:44:41.000,-5.222,-3.222,64.111,-1.73625,5.852732,99.57,36.43,2687.0,no phase
2013-06-30 10:44:41.250,-5.5,-3.375,64.125,35.292,5.83224,99.64,36.43,2687.25,no phase
2013-06-30 10:44:41.500,-5.25,-3.375,64.375,-32.943125,5.873223,99.71,36.43,2687.5,no phase
2013-06-30 10:44:41.750,-5.625,-3.375,64.0,24.115333,5.946224,99.77,36.43,2687.75,no phase
2013-06-30 10:44:42.000,-6.25,-3.625,64.125,-41.273125,6.028817,99.83,36.43,2688.0,no phase
2013-06-30 10:44:42.250,-7.125,-3.625,64.0,-8.47,6.059554,99.87,36.43,2688.25,no phase
2013-06-30 10:44:42.500,-7.0,-3.625,64.125,20.740667,6.049308,99.91,36.43,2688.5,no phase
2013-06-30 10:44:42.750,-7.125,-4.125,64.25,-1.404375,6.023694,99.95,36.43,2688.75,no phase
2013-06-30 10:44:43.000,-5.75,-3.375,63.875,-0.339375,5.991676,99.98,36.43,2689.0,no phase
2013-06-30 10:44:43.250,-5.5,-3.875,64.0,25.356667,5.949412,100.02,36.43,2689.25,no phase
2013-06-30 10:44:43.500,-5.375,-4.0,64.125,0.32375,5.904588,100.06,36.43,2689.5,no phase
2013-06-30 10:44:43.750,-5.125,-3.875,64.25,-5.058667,5.870008,100.1,36.43,2689.75,no phase
2013-06-30 10:44:44.000,-4.75,-3.625,64.25,3.14375,5.841833,100.13,36.41,2690.0,no phase
2013-06-30 10:44:44.250,-4.625,-3.875,64.25,-2.32125,5.829025,100.15,36.41,2690.25,no phase
2013-06-30 10:44:44.500,-4.625,-3.75,64.125,24.742,5.813657,100.16,36.41,2690.5,no phase
2013-06-30 10:44:44.750,-4.444,-3.667,64.111,-12.0825,5.812376,100.17,36.41,2690.75,no phase
2013-06-30 10:44:45.000,-4.625,-3.625,64.25,-10.728125,5.807253,100.18,36.39,2691.0,no phase
2013-06-30 10:44:45.250,-4.25,-3.625,64.25,-14.865333,5.80085,100.19,36.39,2691.25,no phase
2013-06-30 10:44:45.500,-4.5,-3.875,64.125,-22.213125,5.793165,100.2,36.39,2691.5,no phase
2013-06-30 10:44:45.750,-4.5,-3.875,64.25,2.578,5.773955,100.21,36.39,2691.75,no phase
2013-06-30 10:44:46.000,-4.375,-3.75,64.125,30.298125,5.780358,100.23,36.39,2692.0,no phase
2013-06-30 10:44:46.250,-4.5,-3.75,64.125,-20.308125,5.766271,100.25,36.39,2692.25,no phase
2013-06-30 10:44:46.500,-4.125,-4.0,64.25,2.299333,5.62283,100.27,36.39,2692.5,no phase
2013-06-30 10:44:46.750,-4.625,-3.875,64.5,7.78375,5.607462,100.3,36.39,2692.75,no phase
2013-06-30 10:44:47.000,-4.0,-3.625,64.25,-6.825625,5.616427,100.32,36.37,2693.0,no phase
2013-06-30 10:44:47.250,-4.75,-3.875,64.125,-9.379333,5.665094,100.34,36.37,2693.25,no phase
2013-06-30 10:44:47.500,-4.125,-3.875,64.125,31.560625,5.703516,100.36,36.37,2693.5,no phase
2013-06-30 10:44:47.750,-4.5,-3.625,64.25,38.086,5.717603,100.38,36.37,2693.75,no phase
2013-06-30 10:44:48.000,-3.0,-3.75,64.375,-51.2525,5.72913,100.4,36.37,2694.0,no phase
2013-06-30 10:44:48.250,-3.0,-3.625,64.625,-8.625625,5.758586,100.42,36.37,2694.25,no phase
2013-06-30 10:44:48.500,-3.5,-3.5,64.125,11.02,5.772674,100.44,36.37,2694.5,no phase
2013-06-30 10:44:48.750,-3.0,-3.667,64.333,-10.408125,5.748341,100.46,36.37,2694.75,no phase
2013-06-30 10:44:49.000,-3.0,-3.5,64.5,2.2375,5.734252,100.47,36.37,2695.0,no phase
2013-06-30 10:44:49.250,-3.0,-3.75,64.375,-15.626667,5.743217,100.48,36.37,2695.25,no phase
2013-06-30 10:44:49.500,-3.0,-3.75,64.25,12.418125,5.789323,100.48,36.37,2695.5,no phase
2013-06-30 10:44:49.750,-3.0,-3.625,64.5,6.253333,5.870008,100.48,36.37,2695.75,no phase
2013-06-30 10:44:50.000,-3.0,-3.125,64.25,-8.42,5.94557,100.48,36.37,2696.0,no phase
2013-06-30 10:44:50.250,-2.875,-3.625,65.375,-7.264375,5.985272,100.48,36.37,2696.25,no phase
2013-06-30 10:44:50.500,-4.0,-2.875,66.5,1.402,6.010887,100.48,36.37,2696.5,no phase
2013-06-30 10:44:50.750,-1.625,6.375,60.875,24.75125,6.059554,100.48,36.37,2696.75,no phase
2013-06-30 10:44:51.000,-3.0,5.5,64.25,15.389375,6.128713,100.48,36.34,2697.0,no phase
2013-06-30 10:44:51.250,0.25,6.5,64.875,-27.425333,6.224766,100.48,36.34,2697.25,no phase
2013-06-30 10:44:51.500,0.625,9.875,63.75,20.020625,6.310574,100.48,36.34,2697.5,no phase
2013-06-30 10:44:51.750,1.125,11.375,64.125,-9.526667,6.370768,100.48,36.34,2697.75,no phase
2013-06-30 10:44:52.000,0.0,9.375,63.125,2.750625,6.336188,100.48,36.34,2698.0,no phase
2013-06-30 10:44:52.250,-1.0,9.0,64.125,13.22125,6.288802,100.48,36.34,2698.25,no phase
2013-06-30 10:44:52.500,1.333,9.778,63.444,-23.14,6.223485,100.48,36.34,2698.5,no phase
2013-06-30 10:44:52.750,0.875,10.375,63.75,-1.999375,6.170976,100.47,36.34,2698.75,no phase
2013-06-30 10:44:53.000,0.75,11.25,63.125,-0.061875,6.105659,100.47,36.33,2699.0,no phase
2013-06-30 10:44:53.250,-0.125,10.875,63.75,-10.165333,6.041624,100.46,36.33,2699.25,no phase
2013-06-30 10:44:53.500,-2.125,11.375,63.5,2.744375,5.991676,100.45,36.33,2699.5,no phase
2013-06-30 10:44:53.750,-0.875,11.75,63.75,1.261333,5.940447,100.44,36.33,2699.75,no phase
2013-06-30 10:44:54.000,-0.375,11.625,63.625,12.425,5.923798,100.42,36.34,2700.0,no phase
2013-06-30 10:44:54.250,0.5,11.25,63.5,-3.274286,5.895623,,36.34,2700.25,no phase
